部件ID,对象类型,对象句柄,起点X,起点Y,终点X,终点Y,圆心X,圆心Y,半径,起始角度(°),总角度(°)
A2,CIRCLE,3C692,,,,,17.998409,76.343414,2.5,,
A2,CIRCLE,3C691,,,,,17.998409,66.151498,2.5,,
A2,ARC,3C690,31.498409,45.767665,35.498409,49.767665,31.498409,49.767665,4,269.999999,90
A2,LINE,3C68F,17.848409,45.767665,4.498409,45.767665,,,,,
A2,LINE,3C68E,31.498409,45.767665,18.148409,45.767665,,,,,
A2,ARC,3C68D,0.498409,49.767665,4.498409,45.767665,4.498409,49.767665,4,180.000001,90
A2,LINE,3C68C,0.498409,66.326498,0.498409,82.53533,,,,,
A2,LINE,3C68B,0.498409,49.767665,0.498409,65.976498,,,,,
A2,ARC,3C68A,4.498409,86.53533,0.498409,82.53533,4.498409,82.53533,4,89.999999,90
A2,LINE,3C689,18.148409,86.53533,31.498409,86.53533,,,,,
A2,LINE,3C688,4.498409,86.53533,17.848409,86.53533,,,,,
A2,ARC,3C687,35.498409,82.53533,31.498409,86.53533,31.498409,82.53533,4,0.000001,90
A2,LINE,3C686,35.498409,65.976498,35.498409,49.767665,,,,,
A2,LINE,3C685,35.498409,82.53533,35.498409,66.326498,,,,,
A2,ARC,3C684,7.698409,50.653736,8.998409,51.953736,7.698409,51.953736,1.3,270,90
A2,LINE,3C683,7.298409,50.653736,7.698409,50.653736,,,,,
A2,ARC,3C682,8.998409,54.351523,7.698409,55.651523,7.698409,54.351523,1.3,0,90
A2,LINE,3C681,8.998409,51.953736,8.998409,54.351523,,,,,
A2,ARC,3C680,7.298409,55.651523,5.998409,54.351523,7.298409,54.351523,1.3,90,90
A2,LINE,3C67F,7.698409,55.651523,7.298409,55.651523,,,,,
A2,ARC,3C67E,5.998409,51.953736,7.298409,50.653736,7.298409,51.953736,1.3,180,90
A2,LINE,3C67D,5.998409,54.351523,5.998409,51.953736,,,,,
A2,ARC,3C67C,28.298409,55.651523,26.998409,54.351523,28.298409,54.351523,1.3,90,90
A2,LINE,3C67B,28.698409,55.651523,28.298409,55.651523,,,,,
A2,LINE,3C67A,26.998409,54.351523,26.998409,51.953736,,,,,
A2,ARC,3C679,28.698409,50.653736,29.998409,51.953736,28.698409,51.953736,1.3,270,90
A2,ARC,3C678,26.998409,51.953736,28.298409,50.653736,28.298409,51.953736,1.3,180,90
A2,LINE,3C677,28.298409,50.653736,28.698409,50.653736,,,,,
A2,ARC,3C676,29.998409,54.351523,28.698409,55.651523,28.698409,54.351523,1.3,0,90
A2,LINE,3C675,29.998409,51.953736,29.998409,54.351523,,,,,
A2,ARC,3C674,7.698409,78.651547,8.998409,79.951547,7.698409,79.951547,1.3,270,90
A2,LINE,3C673,7.298409,78.651547,7.698409,78.651547,,,,,
A2,ARC,3C672,8.998409,80.348012,7.698409,81.648012,7.698409,80.348012,1.3,0,90
A2,LINE,3C671,8.998409,79.951547,8.998409,80.348012,,,,,
A2,ARC,3C670,7.298409,81.648012,5.998409,80.348012,7.298409,80.348012,1.3,90,90
A2,LINE,3C66F,7.698409,81.648012,7.298409,81.648012,,,,,
A2,ARC,3C66E,5.998409,79.951547,7.298409,78.651547,7.298409,79.951547,1.3,180,90
A2,LINE,3C66D,5.998409,80.348012,5.998409,79.951547,,,,,
A2,ARC,3C66C,28.298409,81.648012,26.998409,80.348012,28.298409,80.348012,1.3,90,90
A2,LINE,3C66B,28.698409,81.648012,28.298409,81.648012,,,,,
A2,ARC,3C66A,26.998409,79.951547,28.298409,78.651547,28.298409,79.951547,1.3,180,90
A2,LINE,3C669,26.998409,80.348012,26.998409,79.951547,,,,,
A2,ARC,3C668,28.698409,78.651547,29.998409,79.951547,28.698409,79.951547,1.3,270,90
A2,LINE,3C667,28.298409,78.651547,28.698409,78.651547,,,,,
A2,ARC,3C666,29.998409,80.348012,28.698409,81.648012,28.698409,80.348012,1.3,0,90
A2,LINE,3C665,29.998409,79.951547,29.998409,80.348012,,,,,
A3,CIRCLE,3C664,,,,,58.109765,86.026846,1,,
A3,ARC,3C663,68.609777,85.526846,69.609777,84.526846,69.609777,85.526846,1,180,90
A3,ARC,3C662,69.609777,87.526846,68.609777,86.526846,69.609777,86.526846,1,90,90
A3,ARC,3C661,73.606242,86.526846,72.606242,87.526846,72.606242,86.526846,1,360,90
A3,ARC,3C660,72.606242,84.526846,73.606242,85.526846,72.606242,85.526846,1,270,90
A3,ARC,3C65F,73.606242,65.526846,72.606242,66.526846,72.606242,65.526846,1,360,90
A3,ARC,3C65E,72.606242,63.526846,73.606242,64.526846,72.606242,64.526846,1,270,90
A3,ARC,3C65D,68.609777,64.526846,69.609777,63.526846,69.609777,64.526846,1,180,90
A3,ARC,3C65C,69.609777,66.526846,68.609777,65.526846,69.609777,65.526846,1,90,90
A3,CIRCLE,3C65B,,,,,58.109727,75.526846,2.5,,
A3,CIRCLE,3C65A,,,,,48.10848,75.526846,2.5,,
A3,LINE,3C659,68.609777,64.526846,68.609777,65.526846,,,,,
A3,LINE,3C658,69.609777,66.526846,72.606242,66.526846,,,,,
A3,LINE,3C657,73.606242,65.526846,73.606242,64.526846,,,,,
A3,LINE,3C656,72.606242,63.526846,69.609777,63.526846,,,,,
A3,LINE,3C655,73.606242,86.526846,73.606242,85.526846,,,,,
A3,LINE,3C654,72.606242,84.526846,69.609777,84.526846,,,,,
A3,LINE,3C653,68.609777,85.526846,68.609777,86.526846,,,,,
A3,LINE,3C652,69.609777,87.526846,72.606242,87.526846,,,,,
A3,ARC,3C651,45.609753,86.226846,44.309753,87.526846,44.309753,86.226846,1.3,360,90
A3,LINE,3C650,45.609753,86.226846,45.609753,85.826846,,,,,
A3,ARC,3C64F,44.309753,84.526846,45.609753,85.826846,44.309753,85.826846,1.3,270,90
A3,LINE,3C64E,44.309753,84.526846,43.911966,84.526846,,,,,
A3,ARC,3C64D,42.611966,85.826846,43.911966,84.526846,43.911966,85.826846,1.3,180,90
A3,LINE,3C64C,42.611966,85.826846,42.611966,86.226846,,,,,
A3,ARC,3C64B,43.911966,87.526846,42.611966,86.226846,43.911966,86.226846,1.3,90,90
A3,LINE,3C64A,43.911966,87.526846,44.309753,87.526846,,,,,
A3,ARC,3C649,43.911966,66.526846,42.611966,65.226846,43.911966,65.226846,1.3,90,90
A3,LINE,3C648,42.611966,64.826846,42.611966,65.226846,,,,,
A3,LINE,3C647,43.911966,66.526846,44.309753,66.526846,,,,,
A3,ARC,3C646,45.609753,65.226846,44.309753,66.526846,44.309753,65.226846,1.3,360,90
A3,LINE,3C645,45.609753,65.226846,45.609753,64.826846,,,,,
A3,ARC,3C644,44.309753,63.526846,45.609753,64.826846,44.309753,64.826846,1.3,270,90
A3,ARC,3C643,42.611966,64.826846,43.911966,63.526846,43.911966,64.826846,1.3,180,90
A3,LINE,3C642,44.309753,63.526846,43.911966,63.526846,,,,,
A3,ARC,3C641,41.725895,93.026846,37.725895,89.026846,41.725895,89.026846,4,90.000001,90
A3,LINE,3C640,37.725895,75.351846,37.725895,62.026846,,,,,
A3,LINE,3C63F,37.725895,89.026846,37.725895,75.701846,,,,,
A3,ARC,3C63E,37.725895,62.026846,41.725895,58.026846,41.725895,62.026846,4,179.999999,90
A3,LINE,3C63D,58.259727,58.026846,74.49356,58.026846,,,,,
A3,LINE,3C63C,41.725895,58.026846,57.959727,58.026846,,,,,
A3,ARC,3C63B,74.49356,58.026846,78.49356,62.026846,74.49356,62.026846,4,270.000001,90
A3,LINE,3C63A,78.49356,75.701846,78.49356,89.026846,,,,,
A3,LINE,3C639,78.49356,62.026846,78.49356,75.351846,,,,,
A3,ARC,3C638,78.49356,89.026846,74.49356,93.026846,74.49356,89.026846,4,359.999999,90
A3,LINE,3C637,57.959727,93.026846,41.725895,93.026846,,,,,
A3,LINE,3C636,74.49356,93.026846,58.259727,93.026846,,,,,
A4,ARC,3CDA1,6.564508,152.603107,7.645452,152.144483,9.31812,157.590012,5.696631,241.093903,11.831046
A4,ARC,3CDA0,7.645452,152.144483,10.699974,152.237052,9.041106,156.533418,4.605497,252.359658,38.752393
A4,ARC,3CD9F,10.699974,152.237052,12.100949,153.006212,8.53094,157.848281,6.015862,291.134127,15.266847
A4,ARC,3CD9E,12.100949,153.006212,13.402923,154.182289,6.894584,160.078622,8.782097,306.358694,11.465805
A4,ARC,3CD9D,13.402923,154.182289,14.965693,156.286157,3.18545,163.404263,13.763777,317.931573,10.926333
A4,ARC,3CD9C,14.965693,156.286157,16.60378,159.589544,-3.931314,167.714667,22.084106,328.835338,9.577437
A4,ARC,3CD9B,16.60378,159.589544,18.513794,166.634107,-13.908851,171.643741,32.807382,338.443205,12.77346
A4,ARC,3CD9A,18.559425,166.930616,18.744609,168.378967,-15.283485,171.993731,34.219551,351.491293,2.444986
A4,ARC,3CD99,18.744609,168.378967,18.920729,171.933516,-11.580425,171.663147,30.502352,353.818998,6.688873
A4,ARC,3CD98,18.920729,171.933516,18.705443,174.93288,-4.391279,171.767651,23.312598,0.407654,7.395687
A4,ARC,3CD97,18.705443,174.93288,18.109,177.606111,3.000251,172.831941,15.845094,7.619423,9.91644
A4,ARC,3CD96,18.109,177.606111,17.364897,179.375299,8.212192,174.484686,10.377384,17.505124,10.612042
A4,ARC,3CD95,17.364897,179.375299,16.362181,180.805212,11.122754,176.064572,7.065781,27.940727,14.198107
A4,ARC,3CD94,16.362181,180.805212,14.673233,182.045173,12.543977,177.374681,5.132955,41.93865,23.553314
A4,ARC,3CD93,14.673233,182.045173,12.510438,182.489577,12.557869,177.235344,5.254448,66.26009,24.257111
A4,ARC,3CD92,12.510438,182.489577,11.697954,182.43812,12.482781,176.486184,6.003457,89.73604,7.775692
A4,ARC,3CD91,11.697954,182.43812,10.093035,181.948588,12.345699,177.438895,5.041014,97.382632,19.160232
A4,ARC,3CD90,68.231159,181.948587,66.85834,182.402082,65.989624,177.46766,5.010308,63.423984,16.591274
A4,ARC,3CD8F,66.85834,182.402082,65.813755,182.489576,65.842852,176.557638,5.932009,80.143104,10.137932
A4,ARC,3CD8E,65.813755,182.489576,65.290849,182.466333,65.815896,176.547956,5.941621,90.02064,5.049059
A4,ARC,3CD8D,65.290849,182.466333,62.29772,181.142748,65.68468,177.529635,4.952383,94.561176,38.588396
A4,ARC,3CD8C,62.29772,181.142748,61.086423,179.601793,66.830544,176.333078,6.609041,133.302648,17.05514
A4,ARC,3CD8B,61.086423,179.601793,60.306125,177.877269,69.763874,174.636704,9.997513,150.222551,10.864146
A4,ARC,3CD8A,60.306125,177.877269,59.665723,175.248425,74.82313,172.948411,15.330918,161.246467,10.125186
A4,ARC,3CD89,59.665723,175.248425,59.404762,171.235982,83.215797,171.702072,23.815596,171.436303,9.685094
A4,ARC,3CD88,59.404762,171.235982,59.764768,166.930615,91.80207,171.777244,32.401829,180.957153,7.64537
A4,ARC,3CD87,59.810399,166.634106,60.694329,162.608599,93.890874,172.007769,34.501522,188.960382,6.848399
A4,ARC,3CD86,60.694329,162.608599,61.867142,159.232167,89.022278,170.556482,29.421786,195.672359,6.964898
A4,ARC,3CD85,61.867142,159.232167,63.3585,156.286156,81.698869,167.421085,21.455903,202.436713,8.826347
A4,ARC,3CD84,63.3585,156.286156,64.714679,154.413913,75.379574,163.566444,14.053783,211.200236,9.435704
A4,ARC,3CD83,64.714679,154.413913,66.223244,153.006211,71.552116,160.229079,8.975896,220.380804,13.200116
A4,ARC,3CD82,66.223244,153.006211,67.624219,152.237051,69.793252,157.848279,6.015862,233.599024,15.266847
A4,ARC,3CD81,67.624219,152.237051,70.412937,152.070454,69.279043,156.513741,4.585686,248.846531,35.469386
A4,ARC,3CD80,70.412937,152.070454,71.759685,152.603105,68.960163,157.712494,5.826077,284.439476,14.27961
A4,LINE,3C62D,67.129196,124.647915,71.129196,124.647915,,,,,
A4,LINE,3C62C,71.129196,124.647915,71.129196,128.647915,,,,,
A4,LINE,3C62B,71.129196,128.647915,67.129196,128.647915,,,,,
A4,LINE,3C62A,67.129196,128.647915,67.129196,124.647915,,,,,
A4,LINE,3C629,11.623918,125.1952,11.623917,122.1952,,,,,
A4,LINE,3C628,11.623917,122.1952,15.623917,122.195199,,,,,
A4,LINE,3C627,15.623917,122.195199,15.623918,125.195199,,,,,
A4,LINE,3C626,15.623918,125.195199,11.623918,125.1952,,,,,
A4,LINE,3C625,52.330566,148.796332,58.330549,148.796332,,,,,
A4,LINE,3C624,58.330549,148.796332,58.330566,151.65263,,,,,
A4,LINE,3C623,58.330566,151.65263,52.330566,151.652629,,,,,
A4,LINE,3C622,52.330566,151.652629,52.330566,148.796332,,,,,
A4,LINE,3C621,13.426993,148.796332,17.427011,148.796332,,,,,
A4,LINE,3C620,17.427011,148.796332,17.426993,151.652627,,,,,
A4,LINE,3C61F,17.426993,151.652627,13.426993,151.652627,,,,,
A4,LINE,3C61E,13.426993,151.652627,13.426993,148.796332,,,,,
A4,ARC,3CD7F,68.720551,213.245665,45.358772,229.076378,45.878655,204.690445,24.391474,20.532972,70.688331
A4,LINE,3CD7E,68.720551,213.245665,68.720551,213.245665,,,,,
A4,ARC,3CD7D,28.244918,95.784655,31.347475,95.380308,38.57146,162.915085,67.920042,261.254852,2.639612
A4,ARC,3CD7C,21.488192,97.245996,28.244918,95.784655,36.27574,149.267384,54.082311,254.131722,7.328699
A4,ARC,3CD7B,13.441946,100.54335,21.488192,97.245996,31.500155,133.14327,37.267328,241.016433,13.399464
A4,ARC,3CD7A,10.252569,102.628029,13.138109,100.717081,27.091759,124.921215,27.938225,232.934372,7.102239
A4,ARC,3CD79,1.571409,114.925569,10.252569,102.628029,24.9107,122.188494,24.443253,197.285555,35.867457
A4,ARC,3CD78,78.321484,124.852173,78.333795,125.970254,32.500568,125.91579,45.833259,358.670262,1.397824
A4,ARC,3CD77,78.069486,121.135543,78.321484,124.852173,37.773742,125.734562,40.557342,353.488913,5.264428
A4,ARC,3CD76,77.504113,117.716772,78.069486,121.135543,44.040335,125.006918,34.24866,347.710031,5.799538
A4,CIRCLE,3C618,,,,,39.162097,166.771438,8.7495,,
A4,ARC,3C617,40.262096,97.76379,41.162096,98.66379,40.262096,98.66379,0.9,270,90.000001
A4,ARC,3C616,41.162096,98.86379,40.262096,99.76379,40.262096,98.86379,0.9,0.000001,89.999999
A4,ARC,3C615,38.062096,99.76379,37.162096,98.86379,38.062096,98.86379,0.9,90,90
A4,ARC,3C614,37.162096,98.66379,38.062096,97.76379,38.062096,98.66379,0.9,180,90
A4,ARC,3C613,31.948717,224.649754,32.848717,225.549754,31.948717,225.549754,0.9,270.000001,90
A4,ARC,3C612,32.848717,225.749754,31.948717,226.649754,31.948717,225.749754,0.9,0.000001,90
A4,ARC,3C611,30.748717,226.649754,29.848717,225.749754,30.748717,225.749754,0.9,90.000001,90.000001
A4,ARC,3C610,29.848717,225.549754,30.748717,224.649754,30.748717,225.549754,0.9,180.000002,89.999999
A4,ARC,3C60F,47.575476,224.649754,48.475476,225.549754,47.575476,225.549754,0.9,269.999999,90
A4,ARC,3C60E,48.475476,225.749754,47.575476,226.649754,47.575476,225.749754,0.9,359.999999,90
A4,ARC,3C60D,46.375476,226.649754,45.475476,225.749754,46.375476,225.749754,0.9,89.999999,90
A4,ARC,3C60C,45.475476,225.549754,46.375476,224.649754,46.375476,225.549754,0.9,179.999999,90
A4,ARC,3C60B,9.296768,212.344813,8.57261,199.838189,32.427027,204.731247,24.351083,161.780502,29.811316
A4,ARC,3C60A,32.965424,229.076378,9.408584,212.676468,32.427027,204.731247,24.351083,88.733101,72.223882
A4,ARC,3C609,8.57261,199.838189,9.144911,197.170974,77.251003,213.179421,69.962205,190.993171,2.234183
A4,ARC,3C608,10.281756,191.740044,9.144911,197.170974,-66.555075,178.490402,77.970838,9.783792,4.078202
A4,ARC,3C607,10.515508,187.790375,10.281756,191.740044,-7.950677,188.679248,18.487566,357.244185,12.285567
A4,ARC,3C606,8.653792,184.599277,10.515508,187.790375,6.520134,187.982693,4,302.236445,55.007739
A4,ARC,3C605,8.653792,184.599277,8.479323,183.941055,8.920499,184.17635,0.5,122.236445,85.836145
A4,LINE,3C604,8.479323,183.941055,9.428635,182.16108,,,,,
A4,ARC,3C603,9.428635,182.16108,10.093035,181.948588,9.869972,182.396073,0.5,208.033441,88.461942
A4,ARC,3C602,6.564508,152.603107,5.929438,152.4671,6.32659,152.16334,0.5,61.586161,81.003363
A4,LINE,3C601,5.929438,152.4671,5.194374,151.506041,,,,,
A4,LINE,3C600,5.194374,151.506041,6.87411,150.410145,,,,,
A4,LINE,3C5FF,6.87411,150.410145,5.659068,148.821538,,,,,
A4,LINE,3C5FE,5.659068,148.821538,4.161589,150.155725,,,,,
A4,LINE,3C5FD,4.161589,150.155725,3.463391,149.242866,,,,,
A4,ARC,3C5FC,3.463391,149.242866,3.541969,148.553734,3.860542,148.939106,0.5,142.589524,87.831144
A4,ARC,3CD75,3.72352,140.61055,4.066921,141.318319,-59.199696,171.577343,70.130403,333.796531,0.64271
A4,ARC,3CD74,4.066921,141.318319,4.262332,141.733787,-17.556669,151.74241,24.005027,334.262664,1.095877
A4,ARC,3CD73,4.262332,141.733787,4.652162,142.664019,-8.693213,147.709839,14.267422,335.237366,4.051279
A4,ARC,3CD72,4.652162,142.664019,4.905544,143.429777,-4.437996,146.096665,9.716688,339.312346,4.757535
A4,ARC,3CD71,4.905544,143.429777,5.110732,144.373158,-2.09871,145.447226,7.289011,343.931911,7.594447
A4,ARC,3CD70,5.110732,144.373158,5.151577,145.625802,-0.079594,145.169387,5.251044,351.27845,13.707922
A4,ARC,3CD6F,5.151577,145.625802,4.380842,147.674096,1.127851,145.280903,4.038481,4.899211,31.442337
A4,ARC,3CD6E,4.380842,147.674096,3.541969,148.553734,0.424906,144.741308,4.924498,36.551901,14.178453
A4,ARC,3CD6D,75.03803,139.743902,74.600672,140.610548,37.586641,121.387552,41.708057,26.111231,1.333583
A4,ARC,3CD6C,76.188969,137.158827,75.03803,139.743902,41.893026,123.438178,36.938704,21.804681,4.390254
A4,ARC,3CD6B,77.344131,133.692113,76.188969,137.158827,47.555424,125.691877,30.8443,15.032973,6.791776
A4,ARC,3CD6A,77.689115,132.209016,77.344131,133.692113,44.230832,125.207929,34.182919,11.818519,2.552475
A4,ARC,3CD69,78.333795,125.970254,77.689115,132.209016,48.374241,126.027089,29.959607,359.891307,12.016766
A4,ARC,3CD68,76.009713,112.897935,77.438538,117.424027,49.946557,123.614292,28.180284,337.649064,9.661489
A4,ARC,3CD67,72.172886,106.516681,76.009713,112.897935,53.450533,122.117883,24.370557,320.195798,17.574342
A4,ARC,3CD66,66.292933,101.390998,72.172886,106.516681,52.619827,123.011624,25.581347,302.309682,17.539369
A4,ARC,3CD65,65.750383,101.05234,65.996952,101.204199,50.389872,126.268752,29.526475,301.347575,0.561931
A4,ARC,3CD64,57.227067,97.360366,65.750383,101.05234,47.21831,132.151131,36.201831,286.049697,14.74143
A4,ARC,3CD63,46.976716,95.380308,57.227067,97.360366,41.179498,152.913301,57.82433,275.753895,10.358518
A4,ARC,3CD62,39.312095,95.026396,46.976716,95.380308,39.203512,180.550768,85.524441,270.072744,5.141991
A4,LINE,3CD61,39.312095,95.026396,39.312095,95.026396,,,,,
A4,ARC,3CD60,31.347475,95.380308,39.012095,95.026396,39.120682,180.550768,85.524441,264.785263,5.141991
A4,LINE,3CD5F,31.347475,95.380308,31.347475,95.380308,,,,,
A4,ARC,3CD5E,0.58034,118.919776,1.480787,115.211553,31.544607,124.47522,31.458683,190.171486,6.954327
A4,ARC,3CD5D,0.138087,122.305612,0.58034,118.919776,36.554056,125.340407,36.542205,184.763847,5.355813
A4,ARC,3CD5C,-0.009603,125.970256,0.138087,122.305612,43.293832,125.880148,43.303529,179.880776,4.854152
A4,ARC,3CD5B,-0.00553,126.459664,-0.009603,125.970256,32.912022,125.94098,32.921638,179.097261,0.851788
A4,ARC,3CD5A,0.448124,131.241756,-0.00553,126.459664,29.725525,126.051786,29.733852,169.947672,9.266341
A4,ARC,3CD59,0.98006,133.692109,0.448124,131.241756,33.707734,125.304503,33.785391,165.625349,4.253256
A4,ARC,3CD58,2.310193,137.58919,0.98006,133.692109,31.342592,125.504447,31.447118,157.400468,7.507937
A4,ARC,3CD57,3.72352,140.61055,2.310193,137.58919,38.467079,122.517023,39.172574,152.490691,4.880264
A4,ARC,3CD56,74.782223,148.553733,74.147625,147.932484,77.933945,144.699547,4.978765,129.274243,10.233514
A4,ARC,3CD55,74.147625,147.932484,73.172615,145.625801,77.214705,145.276658,4.057141,139.110272,35.952958
A4,ARC,3CD54,73.172615,145.625801,73.21346,144.373157,78.469357,145.171524,5.316187,175.098007,13.539158
A4,ARC,3CD53,73.21346,144.373157,73.581839,142.913781,81.061188,145.577915,7.939664,188.727727,10.878101
A4,ARC,3CD52,73.581839,142.913781,73.863553,142.183944,85.152497,146.960715,12.257969,199.277711,3.657315
A4,ARC,3CD51,73.863553,142.183944,74.160533,141.521417,90.571176,149.275376,18.150291,202.998451,2.292086
A4,ARC,3CD50,74.160533,141.521417,74.600672,140.610548,137.523889,171.577339,70.130403,205.376966,0.826501
A4,ARC,3C5F0,74.782223,148.553733,74.860802,149.242865,74.46365,148.939105,0.5,309.57933,87.831144
A4,LINE,3C5EF,74.860802,149.242865,74.162604,150.155724,,,,,
A4,LINE,3C5EE,74.162604,150.155724,72.665125,148.821536,,,,,
A4,LINE,3C5ED,72.665125,148.821536,71.450083,150.410144,,,,,
A4,LINE,3C5EC,71.450083,150.410144,73.129818,151.50604,,,,,
A4,LINE,3C5EB,73.129818,151.50604,72.394755,152.467099,,,,,
A4,ARC,3C5EA,72.394755,152.467099,71.759685,152.603105,71.997603,152.163339,0.5,37.410474,81.003363
A4,ARC,3C5E9,68.231159,181.948587,68.895559,182.161079,68.454222,182.396072,0.5,243.504616,88.461942
A4,LINE,3C5E8,68.895559,182.161079,69.844871,183.941054,,,,,
A4,ARC,3C5E7,69.844871,183.941054,69.670402,184.599275,69.403695,184.176348,0.5,331.927407,85.836145
A4,ARC,3CD4F,69.179284,197.170973,68.598583,194.636871,144.879268,178.490398,77.970838,166.138003,1.910505
A4,LINE,3CD4E,68.598583,194.636871,68.598583,194.636871,,,,,
A4,ARC,3CD4D,68.598583,194.636871,68.352721,193.421903,168.242667,173.840427,101.791137,168.21118,0.697743
A4,ARC,3CD4C,68.352721,193.421903,68.042438,191.740043,139.765154,179.377635,72.780335,168.873962,1.346406
A4,ARC,3CD4B,68.042438,191.740043,67.808686,187.790374,86.274871,188.679246,18.487566,170.470246,12.285567
A4,LINE,3CD4A,67.808686,187.790374,67.808686,187.790374,,,,,
A4,ARC,3CD49,67.808686,187.790374,69.670402,184.599275,71.80406,187.982692,4,182.755813,55.007739
A4,LINE,3CD48,69.670402,184.599275,69.670402,184.599275,,,,,
A4,LINE,3C5E2,68.931206,212.642019,68.720551,213.245665,,,,,
A4,ARC,3CD47,70.270129,204.693171,69.040829,212.309631,45.836135,204.656952,24.43402,0.084932,18.167115
A4,LINE,3CD46,70.270129,204.693171,70.270129,204.693171,,,,,
A4,ARC,3CD45,69.751585,199.838187,70.270129,204.693171,44.924357,204.945081,25.347023,348.376539,11.054021
A4,LINE,3CD44,69.751585,199.838187,69.751585,199.838187,,,,,
A4,ARC,3CD43,69.179284,197.170973,69.751585,199.838187,1.073192,213.179423,69.962205,346.772644,2.234183
A4,LINE,3CD42,69.179284,197.170973,69.179284,197.170973,,,,,
A4,LINE,3C5DE,39.012098,229.076378,32.965424,229.076378,,,,,
A4,LINE,3C5DD,45.358772,229.076378,39.312098,229.076378,,,,,
A4,CIRCLE,3C5DC,,,,,33.82179,124.841173,1,,
A4,CIRCLE,3C5DB,,,,,24.805363,166.772143,2.5,,
A4,CIRCLE,3C5DA,,,,,53.51883,166.772143,2.5,,
A4,CIRCLE,3C5D9,,,,,56.012418,143.253593,2.5,,
A4,LINE,3C5D8,31.948717,224.649754,30.748717,224.649754,,,,,
A4,LINE,3C5D7,29.848717,225.549754,29.848717,225.749754,,,,,
A4,LINE,3C5D6,30.748717,226.649754,31.948717,226.649754,,,,,
A4,LINE,3C5D5,32.848717,225.749754,32.848717,225.549754,,,,,
A4,LINE,3C5D4,47.575476,224.649754,46.375476,224.649754,,,,,
A4,LINE,3C5D3,45.475476,225.549754,45.475476,225.749754,,,,,
A4,LINE,3C5D2,46.375476,226.649754,47.575476,226.649754,,,,,
A4,LINE,3C5D1,48.475476,225.749754,48.475476,225.549754,,,,,
A4,LINE,3C5D0,41.162096,98.86379,41.162096,98.66379,,,,,
A4,LINE,3C5CF,40.262096,97.76379,38.062096,97.76379,,,,,
A4,LINE,3C5CE,37.162096,98.66379,37.162096,98.86379,,,,,
A4,LINE,3C5CD,38.062096,99.76379,40.262096,99.76379,,,,,
A13,LINE,3C5CA,74.098525,251.328839,74.098525,248.328839,,,,,
A13,LINE,3C5C6,113.261555,254.580841,113.261555,256.580841,,,,,
A13,LINE,3C5C5,116.261282,254.580841,116.261282,256.580841,,,,,
A13,LINE,3C5C4,116.261282,256.580841,113.261555,256.580841,,,,,
A13,LINE,3C5C3,113.261555,254.580841,116.261282,254.580841,,,,,
A13,LINE,3C5C2,113.261555,243.142324,113.261555,245.142324,,,,,
A13,LINE,3C5C1,116.261282,243.142324,116.261282,245.142324,,,,,
A13,LINE,3C5C0,116.261282,245.142324,113.261555,245.142324,,,,,
A13,LINE,3C5BF,113.261555,243.142324,116.261282,243.142324,,,,,
A13,LINE,3C5BE,113.261555,247.060218,113.261555,249.060218,,,,,
A13,LINE,3C5BD,116.261282,247.060218,116.261282,249.060218,,,,,
A13,LINE,3C5BC,113.261555,250.964288,113.261555,252.964288,,,,,
A13,LINE,3C5BB,116.261282,250.964288,116.261282,252.964288,,,,,
A13,ARC,3C5BA,158.551662,259.186784,159.878558,259.352793,159.122797,260.007641,1,235.170624,83.921263
A13,ARC,3C5B9,158.551662,259.186784,146.547553,259.818265,152.040729,249.82902,11.4,55.170624,63.636167
A13,ARC,3C5B8,145.334781,260.012046,146.547553,259.818265,146.065695,260.694515,1,223.03686,75.769932
A13,ARC,3C5B7,145.334781,260.012046,141.771085,261.7977,141.145658,256.100585,5.731342,43.03686,40.698317
A13,ARC,3C5B6,139.1352,264.954159,141.771085,261.7977,142.069749,264.72592,2.943412,175.552683,88.623575
A13,LINE,3C5B5,140.79171,267.027963,140.763955,266.185665,,,,,
A13,ARC,3C5B4,146.68904,261.105629,140.763955,266.185665,130.929372,248.719758,20.044374,38.164586,22.452721
A13,ARC,3CD41,148.47058,262.255032,148.435143,262.249951,148.770892,260.034259,2.240987,97.701301,0.915299
A13,ARC,3CD40,148.435143,262.249951,148.123153,262.175816,148.690123,260.483349,1.784908,98.212983,10.307691
A13,ARC,3CD3F,148.123153,262.175816,147.902207,262.075782,148.5004,261.048562,1.188704,108.503337,11.710683
A13,ARC,3CD3E,147.902207,262.075782,147.670385,261.879781,148.331944,261.332411,0.858648,120.031914,20.363952
A13,ARC,3CD3D,147.670385,261.879781,147.587772,261.769746,148.803428,260.943087,1.470096,140.419229,5.364632
A13,ARC,3CD3C,147.587772,261.769746,147.473278,261.594643,153.009074,258.099943,6.5466,145.905035,1.831101
A13,ARC,3CD3B,147.415017,261.508467,147.473278,261.594643,145.321627,262.98654,2.562612,324.775356,2.325949
A13,ARC,3CD3A,147.330831,261.401106,147.415017,261.508467,146.377938,262.234988,1.266241,318.810659,6.176355
A13,ARC,3CD39,147.233943,261.308276,147.330831,261.401106,146.755595,261.904517,0.764408,308.739171,10.070446
A13,ARC,3CD38,147.089852,261.219425,147.233943,261.308276,146.760511,261.914785,0.76941,295.343477,12.631596
A13,ARC,3CD37,146.927418,261.157607,147.089852,261.219425,146.610103,262.235699,1.12382,286.400729,8.86968
A13,ARC,3CD36,146.68904,261.105629,146.927418,261.157607,146.424818,262.890001,1.803828,278.42292,7.755525
A13,ARC,3C5B2,148.47058,262.255032,140.79171,267.027963,126.352752,235.234533,34.918558,50.697706,14.877161
A13,ARC,3CD35,114.812764,219.660393,129.765155,227.034915,109.677498,248.918329,29.70518,279.954987,32.595074
A13,LINE,3CD34,114.812764,219.660393,114.812764,219.660393,,,,,
A13,ARC,3C5B0,206.554478,240.565838,186.061273,255.404459,190.827127,240.41584,15.728066,0.546437,107.092397
A13,ARC,3C5AF,175.87214,231.205309,196.580519,225.777856,189.932335,242.6318,18.117775,219.100197,72.426987
A13,ARC,3C5AE,204.478235,232.604354,206.554478,240.265841,190.827127,240.41584,15.728066,330.220795,29.232768
A13,ARC,3C5AD,196.580519,225.777856,204.326763,232.345406,190.827127,240.41584,15.728066,291.457081,37.67084
A13,ARC,3C5AC,183.670063,256.408687,186.061273,255.404459,185.455241,257.31043,2,206.799602,80.839231
A13,ARC,3C5AB,172.401979,264.243903,159.86738,259.339877,170.786852,249.901025,14.43353,83.575084,55.5846
A13,ARC,3C5AA,183.670063,256.408687,172.699726,264.207237,170.786852,249.901025,14.43353,26.79959,55.5846
A13,ARC,3C5A9,124.820408,276.764733,121.339821,258.691853,128.528663,266.678978,10.745865,110.187086,117.823999
A13,ARC,3C5A8,139.1352,264.95416,125.10339,276.864316,128.528663,266.678978,10.745865,350.763507,117.823999
A13,ARC,3C5A7,121.942478,254.9822,121.339821,258.691853,119.33286,256.46203,3,330.443824,77.567261
A13,ARC,3C5A6,121.942478,254.9822,120.610852,250.789455,131.1936,249.736186,10.635033,150.443824,23.87242
A13,ARC,3C5A5,118.924436,241.35158,120.610852,250.789455,98.572685,249.85776,22.057853,337.317113,25.103705
A13,ARC,3CD33,107.06208,244.397863,107.084662,244.014206,111.595929,244.472237,4.534459,180.939813,4.857589
A13,ARC,3CD32,107.084662,244.014206,107.249683,243.223791,110.714557,244.359612,3.646291,185.435655,12.714018
A13,ARC,3CD31,107.249683,243.223791,107.780425,242.290164,109.789988,244.050216,2.671353,198.021027,23.192092
A13,ARC,3CD30,107.780425,242.290164,108.564689,241.614785,110.660107,244.841071,3.847037,221.53546,15.461502
A13,ARC,3CD2F,108.564689,241.614785,109.095881,241.299517,111.955358,246.722558,6.13074,236.42279,5.775291
A13,ARC,3CD2E,109.095881,241.299517,109.486087,241.107064,112.671802,248.058015,7.646208,242.116679,3.260691
A13,ARC,3CD2D,109.486087,241.107064,110.082387,240.858559,113.524342,249.957386,9.728089,245.473578,3.805515
A13,ARC,3CD2C,110.082387,240.858559,110.688596,240.645069,115.308678,254.731257,14.824502,249.356993,2.484204
A13,ARC,3CD2B,110.688596,240.645069,111.505915,240.389219,122.379695,276.559213,37.769135,251.968424,1.299231
A13,ARC,3CD2A,111.505915,240.389219,112.738747,240.018068,134.661593,315.071186,78.189396,252.773577,0.943459
A13,ARC,3CD29,112.738747,240.018068,113.359769,239.846683,119.399687,262.943371,23.873366,253.798792,1.546209
A13,ARC,3CD28,113.359769,239.846683,114.407132,239.610038,117.188786,254.357405,15.007412,255.218016,4.100325
A13,ARC,3CD27,114.407132,239.610038,115.685026,239.443534,116.478836,250.523015,11.107881,259.250957,6.65098
A13,ARC,3CD26,115.685026,239.443534,115.892629,239.43191,116.177273,246.375305,6.949227,265.938059,1.714413
A13,ARC,3CD25,115.892629,239.43191,116.10034,239.427402,116.107211,244.531024,5.103627,267.590286,2.332582
A13,ARC,3CD24,116.10034,239.427402,116.307788,239.432702,116.105553,243.285668,3.85827,269.922589,3.082004
A13,ARC,3CD23,116.307788,239.432702,116.5146,239.450504,116.146899,242.511965,3.083464,272.990935,3.857836
A13,ARC,3CD22,116.5146,239.450504,118.563252,240.711466,116.171586,242.302467,2.872516,276.858188,49.508896
A13,ARC,3CD21,118.563252,240.711466,118.924436,241.35158,115.267795,242.992885,4.008105,325.305446,10.521332
A13,LINE,3C5A0,107.06208,244.397863,107.06208,248.489683,,,,,
A13,LINE,3C59F,97.805304,248.489683,88.848528,248.489683,,,,,
A13,LINE,3C59E,107.06208,248.489683,98.105304,248.489683,,,,,
A13,ARC,3CD20,87.532133,242.822991,88.039222,243.197339,87.555131,243.322461,0.5,267.363736,78.144237
A13,LINE,3CD1F,88.039222,243.197339,88.039222,243.197339,,,,,
A13,ARC,3CD1E,88.039222,243.197339,88.848528,248.489683,62.382387,249.828839,26.5,345.507973,11.595398
A13,LINE,3CD1D,88.848528,248.489683,88.848528,248.489683,,,,,
A13,ARC,3C59B,87.532133,242.822991,87.382387,242.828839,87.03818,232.095135,10.739221,87.363736,0.799542
A13,ARC,3CD1C,88.348887,237.528633,94.477726,226.011081,120.10453,247.037328,33.148697,196.669449,22.6987
A13,ARC,3CD1B,87.382387,242.828839,88.348887,237.528633,111.310442,244.453931,23.983177,183.88532,12.898204
A13,ARC,3CD1A,111.283793,219.236957,114.517196,219.609022,109.364683,250.15071,30.973265,273.552333,6.023542
A13,LINE,3CD19,111.283793,219.236957,111.283793,219.236957,,,,,
A13,ARC,3CD18,103.406139,220.245676,111.283793,219.236957,110.075629,241.066598,21.863048,252.238368,20.929441
A13,LINE,3CD17,103.406139,220.245676,103.406139,220.245676,,,,,
A13,ARC,3CD16,101.867557,220.807294,103.121219,220.339588,109.853306,240.298653,21.063838,247.720739,3.640283
A13,ARC,3CD15,94.477726,226.011081,101.867557,220.807294,109.359832,239.295971,19.94907,221.754503,26.18594
A13,LINE,3C596,129.765155,227.034915,129.729286,227.129989,,,,,
A13,ARC,3C595,129.818515,227.530825,129.729286,227.129989,130.072056,227.264035,0.368049,133.541493,67.817358
A13,LINE,3C594,129.818515,227.530825,129.912907,227.622657,,,,,
A13,ARC,3C593,130.315926,227.701299,129.912907,227.622657,130.172907,227.362233,0.367995,67.1297,67.823646
A13,LINE,3C592,130.315926,227.701299,130.536607,227.611557,,,,,
A13,LINE,3C591,130.536607,227.611557,130.547872,227.606731,,,,,
A13,LINE,3C590,130.547872,227.606731,130.977659,227.415014,,,,,
A13,LINE,3C58F,130.977659,227.415014,130.989876,227.409314,,,,,
A13,LINE,3C58E,130.989876,227.409314,131.09903,227.355796,,,,,
A13,ARC,3C58D,131.09903,227.355796,131.496003,227.397893,131.264939,227.684048,0.367798,243.18644,65.733694
A13,LINE,3C58C,131.496003,227.397893,132.717385,228.35056,,,,,
A13,LINE,3C58B,132.717385,228.35056,132.713929,228.359636,,,,,
A13,LINE,3C58A,132.713929,228.359636,132.561071,228.800117,,,,,
A13,LINE,3C589,132.561071,228.800117,132.556958,228.812791,,,,,
A13,LINE,3C588,132.556958,228.812791,132.418477,229.262778,,,,,
A13,LINE,3C587,132.418477,229.262778,132.41505,229.274551,,,,,
A13,LINE,3C586,132.41505,229.274551,132.35268,229.503822,,,,,
A13,ARC,3C585,132.479466,229.894434,132.35268,229.503822,132.706301,229.604925,0.367791,128.079296,67.876342
A13,LINE,3C584,132.479466,229.894434,132.582235,229.977026,,,,,
A13,ARC,3C583,132.991005,230.017048,132.582235,229.977026,132.816388,229.692986,0.368113,61.682511,67.818526
A13,LINE,3C582,132.991005,230.017048,133.212689,229.900909,,,,,
A13,LINE,3C581,133.212689,229.900909,133.622299,229.66917,,,,,
A13,LINE,3C580,133.622299,229.66917,133.634064,229.662334,,,,,
A13,LINE,3C57F,133.634064,229.662334,133.959101,229.462717,,,,,
A13,ARC,3C57E,133.959101,229.462717,134.209735,229.472865,134.077051,229.649739,0.22111,237.761409,69.114287
A13,LINE,3C57D,134.209735,229.472865,135.333882,230.275252,,,,,
A13,ARC,3C57C,135.333882,230.275252,135.42407,230.513191,135.209765,230.458358,0.221208,304.131052,70.220787
A13,LINE,3C57B,135.42407,230.513191,135.330519,230.897457,,,,,
A13,LINE,3C57A,135.330519,230.897457,135.327464,230.910737,,,,,
A13,LINE,3C579,135.327464,230.910737,135.232649,231.371838,,,,,
A13,LINE,3C578,135.232649,231.371838,135.230413,231.38369,,,,,
A13,LINE,3C577,135.230413,231.38369,135.190034,231.618305,,,,,
A13,ARC,3C576,135.35342,231.99494,135.190034,231.618305,135.551642,231.685194,0.367742,122.617158,67.86262
A13,LINE,3C575,135.35342,231.99494,135.463506,232.067394,,,,,
A13,ARC,3C574,135.874165,232.068455,135.463506,232.067394,135.669625,231.762211,0.368269,56.261017,67.773854
A13,LINE,3C573,135.874165,232.068455,136.073531,231.938693,,,,,
A13,LINE,3C572,136.073531,231.938693,136.083868,231.93162,,,,,
A13,LINE,3C571,136.083868,231.93162,136.469784,231.661689,,,,,
A13,LINE,3C570,136.469784,231.661689,136.480437,231.653875,,,,,
A13,LINE,3C56F,136.480437,231.653875,136.791176,231.419838,,,,,
A13,ARC,3C56E,136.791176,231.419838,137.046311,231.409139,136.926322,231.595229,0.221419,232.384152,70.429353
A13,LINE,3C56D,137.046311,231.409139,138.230578,232.125266,,,,,
A13,ARC,3C56C,138.230578,232.125266,138.340252,232.351942,138.121545,232.317889,0.221342,299.51164,69.338304
A13,LINE,3C56B,138.340252,232.351942,138.286582,232.722518,,,,,
A13,LINE,3C56A,138.286582,232.722518,138.284956,232.73585,,,,,
A13,LINE,3C569,138.284956,232.73585,138.234251,233.203726,,,,,
A13,LINE,3C568,138.234251,233.203726,138.233127,233.215947,,,,,
A13,LINE,3C567,138.233127,233.215947,138.215318,233.453183,,,,,
A13,ARC,3C566,138.413688,233.812534,138.215318,233.453183,138.581629,233.485399,0.367725,117.17468,67.851443
A13,LINE,3C565,138.413688,233.812534,138.530297,233.87435,,,,,
A13,ARC,3C564,138.939299,233.8364,138.530297,233.87435,138.706524,233.550653,0.368559,50.833096,67.731763
A13,LINE,3C563,138.939299,233.8364,139.125496,233.688218,,,,,
A13,LINE,3C562,139.125496,233.688218,139.135223,233.680246,,,,,
A13,LINE,3C561,139.135223,233.680246,139.493664,233.37472,,,,,
A13,LINE,3C560,139.493664,233.37472,139.503417,233.366087,,,,,
A13,LINE,3C55F,139.503417,233.366087,139.761268,233.130546,,,,,
A13,ARC,3C55E,139.761268,233.130546,140.015027,233.096072,139.912499,233.292554,0.221624,226.970397,70.586204
A13,LINE,3C55D,140.015027,233.096072,141.288209,233.710222,,,,,
A13,ARC,3C55C,141.288209,233.710222,141.419326,233.925687,141.198668,233.912337,0.221062,293.894196,69.568
A13,LINE,3C55B,141.419326,233.925687,141.403183,234.258057,,,,,
A13,LINE,3C55A,141.403183,234.258057,141.402748,234.271414,,,,,
A13,LINE,3C559,141.402748,234.271414,141.396598,234.742019,,,,,
A13,LINE,3C558,141.396598,234.742019,141.396691,234.754608,,,,,
A13,LINE,3C557,141.396691,234.754608,141.401504,234.99264,,,,,
A13,ARC,3C556,141.633318,235.331351,141.401504,234.99264,141.769796,234.989263,0.368308,111.749865,67.724811
A13,LINE,3C555,141.633318,235.331351,141.75502,235.381656,,,,,
A13,ARC,3C554,142.158636,235.304913,141.75502,235.381656,141.899726,235.042969,0.368305,45.333711,67.80116
A13,LINE,3C553,142.158636,235.304913,142.330051,235.139555,,,,,
A13,LINE,3C552,142.330051,235.139555,142.338666,235.130844,,,,,
A13,LINE,3C551,142.338666,235.130844,142.666541,234.793031,,,,,
A13,LINE,3C550,142.666541,234.793031,142.675737,234.783288,,,,,
A13,LINE,3C54F,142.675737,234.783288,142.799641,234.646096,,,,,
A13,ARC,3C54E,142.799641,234.646096,143.217786,234.549527,143.07633,234.890594,0.369237,221.465513,71.060421
A13,LINE,3C54D,143.217786,234.549527,144.39501,234.995542,,,,,
A13,ARC,3C54C,144.39501,234.995542,144.643911,235.331273,144.275772,235.344072,0.368362,288.886665,69.122179
A13,LINE,3C54B,144.643911,235.331273,144.651283,235.490829,,,,,
A13,LINE,3C54A,144.651283,235.490829,144.652065,235.504317,,,,,
A13,LINE,3C549,144.652065,235.504317,144.69089,235.973154,,,,,
A13,LINE,3C548,144.69089,235.973154,144.69212,235.985451,,,,,
A13,LINE,3C547,144.69212,235.985451,144.719604,236.221792,,,,,
A13,ARC,3C546,144.982505,236.536983,144.719604,236.221792,145.085564,236.183783,0.367928,106.266477,67.804091
A13,LINE,3C545,144.982505,236.536983,145.108692,236.57554,,,,,
A13,ARC,3C544,145.502954,236.460932,145.108692,236.57554,145.220556,236.22491,0.368042,39.888197,67.806437
A13,LINE,3C543,145.502954,236.460932,145.657764,236.280385,,,,,
A13,LINE,3C542,145.657764,236.280385,145.665928,236.270696,,,,,
A13,LINE,3C541,145.665928,236.270696,145.960038,235.903006,,,,,
A13,LINE,3C540,145.960038,235.903006,145.968201,235.892523,,,,,
A13,LINE,3C53F,145.968201,235.892523,146.04682,235.786776,,,,,
A13,ARC,3C53E,146.04682,235.786776,146.449231,235.649678,146.345209,236.003481,0.368778,215.98908,70.394902
A13,LINE,3C53D,146.449231,235.649678,147.700585,235.974505,,,,,
A13,ARC,3C53C,147.700585,235.974505,147.984648,236.286024,147.61908,236.334099,0.368716,282.770898,69.737128
A13,LINE,3C53B,147.984648,236.286024,148.002245,236.409254,,,,,
A13,LINE,3C53A,148.002245,236.409254,148.004296,236.422371,,,,,
A13,LINE,3C539,148.004296,236.422371,148.087376,236.885526,,,,,
A13,LINE,3C538,148.087376,236.885526,148.089771,236.897822,,,,,
A13,LINE,3C537,148.089771,236.897822,148.139606,237.130488,,,,,
A13,ARC,3C536,148.431422,237.419411,148.139606,237.130488,148.500599,237.057712,0.368255,100.827294,67.774648
A13,LINE,3C535,148.431422,237.419411,148.560665,237.445745,,,,,
A13,ARC,3C534,148.942239,237.294018,148.560665,237.445745,148.638549,237.085947,0.368132,34.416775,67.797407
A13,LINE,3C533,148.942239,237.294018,149.079096,237.099393,,,,,
A13,LINE,3C532,149.079096,237.099393,149.086149,237.089123,,,,,
A13,LINE,3C531,149.086149,237.089123,149.343984,236.695156,,,,,
A13,LINE,3C530,149.343984,236.695156,149.350877,236.68412,,,,,
A13,LINE,3C52F,149.350877,236.68412,149.384906,236.628045,,,,,
A13,ARC,3C52E,154.56643,236.898574,149.384906,236.628045,152.043082,235.472108,2.898636,29.479774,127.017883
A13,ARC,3C52D,154.56643,236.898574,154.84455,237.143578,154.495442,237.259516,0.367856,281.126654,60.502275
A13,LINE,3C52C,154.84455,237.143578,154.889139,237.272625,,,,,
A13,LINE,3C52B,154.889139,237.272625,154.893677,237.285289,,,,,
A13,LINE,3C52A,154.893677,237.285289,155.063032,237.724308,,,,,
A13,LINE,3C529,155.063032,237.724308,155.067781,237.735914,,,,,
A13,LINE,3C528,155.067781,237.735914,155.160858,237.955018,,,,,
A13,ARC,3C527,155.501816,238.1834,155.160858,237.955018,155.501377,237.81535,0.36805,89.931745,67.766722
A13,LINE,3C526,155.501816,238.1834,155.633571,238.184817,,,,,
A13,ARC,3C525,155.979802,237.963727,155.633571,238.184817,155.64242,237.817027,0.367897,23.500327,67.877928
A13,LINE,3C524,155.979802,237.963727,156.077373,237.746664,,,,,
A13,LINE,3C523,156.077373,237.746664,156.082229,237.735418,,,,,
A13,LINE,3C522,156.082229,237.735418,156.261073,237.300224,,,,,
A13,LINE,3C521,156.261073,237.300224,156.265927,237.28755,,,,,
A13,LINE,3C520,156.265927,237.28755,156.317364,237.148111,,,,,
A13,ARC,3C51F,156.317364,237.148111,156.660129,236.903115,156.664845,237.271987,0.368902,199.621042,69.646525
A13,LINE,3C51E,156.660129,236.903115,157.935063,236.849623,,,,,
A13,ARC,3C51D,157.935063,236.849623,158.298499,237.068512,157.961138,237.217493,0.368793,265.945672,70.227777
A13,LINE,3C51C,158.298499,237.068512,158.363077,237.210073,,,,,
A13,LINE,3C51B,158.363077,237.210073,158.368778,237.222207,,,,,
A13,LINE,3C51A,158.368778,237.222207,158.579094,237.64325,,,,,
A13,LINE,3C519,158.579094,237.64325,158.584874,237.654326,,,,,
A13,LINE,3C518,158.584874,237.654326,158.698179,237.863463,,,,,
A13,ARC,3C517,159.059499,238.058365,158.698179,237.863463,159.024062,237.691693,0.368381,84.479806,67.726863
A13,LINE,3C516,159.059499,238.058365,159.190896,238.047193,,,,,
A13,ARC,3C515,159.514446,237.794204,159.190896,238.047193,159.164668,237.68026,0.367869,18.043628,67.867919
A13,LINE,3C514,159.514446,237.794204,159.590842,237.568886,,,,,
A13,LINE,3C513,159.590842,237.568886,159.594639,237.557271,,,,,
A13,LINE,3C512,159.594639,237.557271,159.731162,237.106836,,,,,
A13,LINE,3C511,159.731162,237.106836,159.734825,237.094005,,,,,
A13,LINE,3C510,159.734825,237.094005,159.777165,236.934051,,,,,
A13,ARC,3C50F,159.777165,236.934051,160.095133,236.65782,160.134736,237.024528,0.36884,194.199695,69.636504
A13,LINE,3C50E,160.095133,236.65782,161.347369,236.485811,,,,,
A13,ARC,3C50D,161.347369,236.485811,161.729603,236.669079,161.40791,236.849781,0.368971,260.556213,70.119983
A13,LINE,3C50C,161.729603,236.669079,161.815248,236.817812,,,,,
A13,LINE,3C50B,161.815248,236.817812,161.822086,236.829124,,,,,
A13,LINE,3C50A,161.822086,236.829124,162.071349,237.228225,,,,,
A13,LINE,3C509,162.071349,237.228225,162.078186,237.238797,,,,,
A13,LINE,3C508,162.078186,237.238797,162.210924,237.436276,,,,,
A13,ARC,3C507,162.589084,237.595984,162.210924,237.436276,162.518921,237.234554,0.368176,79.014032,67.763307
A13,LINE,3C506,162.589084,237.595984,162.71888,237.572462,,,,,
A13,ARC,3C505,163.016814,237.290011,162.71888,237.572462,162.657689,237.209558,0.368026,12.627191,67.80187
A13,LINE,3C504,163.016814,237.290011,163.071748,237.058368,,,,,
A13,LINE,3C503,163.071748,237.058368,163.074432,237.045987,,,,,
A13,LINE,3C502,163.074432,237.045987,163.16737,236.584809,,,,,
A13,LINE,3C501,163.16737,236.584809,163.169842,236.571688,,,,,
A13,LINE,3C500,163.169842,236.571688,163.198962,236.394874,,,,,
A13,ARC,3C4FF,163.198962,236.394874,163.489383,236.089501,163.563554,236.450828,0.368862,188.725081,69.67465
A13,LINE,3C4FE,163.489383,236.089501,164.709453,235.802238,,,,,
A13,ARC,3C4FD,164.709453,235.802238,165.107388,235.948435,164.80436,236.158579,0.368763,255.086215,70.173227
A13,LINE,3C4FC,165.107388,235.948435,165.214359,236.098943,,,,,
A13,LINE,3C4FB,165.214359,236.098943,165.222307,236.109804,,,,,
A13,LINE,3C4FA,165.222307,236.109804,165.508608,236.483369,,,,,
A13,LINE,3C4F9,165.508608,236.483369,165.516344,236.49312,,,,,
A13,LINE,3C4F8,165.516344,236.49312,165.593158,236.587142,,,,,
A13,ARC,3C4F7,166.477698,236.322366,165.593158,236.587142,165.980364,236.270801,0.5,5.919478,134.832201
A13,LINE,3C4F6,166.477698,236.322366,166.538217,235.738674,,,,,
A13,LINE,3C4F5,166.538217,235.738674,166.539393,235.725554,,,,,
A13,LINE,3C4F4,166.539393,235.725554,166.552751,235.530403,,,,,
A13,ARC,3C4F3,166.552751,235.530403,166.811872,235.199117,166.920761,235.551268,0.368601,183.245048,69.572761
A13,LINE,3C4F2,166.811872,235.199117,167.984063,234.797939,,,,,
A13,ARC,3C4F1,167.984063,234.797939,168.395527,234.905216,168.113705,235.143423,0.369007,249.431486,70.36268
A13,LINE,3C4F0,168.395527,234.905216,168.529938,235.06056,,,,,
A13,LINE,3C4EF,168.529938,235.06056,168.538786,235.070442,,,,,
A13,LINE,3C4EE,168.538786,235.070442,168.859262,235.415194,,,,,
A13,LINE,3C4ED,168.859262,235.415194,168.868029,235.424177,,,,,
A13,LINE,3C4EC,168.868029,235.424177,169.035764,235.593132,,,,,
A13,LINE,3C4EB,169.035764,235.593132,169.247747,235.701182,,,,,
A13,LINE,3C4EA,169.247747,235.701182,169.41565,235.686082,,,,,
A13,LINE,3C4E9,169.41565,235.686082,169.437389,235.678388,,,,,
A13,LINE,3C4E8,169.437389,235.678388,169.560095,235.630726,,,,,
A13,ARC,3C4E7,169.799186,235.296924,169.560095,235.630726,169.431527,235.28611,0.367818,1.684689,67.855969
A13,LINE,3C4E6,169.799186,235.296924,169.80911,235.059167,,,,,
A13,LINE,3C4E5,169.80911,235.059167,169.809493,235.046868,,,,,
A13,LINE,3C4E4,169.809493,235.046868,169.813591,234.562856,,,,,
A13,LINE,3C4E3,169.813591,234.562856,169.804468,234.230726,,,,,
A13,ARC,3C4E2,169.804468,234.230726,169.939295,234.018488,170.025489,234.222189,0.221186,177.787978,69.276815
A13,LINE,3C4E1,169.939295,234.018488,171.218266,233.425416,,,,,
A13,ARC,3C4E0,171.218266,233.425416,171.472926,233.464573,171.318193,233.623209,0.221602,243.19648,71.090069
A13,LINE,3C4DF,171.472926,233.464573,171.731864,233.711691,,,,,
A13,LINE,3C4DE,171.731864,233.711691,171.74153,233.720699,,,,,
A13,LINE,3C4DD,171.74153,233.720699,172.093376,234.033546,,,,,
A13,LINE,3C4DC,172.093376,234.033546,172.102856,234.041629,,,,,
A13,LINE,3C4DB,172.102856,234.041629,172.285626,234.193614,,,,,
A13,ARC,3C4DA,172.693716,234.240407,172.285626,234.193614,172.5245,233.913258,0.368321,62.649929,67.782357
A13,LINE,3C4D9,172.693716,234.240407,172.811542,234.181193,,,,,
A13,ARC,3C4D8,173.017777,233.826373,172.811542,234.181193,172.650709,233.850364,0.367851,356.260479,67.812715
A13,LINE,3C4D7,173.017777,233.826373,173.005134,233.588932,,,,,
A13,LINE,3C4D6,173.005134,233.588932,173.0043,233.576343,,,,,
A13,LINE,3C4D5,173.0043,233.576343,172.963518,233.107509,,,,,
A13,LINE,3C4D4,172.963518,233.107509,172.962153,233.094101,,,,,
A13,LINE,3C4D3,172.962153,233.094101,172.915999,232.719957,,,,,
A13,ARC,3C4D2,172.915999,232.719957,173.032424,232.494542,173.135241,232.690421,0.221223,172.327204,69.977651
A13,LINE,3C4D1,173.032424,232.494542,174.161342,231.650123,,,,,
A13,ARC,3C4D0,174.161342,231.650123,174.4186,231.635844,174.299963,231.823015,0.221602,231.278021,71.090069
A13,LINE,3C4CF,174.4186,231.635844,174.722989,231.824158,,,,,
A13,LINE,3C4CE,174.722989,231.824158,174.734308,231.830976,,,,,
A13,LINE,3C4CD,174.734308,231.830976,175.143177,232.064416,,,,,
A13,LINE,3C4CC,175.143177,232.064416,175.154122,232.070366,,,,,
A13,LINE,3C4CB,175.154122,232.070366,175.364341,232.18133,,,,,
A13,ARC,3C4CA,175.773297,232.142835,175.364341,232.18133,175.540166,231.857686,0.368321,50.73147,67.782357
A13,LINE,3C4C9,175.773297,232.142835,175.876353,232.060564,,,,,
A13,ARC,3C4C8,176.004865,231.670802,175.876353,232.060564,175.650665,231.770083,0.367851,344.34202,67.812715
A13,LINE,3C4C7,176.004865,231.670802,175.943459,231.441091,,,,,
A13,LINE,3C4C6,175.943459,231.441091,175.940043,231.428946,,,,,
A13,LINE,3C4C5,175.940043,231.428946,175.87214,231.205309,,,,,
A13,ARC,3C4C4,87.532133,242.822991,87.382387,242.828839,87.03818,232.095136,10.739221,87.363736,0.799542
A13,CIRCLE,3C4C3,,,,,152.043082,264.185576,1,,
A13,ARC,3CD14,98.479648,286.802394,97.788246,286.515871,108.096159,262.619527,26.024764,111.685639,1.647769
A13,ARC,3CD13,97.788246,286.515871,89.259756,280.392784,107.253082,264.331897,24.118704,113.105615,25.142206
A13,ARC,3CD12,89.259756,280.392784,85.662141,275.276119,110.001732,261.985635,27.731799,138.413039,12.950485
A13,ARC,3CD11,85.662141,275.276119,83.562621,270.676901,116.434704,258.449782,35.072443,151.330305,8.266478
A13,ARC,3CD10,80.780661,240.895338,81.202554,238.001764,144.646268,248.729621,64.344322,186.993435,2.604067
A13,ARC,3CD0F,81.202554,238.001764,82.548675,232.045104,133.47222,246.683533,52.985763,189.430491,6.607279
A13,ARC,3CD0E,82.548675,232.045104,84.546784,226.603983,120.774597,242.995135,39.763354,195.984659,8.359554
A13,ARC,3CD0D,190.051384,218.434632,202.149025,221.647694,190.048658,242.826106,24.391474,270.006405,29.735249
A13,LINE,3CD0C,202.149025,221.647694,202.149025,221.647694,,,,,
A13,ARC,3CD0B,214.431238,256.172966,203.047199,277.470902,190.048658,256.831572,24.391474,358.452741,59.344752
A13,LINE,3CD0A,203.047199,277.470902,203.047199,277.470902,,,,,
A13,ARC,3CD09,111.241194,289.000538,109.471219,288.968205,111.168286,244.529295,44.471302,89.906068,2.280925
A13,ARC,3CD08,109.471219,288.968205,104.152715,288.403731,110.792226,251.183728,37.807561,92.002339,8.112012
A13,ARC,3CD07,104.152715,288.403731,98.805691,286.929657,109.336513,259.165257,29.694446,100.053711,10.717637
A13,ARC,3CD06,84.672495,226.331593,84.958173,225.734804,114.889923,240.429634,33.344381,205.011559,1.13692
A13,ARC,3CD05,84.958173,225.734804,88.002969,220.782659,111.343971,238.54584,29.331434,205.897857,11.374332
A13,ARC,3CD04,88.002969,220.782659,99.473053,212.482525,107.399017,235.51095,24.354246,217.211035,33.796436
A13,ARC,3CD03,102.390375,271.79602,102.309167,271.953265,102.244083,271.820062,0.148254,350.66734,73.292286
A13,LINE,3CD02,102.390375,271.79602,102.390375,271.79602,,,,,
A13,ARC,3CD01,102.38929,271.789939,102.390375,271.79602,102.232962,271.820969,0.159377,348.773015,2.220737
A13,ARC,3CD00,102.265442,271.670949,102.38929,271.789939,102.243506,271.817727,0.148408,278.499797,70.708444
A13,ARC,3CCFF,101.929907,271.62554,102.265442,271.670949,101.036471,279.489709,7.914757,276.481493,2.451297
A13,ARC,3CCFE,96.695757,272.503936,101.929907,271.62554,100.881931,281.414617,9.845013,244.836197,31.274366
A13,ARC,3CCFD,95.06539,273.600173,96.695757,272.503936,99.680644,278.703675,6.880865,227.875989,16.415354
A13,ARC,3CCFC,93.382536,276.571024,95.06539,273.600173,98.689944,277.615377,5.409183,191.132024,36.795175
A13,ARC,3CCFB,93.269137,278.236247,93.382536,276.571024,99.965693,277.855796,6.707354,176.748357,14.294714
A13,ARC,3CCFA,93.271578,278.258297,93.269137,278.236247,93.452638,278.227099,0.183728,170.223495,6.922537
A13,ARC,3CCF9,93.336743,278.36323,93.271578,278.258297,93.430903,278.232054,0.161472,125.671144,44.975505
A13,ARC,3CCF8,93.404901,278.394579,93.336743,278.36323,93.452597,278.201109,0.199262,103.848863,21.701094
A13,ARC,3CCF7,94.324615,278.588149,93.404901,278.394579,95.892558,268.856643,9.857011,99.152855,5.465208
A13,ARC,3CCF6,95.148491,278.678017,94.324615,278.588149,95.560333,271.080933,7.608238,93.103001,6.244299
A13,ARC,3CCF5,95.883733,278.67271,95.148491,278.678017,95.474142,272.860007,5.827116,85.969321,7.234349
A13,ARC,3CCF4,96.537547,278.580759,95.883733,278.67271,95.561916,274.014023,4.66979,77.940702,8.107646
A13,ARC,3CCF3,98.482602,277.517084,96.537547,278.580759,95.761291,274.851065,3.809618,44.411987,33.830974
A13,ARC,3CCF2,99.153871,276.687131,98.482602,277.517084,94.569901,273.666038,5.489971,33.387123,11.157889
A13,ARC,3CCF1,99.70115,275.749409,99.153871,276.687131,90.901597,271.242329,9.886653,27.121261,6.295331
A13,ARC,3CCF0,100.02558,275.098084,99.70115,275.749409,78.402513,264.733914,23.978596,25.608904,1.738761
A13,ARC,3CCEF,100.02558,275.098084,100.494286,274.132374,145.401973,296.524832,50.180898,205.276697,1.225665
A13,ARC,3CCEE,100.494286,274.132374,100.819701,273.525568,111.226586,279.497175,11.998473,206.55929,3.288479
A13,ARC,3CCED,100.819701,273.525568,101.082698,273.104261,106.694703,276.900258,6.775263,209.87371,4.200965
A13,ARC,3CCEC,101.082698,273.104261,101.578444,272.491733,104.596523,275.441271,4.220021,213.627487,10.714478
A13,ARC,3CCEB,101.578444,272.491733,102.309167,271.953265,103.561119,274.417263,2.763814,224.162295,18.902681
A13,CIRCLE,3C4B6,,,,,110.112112,244.488535,1,,
A13,ARC,3CCEA,91.950111,261.5472,90.726621,260.007503,94.861565,257.977709,4.606281,129.202393,24.651752
A13,ARC,3CCE9,90.726621,260.007503,90.232007,258.470749,95.870539,257.503925,5.720821,154.047521,16.222749
A13,ARC,3CCE8,90.232007,258.470749,90.120367,257.344309,97.657722,257.166046,7.539462,170.03481,8.610364
A13,ARC,3CCE7,90.120367,257.344309,90.197866,255.905523,99.470239,257.126451,9.35241,178.665212,8.835986
A13,ARC,3CCE6,89.132886,256.745501,90.197866,255.905523,92.648111,260.107221,4.863946,223.721261,16.029884
A13,ARC,3CCE5,88.369188,257.860625,89.132886,256.745501,92.068785,259.575239,4.077612,204.865814,19.07932
A13,ARC,3CCE4,88.077136,258.906433,88.369188,257.860625,91.426253,259.278024,3.369669,186.331189,18.543466
A13,ARC,3CCE3,88.120698,259.79202,88.077136,258.906433,90.854553,259.213676,2.79436,168.055254,18.257246
A13,ARC,3CCE2,88.754172,260.98169,88.120698,259.79202,90.484787,259.296683,2.415425,135.765012,32.401246
A13,ARC,3CCE1,89.649391,261.579511,88.754172,260.98169,90.660692,259.095928,2.681588,112.155881,23.157739
A13,ARC,3CCE0,90.395012,261.794456,89.649391,261.579511,91.000534,258.293249,3.553182,99.812056,12.537907
A13,ARC,3CCDF,91.094702,261.861122,90.395012,261.794456,91.176854,257.293773,4.568088,91.030463,8.82441
A13,ARC,3CCDE,91.886199,261.82237,91.094702,261.861122,91.202033,255.950771,5.911325,83.353789,7.686575
A13,ARC,3CCDD,91.889186,261.822002,91.886199,261.82237,91.868241,261.664613,0.158776,82.420018,1.085817
A13,ARC,3CCDC,92.015258,261.70734,91.889186,261.822002,91.870747,261.675088,0.148066,12.581,70.26529
A13,ARC,3CCDB,92.010054,261.626635,92.015258,261.70734,91.881372,261.675453,0.137631,339.225129,34.171372
A13,ARC,3CCDA,91.97978,261.576068,92.010054,261.626635,91.851168,261.687413,0.170113,319.115684,19.951137
A13,ARC,3CCD9,91.950111,261.5472,91.97978,261.576068,91.808473,261.722441,0.225324,308.946949,10.541013
A13,ARC,3CCD8,97.725725,258.883858,97.811584,259.101625,89.085104,262.416434,9.33485,337.763606,1.436794
A13,ARC,3CCD7,97.811584,259.101625,98.231281,260.609493,90.049699,262.074392,8.311691,339.043383,10.805463
A13,ARC,3CCD6,98.231281,260.609493,98.309486,261.10289,85.802691,262.832362,12.625806,349.85979,2.267129
A13,ARC,3CCD5,98.436651,262.053653,98.309486,261.10289,154.129772,254.12079,56.255259,171.893388,0.976983
A13,ARC,3CCD4,98.489608,262.375595,98.436651,262.053653,108.929294,260.493013,10.60807,169.777747,1.762297
A13,ARC,3CCD3,98.977239,264.005512,98.489608,262.375595,105.798569,261.076838,7.423455,156.764186,13.159879
A13,ARC,3CCD2,99.285525,264.659652,98.977239,264.005512,108.037121,260.135438,9.85185,152.662903,4.206566
A13,ARC,3CCD1,100.05548,265.911064,99.285525,264.659652,107.046647,260.747044,8.691577,143.5486,9.697395
A13,ARC,3CCD0,102.652277,267.991725,100.05548,265.911064,105.213868,262.133883,6.393439,113.619402,30.167499
A13,ARC,3CCCF,103.383082,268.285182,102.652277,267.991725,106.623994,259.157546,9.685931,109.548214,4.659766
A13,ARC,3CCCE,104.158157,268.534549,103.383082,268.285182,108.156641,254.77737,14.326474,106.206353,3.256675
A13,ARC,3CCCD,104.978783,268.757153,104.158157,268.534549,111.225267,244.105602,25.430642,104.218965,1.915793
A13,ARC,3CCCC,106.761805,269.191371,104.978783,268.757153,141.074984,124.413882,148.788156,103.33344,0.706683
A13,ARC,3CCCB,106.904844,268.941039,106.293381,268.124769,109.937462,266.032165,4.202179,136.193138,13.940384
A13,ARC,3CCCA,106.293381,268.124769,105.858109,267.173111,111.55607,265.14233,6.049035,150.459171,9.924513
A13,ARC,3CCC9,105.858109,267.173111,105.493049,265.906222,116.441742,263.437343,11.223602,160.558191,6.73442
A13,ARC,3CCC8,105.493049,265.906222,105.3022,265.016505,134.236249,259.275352,29.498136,167.009504,1.767524
A13,ARC,3CCC7,105.026257,263.663164,105.3022,265.016505,41.740268,277.271835,64.732622,347.86423,1.222532
A13,ARC,3CCC6,104.809246,262.776961,105.026257,263.663164,88.607654,267.214035,16.798191,344.684143,3.112377
A13,ARC,3CCC5,104.452667,261.721632,104.809246,262.776961,96.134558,265.120096,8.985572,337.776938,7.107521
A13,ARC,3CCC4,103.951375,260.760222,104.452667,261.721632,99.173973,263.86262,5.696354,327.000698,10.922294
A13,ARC,3CCC3,102.075572,259.164052,103.951375,260.760222,100.361009,263.079287,4.274201,293.64961,33.491437
A13,ARC,3CCC2,101.044378,258.821684,102.075572,259.164052,99.783362,264.343923,5.664388,282.86307,11.007403
A13,ARC,3CCC1,100.121847,258.667489,101.044378,258.821684,99.299097,266.426718,7.802727,276.052742,6.872275
A13,ARC,3CCC0,99.058651,258.610394,100.121847,258.667489,99.023281,269.196726,10.586392,270.191427,5.764968
A13,ARC,3CCBF,97.843235,258.658653,99.058651,258.610394,99.029633,273.208895,14.59853,265.338526,4.77536
A13,ARC,3CCBE,97.833419,258.659712,97.843235,258.658653,97.855683,258.82008,0.161906,262.096036,3.494333
A13,ARC,3CCBD,97.722284,258.738792,97.833419,258.659712,97.852382,258.803993,0.145522,206.618764,55.893776
A13,ARC,3CCBC,97.707267,258.810609,97.722284,258.738792,97.840847,258.801063,0.133921,175.91252,31.796847
A13,ARC,3CCBB,97.710171,258.833425,97.707267,258.810609,97.885173,258.799556,0.178249,169.046807,7.398181
A13,ARC,3CCBA,97.715869,258.856329,97.710171,258.833425,97.934111,258.789876,0.228136,163.064838,5.930297
A13,ARC,3CCB9,97.725725,258.883858,97.715869,258.856329,98.012951,258.765497,0.310658,157.604348,5.394826
A13,ARC,3C4AC,106.904844,268.941039,106.761805,269.191371,106.797624,269.045805,0.149908,315.663205,148.160819
A13,ARC,3C4AB,95.208774,268.125204,95.00232,268.411377,95.029166,268.213187,0.2,333.901499,123.81267
A13,ARC,3CCB8,86.684113,265.247197,86.430164,263.748022,94.49228,263.153454,8.084011,164.989388,10.79278
A13,ARC,3CCB7,87.039889,266.250726,86.684113,265.247197,93.077009,263.545587,6.615481,155.8636,9.231452
A13,ARC,3CCB6,87.482268,267.048929,87.039889,266.250726,91.943004,264.055019,5.372305,146.131689,9.744579
A13,ARC,3CCB5,88.418769,268.040304,87.482268,267.048929,90.828607,264.825835,4.017477,126.858325,19.54415
A13,ARC,3CCB4,88.748979,268.25957,88.418769,268.040304,90.722623,264.929026,3.871407,120.650512,5.868868
A13,ARC,3CCB3,90.063701,268.76979,88.748979,268.25957,90.980388,264.458717,4.407456,102.004316,18.412063
A13,ARC,3CCB2,90.961549,268.868434,90.063701,268.76979,90.983786,264.53062,4.33787,90.293707,11.95204
A13,LINE,3CCB1,90.961549,268.868434,90.961549,268.868434,,,,,
A13,ARC,3CCB0,91.184921,268.863444,90.961549,268.868434,90.972172,264.342086,4.52636,87.305981,2.828483
A13,ARC,3CCAF,91.741238,268.808827,91.184921,268.863444,90.882048,262.917837,5.953316,81.702018,5.381821
A13,ARC,3CCAE,92.0724,268.755479,91.741238,268.808827,90.342035,259.068649,9.840164,79.872037,1.953191
A13,ARC,3CCAD,92.401861,268.693096,92.0724,268.755479,88.962921,251.43225,17.600088,78.732297,1.091611
A13,ARC,3CCAC,92.730608,268.62663,92.401861,268.693096,80.840004,210.661355,59.172286,78.407549,0.324762
A13,ARC,3CCAB,92.730608,268.62663,92.848826,268.602675,102.637407,317.213362,49.586442,258.475411,0.139374
A13,ARC,3CCAA,92.848826,268.602675,93.085474,268.5558,98.980939,298.940299,30.951159,258.572826,0.446588
A13,ARC,3CCA9,93.085474,268.5558,93.322581,268.511473,96.449576,285.893912,17.661464,259.019381,0.782535
A13,ARC,3CCA8,93.322581,268.511473,93.679565,268.452816,95.363687,279.817998,11.489283,259.766915,1.804184
A13,ARC,3CCA7,93.679565,268.452816,93.844965,268.430083,94.87619,276.546253,8.18142,261.589676,1.16923
A13,ARC,3CCA6,93.844965,268.430083,94.210368,268.393502,94.670466,274.832535,6.45545,262.65309,3.259816
A13,ARC,3CCA5,94.210368,268.393502,94.347331,268.385697,94.568138,273.466169,5.085268,265.965676,1.545707
A13,ARC,3CCA4,94.347331,268.385697,94.64903,268.38304,94.534849,272.548428,4.166952,267.420741,4.149441
A13,ARC,3CCA3,94.64903,268.38304,95.00232,268.411377,94.560133,271.707807,3.325955,271.531599,6.10852
A13,LINE,3CCA2,95.00232,268.411377,95.00232,268.411377,,,,,
A13,ARC,3CCA1,95.073247,267.854848,95.208774,268.125204,79.524402,275.818478,17.469573,332.879902,0.991886
A13,ARC,3CCA0,94.838035,267.409012,95.073247,267.854848,75.170874,278.069859,22.37076,331.539503,1.291065
A13,ARC,3CC9F,94.570694,266.92533,94.838035,267.409012,61.996242,285.245687,37.372856,330.645952,0.847264
A13,ARC,3CC9E,94.297539,266.444867,94.570694,266.92533,33.426593,301.369335,70.178277,330.155119,0.451229
A13,ARC,3CC9D,94.112607,266.125005,94.297539,266.444867,64.526166,283.444167,34.282807,329.656362,0.617495
A13,ARC,3CC9C,94.018206,265.966241,94.112607,266.125005,80.387516,274.178429,15.913383,328.93197,0.665043
A13,ARC,3CC9B,93.82229,265.653076,94.018206,265.966241,85.13864,271.30345,10.36014,326.948305,2.043036
A13,ARC,3CC9A,93.666399,265.423966,93.82229,265.653076,88.234939,269.287216,6.665242,324.57679,2.382318
A13,ARC,3CC99,93.499747,265.202679,93.666399,265.423966,89.581544,268.326898,5.011293,321.432541,3.167679
A13,ARC,3CC98,93.454964,265.147594,93.499747,265.202679,90.243441,267.804246,4.167934,320.401605,0.975927
A13,ARC,3CC97,93.248994,264.919242,93.454964,265.147594,90.837329,267.301585,3.389939,315.350441,5.199392
A13,ARC,3CC96,93.171332,264.843931,93.248994,264.919242,91.322064,266.828651,2.71273,312.976623,2.285051
A13,ARC,3CC95,92.989365,264.690785,93.171332,264.843931,91.626128,266.495242,2.261522,307.07043,6.028362
A13,ARC,3CC94,92.797929,264.563863,92.989365,264.690785,91.867547,266.174993,1.86047,300.005231,7.078076
A13,ARC,3CC93,92.592591,264.460906,92.797929,264.563863,91.791055,266.315732,2.020604,293.370882,6.516946
A13,ARC,3CC92,92.32692,264.364019,92.592591,264.460906,91.618582,266.719034,2.459235,286.740153,6.592053
A13,LINE,3CC91,92.32692,264.364019,92.32692,264.364019,,,,,
A13,ARC,3CC90,92.272496,264.348176,92.32692,264.364019,91.515699,267.049197,2.805042,285.652299,1.157834
A13,ARC,3CC8F,92.033573,264.291268,92.272496,264.348176,91.393241,267.509683,3.281497,281.252564,4.289346
A13,ARC,3CC8E,91.952504,264.275895,92.033573,264.291268,91.26183,268.139548,3.9249,280.135241,1.204569
A13,ARC,3CC8D,91.666766,264.234428,91.952504,264.275895,91.147849,268.81531,4.610179,276.462842,3.588969
A13,ARC,3CC8C,91.379034,264.20867,91.666766,264.234428,90.96648,270.437201,6.242178,273.789524,2.651832
A13,ARC,3CC8B,91.243153,264.2007,91.379034,264.20867,90.832377,272.366178,8.175804,272.87992,0.953898
A13,ARC,3CC8A,90.835037,264.18849,91.243153,264.2007,90.714635,275.039371,10.851549,270.635731,2.15593
A13,ARC,3CC89,90.653549,264.187085,90.835037,264.18849,90.602196,282.550843,18.363829,270.160224,0.566266
A13,ARC,3CC88,90.550439,264.186976,90.653549,264.187085,90.570873,293.389281,29.202313,269.959906,0.202307
A13,ARC,3CC87,90.241126,264.188451,90.550439,264.186976,90.609241,308.953354,44.766417,269.52885,0.39589
A13,ARC,3CC86,90.241126,264.188451,89.82869,264.191083,89.421797,168.138338,96.053607,89.511266,0.246022
A13,ARC,3CC85,89.82869,264.191083,89.630139,264.190999,89.740686,237.704729,26.486501,89.809628,0.429508
A13,ARC,3CC84,89.630139,264.190999,89.332366,264.187146,89.686301,248.342634,15.848464,90.203038,1.076622
A13,ARC,3CC83,89.332366,264.187146,89.034805,264.176575,89.570869,253.279373,10.91038,91.252596,1.563676
A13,ARC,3CC82,89.034805,264.176575,88.541239,264.138977,89.488082,254.967952,9.219773,92.818001,3.076492
A13,LINE,3CC81,88.541239,264.138977,88.541239,264.138977,,,,,
A13,ARC,3CC80,88.541239,264.138977,88.40543,264.12391,89.49366,254.934622,9.2535,95.907657,0.846073
A13,ARC,3CC7F,88.40543,264.12391,87.999411,264.06759,89.658871,253.595878,10.602384,96.789533,2.21529
A13,ARC,3CC7E,87.999411,264.06759,87.434934,263.966228,90.281194,249.738161,14.509964,99.047675,2.264758
A13,ARC,3CC7D,87.434934,263.966228,87.097926,263.896439,91.910364,241.505946,22.901828,101.269144,0.861025
A13,ARC,3CC7C,87.097926,263.896439,86.930813,263.860102,94.026272,231.63067,33.00124,102.118954,0.296917
A13,ARC,3CC7B,86.930813,263.860102,86.430164,263.748022,106.810975,173.883255,92.146914,102.459191,0.319003
A13,ARC,3CC7A,95.664816,271.303336,95.653566,271.307562,95.574515,271.079992,0.240909,67.985867,2.858511
A13,ARC,3CC79,95.70113,271.284518,95.664816,271.303336,95.586766,271.10827,0.210102,57.021264,11.171321
A13,ARC,3CC78,95.727536,271.263435,95.70113,271.284518,95.607715,271.14044,0.171712,45.748641,11.293281
A13,ARC,3CC77,95.769389,271.179211,95.727536,271.263435,95.63142,271.163162,0.138899,6.63468,39.577543
A13,ARC,3CC76,95.770191,271.170219,95.769389,271.179211,95.61107,271.160544,0.159416,3.479616,3.244829
A13,ARC,3CC75,95.68726,271.027083,95.770191,271.170219,95.622652,271.160109,0.147886,295.904999,68.015194
A13,ARC,3CC74,94.956354,270.720903,95.68726,271.027083,93.142039,276.077493,5.65551,288.711601,8.034819
A13,ARC,3CC73,94.275832,270.545118,94.956354,270.720903,93.477001,275.042817,4.568088,280.071216,8.82441
A13,ARC,3CC72,93.649345,270.48944,94.275832,270.545118,93.643798,274.104292,3.614856,270.087929,9.981628
A13,ARC,3CC71,92.947786,270.573069,93.649345,270.48944,93.639299,273.389646,2.900224,256.205831,13.992627
A13,ARC,3CC70,91.843596,271.174728,92.947786,270.573069,93.519287,272.935969,2.43103,226.425863,29.977431
A13,ARC,3CC6F,91.146446,272.34462,91.843596,271.174728,93.684887,273.064638,2.638581,195.835753,29.910785
A13,ARC,3CC6E,91.021831,273.411666,91.146446,272.34462,94.306905,273.254513,3.288831,177.261143,18.799902
A13,ARC,3CC6D,91.307293,274.714954,91.021831,273.411666,95.035195,273.215518,4.018154,158.089027,19.112944
A13,ARC,3CC6C,92.083495,276.01431,91.307293,274.714954,95.855055,272.879757,4.904089,140.269939,17.754079
A13,ARC,3CC6B,92.083495,276.01431,92.500985,274.635247,101.12195,277.997838,9.253542,192.377592,8.930582
A13,ARC,3CC6A,92.500985,274.635247,93.090949,273.445427,99.349175,277.289701,7.344646,201.187022,10.374354
A13,ARC,3CC69,93.090949,273.445427,93.691107,272.636213,98.062952,276.505774,5.838367,211.612962,9.899381
A13,ARC,3CC68,93.691107,272.636213,95.653566,271.307562,97.200235,275.705671,4.662141,221.176402,29.448512
A13,ARC,3CC67,106.396202,272.618668,107.558539,272.531506,107.642372,281.44311,8.911999,261.961961,7.499068
A13,ARC,3CC66,101.820154,274.956741,106.396202,272.618668,107.438294,280.305368,7.757017,223.592216,38.68722
A13,ARC,3CC65,99.880598,277.913961,101.820154,274.956741,109.123319,281.861337,10.050357,203.126327,20.26678
A13,ARC,3CC64,98.885694,281.527255,99.880598,277.913961,112.481266,283.327117,13.714193,187.541299,15.70671
A13,LINE,3C48D,107.558539,272.531506,107.64103,272.530569,,,,,
A13,ARC,3C48C,107.64103,272.530569,107.73276,272.800297,107.642433,272.680554,0.149991,269.464103,143.506988
A13,LINE,3C48B,107.73276,272.800297,107.702704,272.82297,,,,,
A13,ARC,3CC63,105.241519,279.399202,104.97932,279.820245,100.156236,276.524558,5.841548,29.478905,4.866483
A13,ARC,3CC62,105.699014,278.443243,105.241519,279.399202,97.742719,275.223036,8.583261,22.034995,7.078928
A13,ARC,3CC61,105.992714,277.65915,105.699014,278.443243,92.236246,272.953402,14.539068,18.884552,3.300075
A13,ARC,3CC60,106.252738,276.848493,105.992714,277.65915,84.07945,270.183294,23.153393,16.730563,2.106855
A13,ARC,3CC5F,106.560561,275.774469,106.252738,276.848493,59.438839,262.850152,48.861996,15.337633,1.310139
A13,ARC,3CC5E,106.560561,275.774469,106.840941,274.768837,214.556071,305.342742,111.970143,195.311868,0.534216
A13,ARC,3CC5D,106.840941,274.768837,107.044362,274.099239,124.680626,279.82276,18.54175,195.817248,2.162624
A13,ARC,3CC5C,107.044362,274.099239,107.18105,273.708623,115.69122,276.90581,9.090929,197.982233,2.608467
A13,ARC,3CC5B,107.18105,273.708623,107.3213,273.372269,111.812803,275.442504,4.945653,200.523212,4.222831
A13,ARC,3CC5A,107.3213,273.372269,107.467427,273.098433,109.649179,274.438591,2.560481,204.6109,6.949732
A13,ARC,3CC59,107.467427,273.098433,107.582272,272.939053,108.588662,273.785302,1.314898,211.491635,8.568034
A13,ARC,3CC58,107.582272,272.939053,107.702704,272.82297,108.153489,273.411153,0.741058,219.573079,12.960263
A13,ARC,3C489,104.97932,279.820245,98.993494,281.710664,100.643145,276.512149,5.453981,37.340241,70.265618
A13,LINE,3C488,98.993494,281.710664,98.974357,281.702671,,,,,
A13,LINE,3C487,98.974357,281.702671,98.883306,281.545163,,,,,
A13,LINE,3C486,98.883306,281.545163,98.885694,281.527255,,,,,
A13,ARC,3C485,117.180287,272.481687,116.53337,270.988274,128.528663,266.678978,12.745865,152.9182,7.321031
A13,ARC,3CC57,106.081246,282.912776,106.079563,282.895987,110.605466,282.450861,4.54774,174.1704,0.212577
A13,ARC,3CC56,106.083012,282.929157,106.081246,282.912776,106.943536,282.828109,0.866437,173.302643,1.089585
A13,ARC,3CC55,106.084042,282.937182,106.083012,282.929157,106.515147,282.877758,0.435181,172.151742,1.065234
A13,ARC,3CC54,106.086629,282.952873,106.084042,282.937182,106.364015,282.899079,0.282554,169.02462,3.225142
A13,ARC,3CC53,106.090228,282.96805,106.086629,282.952873,106.272037,282.916922,0.188861,164.293179,4.733237
A13,ARC,3CC52,106.096715,282.986232,106.090228,282.96805,106.222969,282.930939,0.137831,156.348995,8.031549
A13,ARC,3CC51,106.116153,283.016499,106.096715,282.986232,106.200777,282.940778,0.113555,138.177961,18.226595
A13,ARC,3CC50,106.140669,283.039314,106.116153,283.016499,106.245086,282.902535,0.17208,127.358014,11.168266
A13,ARC,3CC4F,106.172096,283.057619,106.140669,283.039314,106.227688,282.926043,0.142838,112.904274,14.628437
A13,ARC,3CC4E,106.23185,283.066678,106.172096,283.057619,106.219706,282.945187,0.122097,84.291813,28.65847
A13,ARC,3CC4D,107.256298,282.923365,106.23185,283.066678,105.100836,271.248668,11.872008,79.539454,4.99384
A13,ARC,3CC4C,108.743481,282.530301,107.256298,282.923365,105.551438,273.462948,9.612805,70.606047,9.17833
A13,ARC,3CC4B,112.193564,280.073786,108.743481,282.530301,106.249755,275.376942,7.575567,38.316062,32.464915
A13,ARC,3CC4A,113.366361,278.322083,112.193564,280.073786,102.181488,272.102063,12.798049,29.078875,9.448307
A13,ARC,3CC49,113.817886,277.496964,113.366361,278.322083,88.255433,264.044694,28.886027,27.75564,1.865741
A13,ARC,3CC48,114.46994,276.244761,113.817886,277.496964,-72.315511,179.776693,210.225813,27.314751,0.384779
A13,ARC,3CC47,114.46994,276.244761,114.914942,275.419547,144.463368,291.886306,33.826966,207.541999,1.588068
A13,ARC,3CC46,114.914942,275.419547,115.38988,274.617418,130.444256,284.072746,17.777443,209.127301,3.004741
A13,ARC,3CC45,115.38988,274.617418,115.776917,274.038921,125.799173,281.162918,12.296217,212.162218,3.243668
A13,ARC,3CC44,115.776917,274.038921,117.180287,272.481687,122.675923,278.845295,8.408182,214.864007,14.321972
A13,ARC,3CC43,116.217589,270.951366,116.53337,270.988274,115.348735,279.75457,8.845977,275.636692,2.059361
A13,ARC,3CC42,111.224566,272.068133,116.217589,270.951366,115.375529,278.906738,7.999814,238.742681,37.299461
A13,ARC,3CC41,108.722272,274.273639,111.224566,272.068133,116.255065,280.297836,9.64541,218.650361,19.913813
A13,ARC,3CC40,106.304726,279.360116,108.722272,274.273639,118.398289,281.990294,12.376271,192.269943,26.302534
A13,ARC,3CC3F,106.079563,282.895987,106.304726,279.360116,117.184905,281.828067,11.156571,174.50717,18.27297
A13,ARC,3C480,116.106742,269.534319,115.898166,264.96795,128.528663,266.678978,12.745865,167.054687,20.660091
A13,ARC,3CC3E,112.334358,262.068413,112.4559,262.519949,107.064635,263.729011,5.525176,342.509289,4.850518
A13,ARC,3CC3D,112.4559,262.519949,112.550729,263.010143,103.892896,264.430755,8.773609,347.420726,3.260992
A13,ARC,3CC3C,112.550729,263.010143,112.627831,263.531143,96.478049,265.654908,16.288826,350.655699,1.85265
A13,ARC,3CC3B,112.627831,263.531143,112.764787,264.634141,-76.284959,287.547955,190.43332,352.754755,0.334409
A13,ARC,3CC3A,112.842611,265.200432,112.764787,264.634141,137.44147,261.531401,24.870981,171.516616,1.316866
A13,ARC,3CC39,112.938643,265.766112,112.842611,265.200432,126.915308,263.102373,14.228234,169.209701,2.31069
A13,ARC,3CC38,113.061869,266.323327,112.938643,265.766112,122.458277,263.953114,9.690737,165.842662,3.374582
A13,ARC,3CC37,113.26783,266.995979,113.061869,266.323327,119.643221,264.676027,6.784379,160.003975,5.943702
A13,ARC,3CC36,113.684552,267.865648,113.26783,266.995979,117.699546,265.407098,4.707934,148.519103,11.756867
A13,ARC,3CC35,115.290328,269.263967,113.684552,267.865648,116.689537,266.036002,3.518173,113.435025,35.228985
A13,ARC,3CC34,116.104759,269.533863,115.290328,269.263967,117.149471,265.017626,4.635496,103.024773,10.620102
A13,ARC,3CC33,116.106742,269.534319,116.104759,269.533863,116.150528,269.33917,0.2,102.645979,0.583172
A13,LINE,3CC32,116.106742,269.534319,116.106742,269.534319,,,,,
A13,ARC,3C47D,112.334358,262.068413,112.511864,262.005043,112.425401,262.043142,0.094485,164.486732,171.733622
A13,ARC,3CC31,115.8398,264.711383,115.898166,264.96795,109.076549,266.384851,6.967213,346.102137,2.163946
A13,ARC,3CC30,115.732571,264.33722,115.8398,264.711383,110.9091,265.921994,5.077143,341.81183,4.393492
A13,ARC,3CC2F,115.595099,263.978428,115.732571,264.33722,112.060482,265.538465,3.863577,336.185273,5.700333
A13,ARC,3CC2E,114.19313,262.515247,115.595099,263.978428,112.931894,265.126967,2.90031,295.776535,40.894762
A13,ARC,3CC2D,113.449428,262.218693,114.19313,262.515247,112.115286,266.645285,4.623273,286.772419,9.93479
A13,ARC,3CC2C,112.511864,262.005043,113.449428,262.218693,111.409404,269.006977,7.088194,278.94781,7.778833
A13,ARC,3C47B,123.856711,278.537728,121.253171,280.00779,120.186344,275.077877,5.044022,43.308857,34.480677
A13,LINE,3C47A,121.253171,280.00779,121.163609,279.905108,,,,,
A13,ARC,3C479,121.163609,279.905108,121.609205,277.383098,127.482327,279.721147,6.321395,178.332375,23.374783
A13,ARC,3C478,123.856711,278.537728,121.609205,277.383098,128.528663,266.678978,12.745865,111.502788,11.377031
A13,ARC,3CC2B,111.646232,264.089831,111.925834,265.120634,93.992871,269.431576,18.443845,343.164668,3.318362
A13,ARC,3CC2A,111.274625,263.018787,111.646232,264.089831,99.266341,267.785137,12.919636,338.350793,5.029235
A13,ARC,3CC29,110.879206,262.161661,111.274625,263.018787,103.474065,266.097659,8.386191,332.008357,6.45255
A13,ARC,3CC28,110.460775,261.488773,110.879206,262.161661,105.833346,264.832852,5.709288,324.145696,7.958332
A13,ARC,3CC27,108.674993,260.088713,110.460775,261.488773,107.189673,263.822162,4.018061,291.694707,32.803734
A13,ARC,3CC26,108.262297,259.925432,108.674993,260.088713,105.209182,268.245408,8.862478,290.151215,2.869609
A13,ARC,3CC25,107.621149,259.69739,108.262297,259.925432,94.768417,296.848595,39.311636,289.083436,0.991819
A13,ARC,3CC24,107.621149,259.69739,107.179578,259.534453,112.928364,244.634635,15.970383,109.409414,1.688659
A13,ARC,3CC23,107.179578,259.534453,106.727176,259.34506,110.353565,251.317737,8.80844,111.120753,3.190593
A13,ARC,3CC22,106.727176,259.34506,105.791514,258.826118,109.344662,253.522705,6.383655,114.206683,9.614366
A13,ARC,3CC21,105.526613,258.953624,105.642316,259.322084,99.593592,261.019093,6.282269,340.805406,3.522783
A13,ARC,3CC20,105.642316,259.322084,105.89824,260.539602,95.41216,262.108134,10.602743,344.765694,6.726945
A13,ARC,3CC1F,105.89824,260.539602,106.018995,261.423613,81.333815,264.345346,24.857487,351.193235,2.056652
A13,ARC,3CC1E,106.234897,263.289214,106.018995,261.423613,406.321625,227.615547,302.199693,173.220616,0.356071
A13,ARC,3CC1D,106.371846,264.237019,106.234897,263.289214,130.862489,260.21455,24.81878,170.672725,2.210929
A13,ARC,3CC1C,106.50439,264.940579,106.371846,264.237019,121.709005,261.711909,15.543636,168.011432,2.639263
A13,ARC,3CC1B,106.8844,266.298062,106.50439,264.940579,116.589017,262.849449,10.299151,160.436927,7.848345
A13,ARC,3CC1A,107.360036,267.344868,106.8844,266.298062,113.312226,264.008917,6.823278,150.73121,9.666423
A13,ARC,3CC19,108.717513,268.924837,107.360036,267.344868,111.850249,264.860114,5.131862,127.621919,23.419208
A13,ARC,3CC18,110.346976,269.77976,108.717513,268.924837,112.144249,264.373879,5.696819,108.39023,18.588435
A13,ARC,3CC17,111.551358,270.082669,110.346976,269.77976,112.86805,262.301625,7.891662,99.604488,9.025815
A13,ARC,3CC16,112.601068,270.208326,111.551358,270.082669,113.342676,259.565771,10.668363,93.986113,5.68017
A13,ARC,3CC15,113.786079,270.239044,112.601068,270.208326,113.555284,256.269707,13.971243,89.053472,4.8628
A13,ARC,3CC14,113.932612,270.109551,113.786079,270.239044,113.78477,270.089908,0.149142,7.568243,81.928577
A13,LINE,3CC13,113.932612,270.109551,113.932612,270.109551,,,,,
A13,ARC,3CC12,113.93336,270.102661,113.932612,270.109551,113.821027,270.093946,0.112671,4.436409,3.524584
A13,ARC,3CC11,113.931475,270.074333,113.93336,270.102661,113.838204,270.094765,0.095483,347.643472,17.099974
A13,ARC,3CC10,113.919315,270.044459,113.931475,270.074333,113.833539,270.096787,0.100477,328.614241,18.472303
A13,ARC,3CC0F,113.901212,270.020285,113.919315,270.044459,113.783922,270.126981,0.158559,317.707937,10.92961
A13,ARC,3CC0E,113.888101,270.006507,113.901212,270.020285,113.666111,270.230882,0.315632,314.693776,3.453089
A13,ARC,3CC0D,113.873896,269.992884,113.888101,270.006507,113.394674,270.506792,0.702677,312.999655,1.604894
A13,ARC,3CC0C,113.873896,269.992884,113.854094,269.974409,117.310408,266.289641,5.052091,132.860511,0.307133
A13,ARC,3CC0B,113.854094,269.974409,113.839226,269.959907,114.241351,269.562514,0.565354,133.234054,2.104958
A13,ARC,3CC0A,113.839226,269.959907,113.824885,269.944497,114.077911,269.723388,0.336023,135.261064,3.590103
A13,ARC,3CC09,113.824885,269.944497,113.742518,269.848611,119.803767,264.725271,7.936457,138.880879,0.912571
A13,ARC,3CC08,113.742518,269.848611,113.525622,269.577902,118.091751,266.141699,5.714633,139.558577,3.478433
A13,ARC,3CC07,113.525622,269.577902,113.146924,268.957605,116.380452,267.409252,3.585122,142.778154,11.634728
A13,ARC,3CC06,113.146924,268.957605,112.971566,268.540285,117.648731,266.820438,4.983347,154.604661,5.206298
A13,ARC,3CC05,112.971566,268.540285,112.841004,268.16388,122.433156,265.047534,10.085683,159.738353,2.263451
A13,ARC,3CC04,112.841004,268.16388,112.648679,267.542451,137.652492,260.144528,26.075275,162.088584,1.429415
A13,ARC,3CC03,112.648679,267.542451,112.271672,266.265478,652.157225,107.566754,562.727017,163.483796,0.135567
A13,ARC,3CC02,111.925834,265.120634,112.271672,266.265478,-5.717865,301.283444,123.076354,342.912956,0.556748
A13,ARC,3C472,105.526613,258.953624,105.791514,258.826118,105.671804,258.91634,0.149902,165.598148,157.397568
A13,ARC,3C471,120.541683,276.612015,117.877932,273.680335,128.528663,266.678978,12.745865,128.802147,17.878564
A13,ARC,3CC01,116.835022,274.469301,117.877932,273.680335,121.830326,279.988659,7.444218,227.853278,10.078079
A13,ARC,3CC00,113.975982,280.606105,116.835022,274.469301,122.882969,281.021336,8.91666,182.669118,44.621899
A13,ARC,3CBFF,114.252153,282.785657,113.975982,280.606105,120.659032,280.866569,6.688123,163.325174,18.906738
A13,ARC,3CBFE,114.439152,282.885244,114.252153,282.785657,114.395559,282.741739,0.14998,73.102611,89.870128
A13,LINE,3CBFD,114.439152,282.885244,114.439152,282.885244,,,,,
A13,ARC,3CBFC,114.824298,282.757294,114.439152,282.885244,110.739276,271.104439,12.348135,70.681386,1.883214
A13,ARC,3CBFB,116.489384,282.007698,114.824298,282.757294,111.519964,273.193212,10.118809,60.586617,10.35365
A13,ARC,3CBFA,119.198675,279.452479,116.489384,282.007698,112.757724,275.337094,7.643444,32.576159,28.200378
A13,ARC,3CBF9,119.810004,278.353175,119.198675,279.452479,110.562657,273.930305,10.25062,25.561101,7.035177
A13,ARC,3CBF8,120.200378,277.471753,119.810004,278.353175,105.044803,271.286638,16.36909,22.200777,3.374722
A13,ARC,3CBF7,120.541683,276.612015,120.200378,277.471753,73.684275,258.507821,50.233242,21.124927,1.055073
A13,ARC,3CBF6,94.911618,253.763361,93.738806,254.846964,91.710661,251.475364,3.934598,35.556627,23.414875
A13,LINE,3CBF5,94.911618,253.763361,94.911618,253.763361,,,,,
A13,ARC,3CBF4,95.025918,253.592047,94.911618,253.763361,92.034615,251.720052,3.528776,32.038833,3.344338
A13,ARC,3CBF3,95.445502,252.554758,95.025918,253.592047,92.371881,251.914983,3.139499,11.758231,20.53021
A13,ARC,3CBF2,95.495207,252.223695,95.445502,252.554758,92.56056,251.952349,2.947166,5.282718,6.511817
A13,ARC,3CBF1,95.501404,251.831886,95.495207,252.223695,93.033132,251.988801,2.473256,356.362434,9.087372
A13,ARC,3CBF0,95.464606,251.558864,95.501404,251.831886,93.545844,251.956466,1.959525,348.29296,8.061893
A13,ARC,3CBEF,95.387886,251.299819,95.464606,251.558864,93.905905,251.879613,1.591361,338.633121,9.738882
A13,ARC,3CBEE,95.133504,250.892068,95.387886,251.299819,94.200561,251.757326,1.272421,317.155619,21.771421
A13,ARC,3CBED,95.084124,250.842339,95.133504,250.892068,94.2388,251.731118,1.226581,313.564482,3.274079
A13,ARC,3CBEC,94.499599,250.513583,95.084124,250.842339,94.13021,251.854369,1.390739,285.402954,27.903764
A13,ARC,3CBEB,94.297539,250.477903,94.499599,250.513583,94.202951,251.603537,1.129602,274.803368,10.421807
A13,ARC,3CBEA,94.133307,250.478907,94.297539,250.477903,94.221012,251.391871,0.917167,264.512646,10.273583
A13,ARC,3CBE9,93.973309,250.51088,94.133307,250.478907,94.216767,251.312882,0.838141,253.113625,11.171542
A13,ARC,3CBE8,93.705077,250.642698,93.973309,250.51088,94.260591,251.434273,0.96705,234.939481,17.778774
A13,ARC,3CBE7,93.470589,250.852261,93.705077,250.642698,94.486527,251.753065,1.357784,221.562487,13.300515
A13,ARC,3CBE6,93.163552,251.310533,93.470589,250.852261,95.046938,252.240391,2.100423,206.276279,15.0908
A13,ARC,3CBE5,92.957359,251.835647,93.163552,251.310533,95.875482,252.678447,3.037392,196.109548,10.657103
A13,ARC,3CBE4,92.90853,252.025277,92.957359,251.835647,96.136655,252.7554,3.309663,192.744479,3.390391
A13,ARC,3CBE3,92.837998,252.4358,92.90853,252.025277,97.062919,252.950361,4.25614,186.943961,5.609631
A13,ARC,3CBE2,92.813463,252.657618,92.837998,252.4358,100.871232,253.43663,8.095338,185.522099,1.579573
A13,ARC,3CBE1,92.7801,253.027403,92.813463,252.657618,125.377508,255.782002,32.713588,184.830225,0.650289
A13,ARC,3CBE0,110.106087,271.202984,110.005173,271.172879,110.318777,270.305835,0.922016,103.337044,6.547661
A13,ARC,3CBDF,110.262088,271.22774,110.106087,271.202984,110.354779,270.139741,1.09194,94.869518,8.295281
A13,ARC,3CBDE,110.426868,271.233552,110.262088,271.22774,110.402707,269.579815,1.653913,89.162975,5.714304
A13,ARC,3CBDD,110.489812,271.231871,110.426868,271.233552,110.418652,269.746475,1.4871,87.257245,2.426213
A13,ARC,3CBDC,110.55272,271.226994,110.489812,271.231871,110.446145,270.260422,0.972429,83.707943,3.718318
A13,ARC,3CBDB,110.603888,271.219413,110.55272,271.226994,110.478748,270.551236,0.679795,79.392162,4.360778
A13,ARC,3CBDA,110.671623,271.20169,110.603888,271.219413,110.519589,270.758955,0.468112,71.047651,8.577662
A13,ARC,3CBD9,110.732363,271.173529,110.671623,271.20169,110.569335,270.901483,0.317154,59.067227,12.117584
A13,ARC,3CBD8,110.789752,271.125531,110.732363,271.173529,110.609769,270.968639,0.238765,41.078697,18.027393
A13,ARC,3CBD7,110.831126,271.059833,110.789752,271.125531,110.584443,270.950359,0.269883,23.930911,16.540275
A13,ARC,3CBD6,110.859514,270.890722,110.831126,271.059833,110.514378,270.919723,0.346353,355.196863,28.664887
A13,ARC,3CBD5,110.840539,270.804617,110.859514,270.890722,110.517018,270.921053,0.343837,340.206082,14.733019
A13,ARC,3CBD4,110.795654,270.71633,110.840539,270.804617,110.463015,270.941,0.401404,325.964226,14.173144
A13,ARC,3CBD3,110.681087,270.598426,110.795654,270.71633,110.406142,270.980201,0.470475,305.760528,20.124232
A13,ARC,3CBD2,110.653368,270.579832,110.681087,270.598426,110.393346,270.997418,0.491925,301.909687,3.88839
A13,ARC,3CBD1,110.564669,270.535268,110.653368,270.579832,110.353394,271.066345,0.571559,291.693782,9.963308
A13,ARC,3CBD0,110.480591,270.507138,110.564669,270.535268,110.271876,271.270687,0.791561,285.288236,6.420754
A13,ARC,3CBCF,110.39364,270.486703,110.480591,270.507138,110.155005,271.697286,1.233879,281.151393,4.14855
A13,ARC,3CBCE,110.349702,270.478437,110.39364,270.486703,109.999058,272.463171,2.01547,280.019075,1.271001
A13,ARC,3CBCD,110.229367,270.459927,110.349702,270.478437,109.867423,273.213285,2.777046,277.488907,2.512139
A13,ARC,3CBCC,110.029006,270.439914,110.229367,270.459927,109.786235,273.883481,3.452115,274.032668,3.342481
A13,ARC,3CBCB,109.868754,270.43116,110.029006,270.439914,109.67608,275.429712,5.002264,272.207423,1.838336
A13,ARC,3CBCA,109.708401,270.426452,109.868754,270.43116,109.531485,279.183931,8.759266,271.157311,1.049363
A13,ARC,3CBC9,109.343918,270.422359,109.708401,270.426452,109.270959,293.151621,22.729379,270.183913,0.918849
A13,ARC,3CBC8,109.343918,270.422359,108.796197,270.420515,109.324379,194.892606,75.529755,89.985178,0.415497
A13,ARC,3CBC7,108.796197,270.420515,108.522379,270.415963,108.924202,254.481405,15.939624,90.460126,0.984398
A13,ARC,3CBC6,108.522379,270.415963,108.248894,270.405569,108.776288,260.132041,10.287056,91.414338,1.524376
A13,ARC,3CBC5,108.248894,270.405569,107.561413,270.346289,108.834881,259.593684,10.827754,93.102303,3.651967
A13,ARC,3CBC4,107.561413,270.346289,105.517267,269.998927,110.096642,249.238741,21.259256,96.848991,5.590367
A13,ARC,3CBC3,105.517267,269.998927,101.019508,268.265007,108.782311,254.82894,15.517378,102.146504,17.871039
A13,ARC,3CBC2,101.019508,268.265007,97.516544,265.467423,108.049104,255.871084,14.248668,119.561076,18.101906
A13,ARC,3CBC1,97.516544,265.467423,95.132037,261.654957,107.912964,256.313053,13.852366,138.635084,18.681985
A13,ARC,3CBC0,95.132037,261.654957,93.820167,256.291254,111.545022,254.79834,17.787616,157.326992,17.858513
A13,ARC,3CBBF,93.820167,256.291254,93.738806,254.846964,113.69004,254.44749,19.955233,174.698596,4.154353
A13,LINE,3CBBE,93.738806,254.846964,93.738806,254.846964,,,,,
A13,ARC,3CBBD,93.414961,259.723906,92.7801,253.027403,113.545541,254.437083,20.813235,165.284919,18.598696
A13,ARC,3CBBC,94.8906,263.488329,93.414961,259.723906,109.787088,255.477531,16.913847,151.730226,13.729582
A13,ARC,3CBBB,98.29824,267.537349,94.8906,263.488329,106.179509,257.446065,12.804234,127.989755,23.852821
A13,ARC,3CBBA,103.851844,270.408464,98.29824,267.537349,108.801427,254.027741,17.112173,106.812664,21.050992
A13,ARC,3CBB9,106.917494,270.909211,103.851844,270.408464,107.315995,258.834961,12.080823,91.890319,14.773041
A13,ARC,3CBB8,108.251033,270.927168,106.917494,270.909211,109.539501,125.720157,145.212728,90.50839,0.526217
A13,ARC,3CBB7,108.251033,270.927168,108.914253,270.971108,108.038624,279.160422,8.235993,271.47784,4.625231
A13,ARC,3CBB6,108.914253,270.971108,110.005173,271.172879,107.820482,279.934859,9.030236,276.956929,7.043585
A13,ARC,3C45E,80.225582,258.32256,79.961704,255.562548,154.498997,249.828839,74.757498,173.476139,2.125102
A13,ARC,3C45D,80.780661,258.762339,80.225582,258.32256,80.722345,258.265752,0.5,83.302175,90.173964
A13,ARC,3CBB5,125.881487,285.267415,125.447642,285.489437,106.145502,247.236871,42.846603,62.572904,0.651711
A13,ARC,3CBB4,125.447642,285.489437,122.429766,286.855712,108.540773,252.161083,37.371398,63.102147,5.080584
A13,ARC,3CBB3,122.429766,286.855712,118.963052,288.010874,110.962815,258.222167,30.8443,68.17525,6.791776
A13,ARC,3CBB2,118.963052,288.010874,117.479955,288.355858,110.478868,254.897575,34.182919,75.629005,2.552475
A13,ARC,3CBB1,117.479955,288.355858,111.241194,289.000538,111.298028,259.040984,29.959607,78.091926,12.016766
A13,ARC,3CBB0,83.458424,270.395578,82.562676,267.660699,123.891588,255.638466,43.041992,159.949159,3.831572
A13,ARC,3CBAF,82.562676,267.660699,81.51011,263.329822,131.609622,253.447109,51.06495,163.838644,5.002364
A13,ARC,3CBAE,81.51011,263.329822,80.780661,258.762339,143.527617,251.083334,63.21509,168.829615,4.193192
A13,ARC,3CBAD,133.203423,284.814367,133.824672,285.448966,129.970486,288.600688,4.978765,310.492243,10.233514
A13,ARC,3CBAC,130.89674,283.839358,133.203423,284.814367,130.547597,287.881448,4.057141,274.936769,35.952958
A13,ARC,3CBAB,129.644096,283.880203,130.89674,283.839358,130.442463,289.1361,5.316187,261.362833,13.539158
A13,ARC,3CBAA,128.18472,284.248581,129.644096,283.880203,130.848854,291.72793,7.939664,250.394171,10.878101
A13,ARC,3CBA9,127.454883,284.530295,128.18472,284.248581,132.231655,295.819239,12.257969,247.064973,3.657315
A13,ARC,3CBA8,126.792356,284.827276,127.454883,284.530295,134.546316,301.237918,18.150291,244.709462,2.292086
A13,ARC,3CBA7,125.881487,285.267415,126.792356,284.827276,156.84828,348.190632,70.130403,243.796532,0.826501
A13,ARC,3C458,134.513804,285.527544,133.824672,285.448966,134.210044,285.130393,0.5,52.589525,87.831144
A13,LINE,3C457,134.513804,285.527544,135.426663,284.829346,,,,,
A13,LINE,3C456,135.426663,284.829346,134.092476,283.331868,,,,,
A13,LINE,3C455,134.092476,283.331868,135.681083,282.116825,,,,,
A13,LINE,3C454,135.681083,282.116825,136.776979,283.796561,,,,,
A13,LINE,3C453,136.776979,283.796561,137.738038,283.061497,,,,,
A13,ARC,3C452,137.874045,282.426427,137.738038,283.061497,137.434278,282.664345,0.5,331.586162,81.003363
A13,ARC,3CBA6,167.666905,277.558843,167.219526,278.897901,162.73744,276.656172,5.011431,10.376884,16.195178
A13,ARC,3CBA5,167.754071,276.205975,167.666905,277.558843,161.599854,276.488698,6.160708,357.369705,12.633598
A13,ARC,3CBA4,167.027725,273.772393,167.754071,276.205975,162.740418,276.377204,5.016577,328.718664,29.325304
A13,ARC,3CBA3,165.098812,271.889832,167.027725,273.772393,162.11131,276.880375,5.816415,300.906111,26.794271
A13,ARC,3CBA2,163.76761,271.208852,165.098812,271.889832,160.345476,279.540174,9.006771,292.330664,9.522985
A13,ARC,3CBA1,162.235683,270.692762,163.76761,271.208852,159.072661,282.613341,12.333082,284.860499,7.515267
A13,ARC,3CBA0,160.088517,270.26965,162.235683,270.692762,157.836734,287.356468,17.234555,277.507452,7.280358
A13,ARC,3CB9F,157.255911,270.070807,160.088517,270.26965,157.025954,293.621887,23.552203,270.55943,6.912069
A13,ARC,3CB9E,152.201529,270.431505,157.255911,270.070807,156.982207,301.828771,31.759143,261.342405,9.151383
A13,ARC,3CB9D,147.879516,271.361063,151.905021,270.477136,157.278628,304.557423,34.501328,254.191229,6.848431
A13,ARC,3CB9C,144.503088,272.533875,147.879516,271.361063,155.827353,299.688863,29.421631,247.362723,6.964927
A13,ARC,3CB9B,141.557081,274.025233,144.503088,272.533875,152.691975,292.365507,21.455803,238.736888,8.826379
A13,ARC,3CB9A,139.684842,275.381413,141.557081,274.025233,148.837353,286.046256,14.05373,229.363982,9.43573
A13,ARC,3CB99,138.277142,276.88998,139.684842,275.381413,145.500004,282.218826,8.975875,216.418978,13.20014
A13,ARC,3CB98,137.507985,278.290956,138.277142,276.88998,143.119216,280.459978,6.01586,201.13402,15.266852
A13,ARC,3CB97,137.341392,281.079678,137.507985,278.290956,141.784692,279.945776,4.585701,165.684037,35.469314
A13,ARC,3CB96,137.874045,282.426427,137.341392,281.079678,142.983455,279.626894,5.826102,151.280914,14.279572
A13,LINE,3C44F,167.219526,278.897901,167.201556,278.93395,,,,,
A13,ARC,3C44E,167.429132,279.606056,167.201556,278.93395,167.649041,279.157013,0.5,116.09237,90.403014
A13,LINE,3C44D,167.429132,279.606056,169.384671,280.563742,,,,,
A13,ARC,3C44C,169.987502,280.436213,169.384671,280.563742,169.604581,280.114699,0.5,40.018056,76.074313
A13,ARC,3C44B,169.987502,280.436213,173.148587,278.761603,173.633263,283.497329,4.760463,220.018056,44.138375
A13,ARC,3CB95,177.098256,278.995356,182.529186,280.132201,163.848613,355.832186,77.970838,279.783793,4.078202
A13,LINE,3CB94,177.098256,278.995356,177.098256,278.995356,,,,,
A13,ARC,3CB93,173.148587,278.761603,177.098256,278.995356,174.03746,297.227788,18.487566,267.244186,12.285567
A13,LINE,3CB92,173.148587,278.761603,173.148587,278.761603,,,,,
A13,ARC,3CB91,202.749709,277.655292,190.051384,281.223046,190.048658,256.831572,24.391474,58.619652,31.373943
A13,LINE,3CB90,190.051384,281.223046,190.051384,281.223046,,,,,
A13,ARC,3CB8F,190.051384,281.223046,187.785451,281.098933,190.303294,255.877274,25.347023,90.569438,5.131432
A13,LINE,3CB8E,187.785451,281.098933,187.785451,281.098933,,,,,
A13,ARC,3CB8D,187.785451,281.098933,185.196401,280.704502,190.574475,254.097235,27.145356,95.897209,5.529913
A13,LINE,3CB8C,185.196401,280.704502,185.196401,280.704502,,,,,
A13,ARC,3CB8B,185.196401,280.704502,182.529186,280.132201,198.537635,212.026109,69.962205,100.993172,2.234183
A13,LINE,3CB8A,182.529186,280.132201,182.529186,280.132201,,,,,
A13,LINE,3C444,214.431238,256.172966,212.105088,256.267518,,,,,
A13,ARC,3C443,211.913211,256.467358,212.105088,256.267518,212.113211,256.467353,0.2,179.998771,87.673572
A13,LINE,3C442,211.913211,256.467358,211.913271,259.2747,,,,,
A13,LINE,3C441,211.913271,259.2747,208.913304,259.260597,,,,,
A13,LINE,3C440,208.913304,259.260597,208.913244,256.461216,,,,,
A13,ARC,3C43F,208.713238,256.26122,208.913244,256.461216,208.713244,256.46122,0.2,269.998356,90.000415
A13,LINE,3C43E,208.713238,256.26122,207.91324,256.261243,,,,,
A13,ARC,3C43D,207.585082,249.978839,207.91324,243.396434,270.757434,249.828839,63.172531,179.863954,5.980192
A13,ARC,3C43C,207.91324,256.261243,207.585082,249.978839,270.757434,249.828839,63.172531,174.155854,5.7081
A13,LINE,3C43B,207.91324,243.396434,208.713238,243.396457,,,,,
A13,ARC,3C43A,208.913244,243.196462,208.713238,243.396457,208.713244,243.196457,0.2,0.001229,90.000415
A13,LINE,3C439,208.913244,243.196462,208.913304,240.397081,,,,,
A13,LINE,3C438,208.913304,240.397081,211.913271,240.382978,,,,,
A13,LINE,3C437,211.913271,240.382978,211.913211,243.19032,,,,,
A13,ARC,3C436,212.105088,243.390159,211.913211,243.19032,212.113211,243.190324,0.2,92.327656,87.673572
A13,LINE,3C435,212.105088,243.390159,214.431238,243.484712,,,,,
A13,ARC,3CB89,182.529186,219.525477,185.196401,218.953176,198.537635,287.631568,69.962205,256.772645,2.234183
A13,LINE,3CB88,185.196401,218.953176,185.196401,218.953176,,,,,
A13,ARC,3CB87,185.196401,218.953176,187.785452,218.558745,190.574475,245.560442,27.145355,258.572879,5.529915
A13,LINE,3CB86,187.785452,218.558745,187.785452,218.558745,,,,,
A13,ARC,3CB85,187.785452,218.558745,190.051384,218.434632,190.303294,243.780403,25.347023,264.299132,5.131429
A13,LINE,3CB84,190.051384,218.434632,190.051384,218.434632,,,,,
A13,ARC,3CB83,202.451666,221.823502,214.431238,243.484712,190.048658,242.826106,24.391474,300.563814,60.983445
A13,LINE,3CB82,214.431238,243.484712,214.431238,243.484712,,,,,
A13,ARC,3CB81,177.098256,220.662322,173.148587,220.896074,174.03746,202.429889,18.487566,80.470247,12.285567
A13,LINE,3CB80,177.098256,220.662322,177.098256,220.662322,,,,,
A13,ARC,3CB7F,182.529186,219.525477,177.098256,220.662322,163.848613,143.825492,77.970838,76.138005,4.078202
A13,LINE,3CB7E,182.529186,219.525477,182.529186,219.525477,,,,,
A13,ARC,3C42E,173.148587,220.896074,169.987502,219.221464,173.633263,216.160349,4.760463,95.843569,44.138375
A13,ARC,3C42D,169.384671,219.093936,169.987502,219.221464,169.604581,219.542979,0.5,243.90763,76.074313
A13,LINE,3C42C,169.384671,219.093936,167.429132,220.051622,,,,,
A13,ARC,3C42B,167.201556,220.723728,167.429132,220.051622,167.649041,220.500665,0.5,153.504617,90.403014
A13,LINE,3C42A,167.201556,220.723728,167.219526,220.759777,,,,,
A13,ARC,3CB7D,137.41542,218.312196,137.874045,217.23125,142.860971,219.984874,5.696655,197.07508,11.831014
A13,ARC,3CB7C,137.507985,221.366722,137.41542,218.312196,141.804368,219.707857,4.605512,158.888066,38.752313
A13,ARC,3CB7B,138.277142,222.767698,137.507985,221.366722,143.119216,219.197699,6.01586,143.599127,15.266852
A13,ARC,3CB7A,139.453217,224.069674,138.277142,222.767698,145.349546,217.561357,8.782077,132.175582,11.465824
A13,ARC,3CB79,141.557081,225.632444,139.453217,224.069674,148.675171,213.852251,13.763726,121.142144,10.926363
A13,ARC,3CB78,144.860464,227.270532,141.557081,225.632444,152.985554,206.735536,22.084002,111.58724,9.577472
A13,ARC,3CB77,151.905021,229.180542,144.860464,227.270532,156.914602,196.758071,32.807202,98.78329,12.773519
A13,ARC,3CB76,157.743132,229.576287,152.201529,229.226173,156.914465,198.661153,30.926238,88.464578,10.30104
A13,ARC,3CB75,160.53586,229.322598,157.743132,229.576287,157.121328,207.232456,22.352481,81.213179,7.192753
A13,ARC,3CB74,162.635687,228.850997,160.53586,229.322598,158.14464,213.764969,15.740323,73.421954,7.840022
A13,ARC,3CB73,164.120511,228.294292,162.635687,228.850997,159.380172,217.909519,11.415531,65.464719,7.965491
A13,ARC,3CB72,165.098812,227.767846,164.120511,228.294292,160.568624,220.521576,8.545819,57.987404,7.453691
A13,ARC,3CB71,165.945738,227.145001,165.098812,227.767846,161.502814,221.990866,6.804755,49.238278,8.860686
A13,ARC,3CB70,167.510757,224.83286,165.945738,227.145001,162.679428,223.248407,5.084509,18.157105,31.871559
A13,ARC,3CB6F,167.73366,222.581492,167.510757,224.83286,162.065097,223.156979,5.6977,354.203047,22.902499
A13,ARC,3CB6E,167.219526,220.759777,167.73366,222.581492,162.671908,223.026637,5.081288,333.505028,21.469148
A13,ARC,3C427,137.738038,216.59618,137.874045,217.23125,137.434278,216.993332,0.5,307.410475,81.003363
A13,LINE,3C426,137.738038,216.59618,136.776979,215.861117,,,,,
A13,LINE,3C425,136.776979,215.861117,135.681083,217.540852,,,,,
A13,LINE,3C424,135.681083,217.540852,134.092476,216.32581,,,,,
A13,LINE,3C423,134.092476,216.32581,135.426663,214.828331,,,,,
A13,LINE,3C422,135.426663,214.828331,134.513804,214.130133,,,,,
A13,ARC,3C421,133.824672,214.208712,134.513804,214.130133,134.210044,214.527285,0.5,219.579331,87.831144
A13,ARC,3CB6D,126.589256,214.733664,125.881487,214.390263,156.84828,151.467046,70.130403,115.560758,0.64271
A13,ARC,3CB6C,127.004725,214.929074,126.589256,214.733664,137.013347,193.110073,24.005027,114.641458,1.095877
A13,ARC,3CB6B,127.934957,215.318905,127.004725,214.929074,132.980777,201.97353,14.267422,110.711355,4.051279
A13,ARC,3CB6A,128.700715,215.572287,127.934957,215.318905,131.367603,206.228747,9.716688,105.930117,4.757535
A13,ARC,3CB69,129.644096,215.777475,128.700715,215.572287,130.718164,208.568032,7.289011,98.473641,7.594447
A13,ARC,3CB68,130.89674,215.81832,129.644096,215.777475,130.440325,210.587149,5.251044,85.013626,13.707922
A13,ARC,3CB67,132.945034,215.047585,130.89674,215.81832,130.551841,211.794594,4.038481,53.658451,31.442337
A13,ARC,3CB66,133.824672,214.208712,132.945034,215.047585,130.012245,211.091648,4.924498,39.269645,14.178453
A13,ARC,3CB65,99.803808,212.368063,105.480008,211.040236,109.785061,242.23972,31.4951,251.523572,10.620093
A13,ARC,3CB64,105.480008,211.040236,111.241194,210.65714,111.072237,251.627608,40.970817,262.155038,8.08124
A13,ARC,3CB63,111.241194,210.65714,111.730602,210.661213,111.211918,243.578765,32.921638,270.050949,0.851788
A13,ARC,3CB62,111.730602,210.661213,116.512694,211.114867,111.322725,240.392268,29.733852,270.785986,9.266341
A13,ARC,3CB61,116.512694,211.114867,118.963047,211.646802,110.575442,244.374477,33.785391,280.121394,4.253256
A13,ARC,3CB60,118.963047,211.646802,122.860128,212.976936,110.775386,242.009335,31.447118,285.091594,7.507937
A13,ARC,3CB5F,122.860128,212.976936,125.881487,214.390263,107.787961,249.133822,39.172574,292.629043,4.880264
A13,ARC,3C41C,80.225582,241.335117,80.780661,240.895338,80.722345,241.391926,0.5,186.523861,90.173964
A13,ARC,3C41B,79.961704,244.09513,80.225582,241.335117,154.498997,249.828839,74.757498,184.398759,2.125102
A13,ARC,3C41A,79.961704,244.09513,72.023504,245.834677,75.127525,241.017228,5.730861,32.484744,90.310101
A13,ARC,3C419,71.098525,246.339707,72.023504,245.834677,71.698525,246.339047,0.6,179.936982,122.857862
A13,LINE,3C418,71.098525,246.339707,71.098525,248.328839,,,,,
A13,LINE,3C417,71.098525,248.328839,74.098525,248.328839,,,,,
A13,LINE,3C416,74.098525,251.328839,71.098525,251.328839,,,,,
A13,LINE,3C415,71.098525,251.328839,71.098525,253.317971,,,,,
A13,ARC,3C414,72.023504,253.823,71.098525,253.317971,71.698525,253.318631,0.6,57.205155,122.857862
A13,ARC,3C413,72.023504,253.823,79.961704,255.562548,75.127525,258.64045,5.730861,237.205155,90.310101
A13,ARC,3C412,79.562963,250.328807,78.562963,251.328807,78.562963,250.328807,1,0,90
A13,ARC,3C411,77.562964,251.328807,76.562964,250.328807,77.562964,250.328807,1,90,90
A13,ARC,3C410,76.562964,249.328872,77.562964,248.328872,77.562964,249.328872,1,180,90
A13,ARC,3C40F,78.562963,248.328872,79.562963,249.328872,78.562963,249.328872,1,270,90
A13,ARC,3C40E,85.034729,250.92884,84.134729,251.82884,84.134729,250.92884,0.9,0,90
A13,ARC,3C40D,83.934729,251.82884,83.034729,250.92884,83.934729,250.92884,0.9,90,90
A13,ARC,3C40C,83.034729,248.72884,83.934729,247.82884,83.934729,248.72884,0.9,180,90
A13,ARC,3C40B,84.134729,247.82884,85.034729,248.72884,84.134729,248.72884,0.9,270,90
A13,LINE,3C40A,116.261282,249.060218,113.261555,249.060218,,,,,
A13,LINE,3C409,113.261555,247.060218,116.261282,247.060218,,,,,
A13,LINE,3C408,116.261282,252.964288,113.261555,252.964288,,,,,
A13,LINE,3C407,113.261555,250.964288,116.261282,250.964288,,,,,
A13,CIRCLE,3C406,,,,,152.043082,235.472108,1,,
A13,LINE,3C405,191.137933,273.851003,190.789392,274.55454,,,,,
A13,LINE,3C404,190.789392,274.55454,191.653047,275.780331,,,,,
A13,LINE,3C403,191.653047,275.780331,190.427256,274.916676,,,,,
A13,LINE,3C402,190.427256,274.916676,189.723719,275.265217,,,,,
A13,LINE,3C401,189.723719,275.265217,190.07226,274.56168,,,,,
A13,LINE,3C400,190.07226,274.56168,189.208605,273.335889,,,,,
A13,LINE,3C3FF,189.208605,273.335889,190.434396,274.199544,,,,,
A13,LINE,3C3FE,190.434396,274.199544,191.137933,273.851003,,,,,
A13,ARC,3CB5E,201.63918,271.041553,200.860697,270.896032,202.984333,261.690402,9.447404,98.185785,4.804455
A13,ARC,3CB5D,200.860697,270.896032,198.66105,270.030432,202.541166,263.398007,7.684032,102.632463,17.696118
A13,ARC,3CB5C,198.66105,270.030432,196.416361,268.199807,203.666884,261.600824,9.803911,120.703513,16.989941
A13,ARC,3CB5B,196.416361,268.199807,195.558089,267.198769,213.008125,253.105882,22.430185,137.70646,3.368724
A13,ARC,3CB5A,194.55171,265.984,195.558089,267.198769,164.950974,291.531091,39.100607,319.203969,2.311715
A13,ARC,3CB59,194.200144,265.596145,194.55171,265.984,184.085341,275.11783,13.891427,316.730086,2.159236
A13,ARC,3CB58,190.367067,263.197003,194.200144,265.596145,187.904365,271.393227,8.558212,286.723832,30.637646
A13,ARC,3CB57,187.287817,262.747422,190.367067,263.197003,187.259637,273.710346,10.962961,270.147278,16.318827
A13,ARC,3CB56,187.287817,262.747422,188.629843,264.816559,172.283732,273.948732,18.7241,323.256794,7.552178
A13,ARC,3CB55,188.629843,264.816559,189.514545,266.592841,168.332587,276.034352,23.190892,331.071654,4.904208
A13,ARC,3CB54,190.070135,267.840634,189.514545,266.592841,598.10971,85.410032,446.96445,155.911037,0.175092
A13,ARC,3CB53,190.777486,269.22658,190.070135,267.840634,204.080342,261.563672,15.352073,150.056558,5.809735
A13,ARC,3CB52,191.948404,270.868966,190.777486,269.22658,199.432733,264.294518,9.961855,138.703011,11.62099
A13,ARC,3CB51,194.955493,272.96452,191.948404,270.868966,197.631104,265.919716,7.535791,110.796734,28.149591
A13,ARC,3CB50,196.349899,273.263777,194.955493,272.96452,196.704167,268.214755,5.061435,94.013626,16.198072
A13,ARC,3CB4F,197.780431,273.151558,196.349899,273.263777,196.654916,267.977918,5.294652,77.726652,15.575902
A13,ARC,3CB4E,199.182034,272.686508,197.780431,273.151558,196.27629,266.273618,7.04049,65.624248,12.039907
A13,ARC,3CB4D,201.63918,271.041553,199.182034,272.686508,195.348508,264.302539,9.218832,46.970728,18.457271
A13,ARC,3C3FB,172.889516,266.644433,168.617001,266.262414,170.862757,265.228782,2.472209,34.933535,120.351729
A13,ARC,3C3FA,172.889516,266.644433,168.617001,266.262414,171.275858,260.608634,6.24778,75.03215,40.154497
A13,ARC,3CB4C,183.150828,261.842578,183.48641,265.831878,175.067036,264.531357,8.519226,341.602175,27.178769
A13,ARC,3CB4B,182.623692,270.053036,183.48641,265.831878,214.222803,274.312507,31.884901,187.677035,7.74794
A13,ARC,3CB4A,183.231287,274.508298,182.623692,270.053036,191.055541,271.172188,8.505797,156.907542,30.653088
A13,ARC,3CB49,185.051515,277.224453,183.231287,274.508298,191.83502,270.710505,9.40465,136.1613,20.021449
A13,ARC,3CB48,185.051515,277.224453,185.051707,276.734193,200.387988,276.985303,15.338338,179.106629,1.831424
A13,ARC,3CB47,185.051707,276.734193,185.102794,275.754692,198.012714,276.919108,12.962327,180.817384,4.336487
A13,ARC,3CB46,185.102794,275.754692,185.405475,274.071256,194.328791,276.544594,9.25975,184.893558,10.598594
A13,ARC,3CB45,185.405475,274.071256,185.801057,272.906053,197.734083,277.607022,12.825608,196.002552,5.499213
A13,ARC,3CB44,185.801057,272.906053,186.354269,271.515722,315.057922,323.532044,138.817607,201.388771,0.617609
A13,ARC,3CB43,186.614867,270.809485,186.354269,271.515722,169.683561,264.963109,17.912265,19.049781,2.408097
A13,ARC,3CB42,186.954184,269.594823,186.614867,270.809485,177.604271,267.637645,9.552561,11.822781,7.56991
A13,ARC,3CB41,187.042372,267.494887,186.954184,269.594823,180.772277,268.28339,6.31948,352.832335,19.144864
A13,ARC,3CB40,185.296327,263.516995,187.042372,267.494887,179.347162,268.500454,7.760633,320.047977,32.507119
A13,ARC,3CB3F,183.150828,261.842578,185.296327,263.516995,180.380948,267.603506,6.392223,295.678459,24.582338
A13,ARC,3CB3E,205.693887,263.449141,206.692345,263.5538,204.943705,275.420935,11.995276,273.585607,4.796696
A13,ARC,3CB3D,204.915242,263.431955,205.693887,263.449141,205.09376,272.991776,9.561488,268.930194,4.668342
A13,ARC,3CB3C,203.52647,263.554558,204.915242,263.431955,205.23378,274.967084,11.539527,261.491666,6.926533
A13,ARC,3CB3B,202.833296,263.667746,203.52647,263.554558,206.592766,284.511969,21.18054,259.776032,1.900035
A13,ARC,3CB3A,201.434353,263.933072,202.833296,263.667746,235.429483,439.353057,178.683631,259.03244,0.456576
A13,ARC,3CB39,201.434353,263.933072,200.728372,264.054076,197.348324,242.213714,22.100365,79.345564,1.857045
A13,ARC,3CB38,200.728372,264.054076,200.02279,264.142171,198.938798,252.590446,11.602474,81.127235,3.511937
A13,ARC,3CB37,200.02279,264.142171,198.973926,264.17048,199.299768,256.798334,7.379344,84.377191,8.153583
A13,ARC,3CB36,198.973926,264.17048,197.449235,263.858211,199.18602,259.256525,4.91853,92.471439,18.206249
A13,ARC,3CB35,197.449235,263.858211,196.183938,263.208439,199.724969,257.86985,6.406202,110.808097,12.747807
A13,ARC,3CB34,196.183938,263.208439,194.433958,261.673182,201.073802,255.869676,8.818628,123.675772,15.16939
A13,ARC,3CB33,194.50239,261.866672,194.433958,261.673182,202.432149,258.953304,8.448005,159.826828,1.391974
A13,ARC,3CB32,198.005372,266.056578,194.50239,261.866672,201.962082,259.189269,7.925623,119.949079,40.30704
A13,ARC,3CB31,199.744689,266.753647,198.005372,266.056578,201.252383,260.473169,6.458912,103.499006,16.680979
A13,ARC,3CB30,201.979921,266.745257,199.744689,266.753647,200.845075,262.158792,4.72478,76.102229,27.365449
A13,ARC,3CB2F,203.353545,266.243169,201.979921,266.745257,200.394425,260.277582,6.659176,63.617131,12.608911
A13,ARC,3CB2E,204.954606,265.229235,203.353545,266.243169,199.236978,257.97182,9.23912,51.767807,11.773124
A13,ARC,3CB2D,205.421663,264.842101,204.954606,265.229235,198.220043,256.629017,10.923282,48.754185,3.182423
A13,ARC,3CB2C,206.692345,263.5538,205.421663,264.842101,196.917077,255.183022,12.869568,40.574175,8.062688
A13,ARC,3C3F3,158.191413,261.273917,155.355782,262.240703,152.786304,250.06237,12.446446,64.261191,13.824842
A13,ARC,3C3F2,162.127834,264.480058,158.191413,261.273917,170.674293,249.967338,16.842239,120.49359,17.337166
A13,ARC,3C3F1,162.127834,264.480058,155.355782,262.240703,164.842193,244.912161,19.755262,97.897383,20.800866
A13,LINE,3C3F0,176.076296,271.171837,174.874513,271.607146,,,,,
A13,ARC,3CB2B,181.65668,263.346524,181.634032,263.373337,180.93544,262.760287,0.929442,39.104829,2.16376
A13,LINE,3CB2A,181.634032,263.373337,181.634032,263.373337,,,,,
A13,ARC,3CB29,181.634032,263.373337,181.53436,263.470898,180.909662,262.732983,0.966832,41.477148,8.272531
A13,ARC,3CB28,181.53436,263.470898,181.448657,263.537837,180.67806,262.4629,1.322614,49.651908,4.71226
A13,ARC,3CB27,181.448657,263.537837,181.422469,263.556273,180.516538,262.241612,1.596573,54.27999,1.14933
A13,ARC,3CB26,181.422469,263.556273,181.305483,263.630459,180.332117,261.966206,1.927999,55.5605,4.11756
A13,ARC,3CB25,181.305483,263.630459,181.181923,263.69882,179.654129,260.791522,3.284286,59.814278,2.463653
A13,ARC,3CB24,181.181923,263.69882,180.801031,263.884551,177.213094,256.043068,8.623349,62.597259,2.815875
A13,ARC,3CB23,180.801031,263.884551,180.456527,264.036804,174.948388,251.107704,14.053514,65.38908,1.53563
A13,ARC,3CB22,180.456527,264.036804,179.935626,264.255415,152.4399,198.009198,71.725701,67.007668,0.451265
A13,ARC,3CB21,179.818176,264.305315,179.935626,264.255415,185.91174,278.484507,15.433113,246.744192,0.473759
A13,ARC,3CB20,179.584731,264.408471,179.818176,264.305315,183.957914,273.989445,10.531847,245.465933,1.388498
A13,ARC,3CB1F,178.188054,265.296276,179.584731,264.408471,181.996893,269.745748,5.857051,229.43579,16.243797
A13,ARC,3CB1E,178.109566,265.365318,178.188054,265.296276,181.451406,269.08529,5.000609,228.065029,1.197737
A13,ARC,3CB1D,177.849449,265.622536,178.109566,265.365318,180.443984,267.986179,3.509761,222.333767,5.974553
A13,ARC,3CB1C,177.625841,265.908867,177.849449,265.622536,179.586959,267.209908,2.353442,213.561015,8.853501
A13,ARC,3CB1B,177.494027,266.132289,177.625841,265.908867,179.961083,267.437199,2.790906,207.875873,5.327422
A13,ARC,3CB1A,177.378728,266.366253,177.494027,266.132289,181.700191,268.350516,4.755244,204.662909,3.143146
A13,ARC,3CB19,177.250953,266.652886,177.378728,266.366253,190.728985,272.489292,14.687443,203.414112,1.224245
A13,ARC,3CB18,177.112483,266.968458,177.250953,266.652886,194.319257,274.330481,18.715567,203.163955,1.05502
A13,ARC,3CB17,176.981727,267.286438,177.112483,266.968458,185.359634,270.545633,8.989532,201.257155,2.191476
A13,ARC,3CB16,176.981727,267.286438,176.614045,268.251739,142.979656,254.887794,36.192088,20.034071,1.635328
A13,ARC,3CB15,176.614045,268.251739,176.355658,268.890081,113.41362,243.041015,68.043181,21.747115,0.579884
A13,ARC,3CB14,176.355658,268.890081,176.148781,269.363158,166.017914,264.651144,11.173072,22.29582,2.648007
A13,ARC,3CB13,176.148781,269.363158,175.918839,269.825532,165.458789,264.335314,11.813346,25.189101,2.504753
A13,ARC,3CB12,175.918839,269.825532,175.589377,270.430415,154.529006,258.567277,24.171745,27.759478,1.632733
A13,ARC,3CB11,175.589377,270.430415,174.874513,271.607146,158.337575,260.755452,19.779524,29.284094,3.989167
A13,ARC,3C3E8,181.618765,264.365051,176.076296,271.171837,173.279702,263.234805,8.415309,7.718628,62.871584
A13,ARC,3C3E7,181.65668,263.346524,181.618765,264.365051,178.766641,263.748909,2.917918,352.073572,20.116662
A13,LINE,3C3E6,76.562964,250.328807,76.562964,249.328872,,,,,
A13,LINE,3C3E5,77.562964,248.328872,78.562963,248.328872,,,,,
A13,LINE,3C3E4,79.562963,249.328872,79.562963,250.328807,,,,,
A13,LINE,3C3E3,78.562963,251.328807,77.562964,251.328807,,,,,
A13,LINE,3C3E2,85.034729,248.72884,85.034729,250.92884,,,,,
A13,LINE,3C3E1,84.134729,251.82884,83.934729,251.82884,,,,,
A13,LINE,3C3E0,83.034729,250.92884,83.034729,248.72884,,,,,
A13,LINE,3C3DF,83.934729,247.82884,84.134729,247.82884,,,,,
A23,CIRCLE,3C3DE,,,,,145.374122,186.082779,1,,
A23,CIRCLE,3C3DD,,,,,127.184149,185.466346,1,,
A23,CIRCLE,3C3DC,,,,,108.994877,184.850072,1,,
A23,ARC,3C3DB,129.302895,186.793391,128.012394,187.824953,127.184288,185.465981,2.500102,32.069141,38.587478
A23,ARC,3CB10,129.559083,183.260756,131.065525,182.743749,184.482864,340.843051,166.879602,250.784495,0.54683
A23,ARC,3CB0F,131.065525,182.743749,133.287541,182.021238,161.089253,271.300958,93.508308,251.271697,1.431711
A23,ARC,3CB0E,133.287541,182.021238,135.441949,181.393899,150.316887,236.490415,57.069167,252.638569,2.252942
A23,ARC,3CB0D,135.441949,181.393899,136.8282,181.046085,145.978848,220.453465,40.455851,254.902982,2.024242
A23,ARC,3CB0C,136.8282,181.046085,139.132358,180.60883,142.977017,207.158212,26.826314,256.749526,5.010657
A23,ARC,3CB0B,139.132358,180.60883,140.664599,180.456386,141.611273,197.748212,17.317721,261.770227,5.096137
A23,ARC,3CB0A,125.02725,187.763865,124.314134,188.00957,74.330829,41.783532,154.532796,70.848778,0.279655
A23,ARC,3CB09,124.314134,188.00957,122.199409,188.711566,89.352153,86.224819,107.62191,71.042947,1.186269
A23,ARC,3CB08,122.199409,188.711566,120.138239,189.336776,102.329515,126.915352,64.912131,72.175376,1.901268
A23,ARC,3CB07,120.138239,189.336776,118.476922,189.77676,108.269561,147.878846,43.123374,74.024512,2.283555
A23,ARC,3CB06,118.476922,189.77676,116.26203,190.232825,111.493196,161.46649,29.158941,76.142645,4.444564
A23,ARC,3CB05,116.26203,190.232825,114.489725,190.441662,113.172879,171.641354,18.84637,80.565948,5.427378
A23,ARC,3C3D8,129.331312,186.748031,129.841518,186.337514,130.178742,187.278938,1,212.066776,38.225382
A23,LINE,3C3D7,129.841518,186.337514,130.288642,186.177351,,,,,
A23,ARC,3CB04,143.06633,184.012395,143.379788,184.414855,142.284084,184.944949,1.217196,309.990636,24.192007
A23,ARC,3CB03,142.750565,183.80826,143.06633,184.012395,142.058393,185.225233,1.576995,296.034888,13.6936
A23,ARC,3CB02,142.349128,183.656053,142.750565,183.80826,141.726999,185.902364,2.33087,285.480384,10.568296
A23,ARC,3CB01,141.862001,183.556168,142.349128,183.656053,141.383616,187.126968,3.602703,277.63056,7.914534
A23,ARC,3CB00,140.97101,183.505064,141.862001,183.556168,141.077786,189.436165,5.932062,268.968638,8.62807
A23,ARC,3CAFF,139.485891,183.621964,140.97101,183.505064,141.16814,195.501549,11.998105,261.940024,7.11856
A23,ARC,3CAFE,137.666089,183.950166,139.485891,183.621964,142.648462,206.366937,22.963791,257.469079,4.614992
A23,ARC,3CAFD,135.519383,184.487947,137.666089,183.950166,146.198467,222.563047,39.544355,254.332561,3.206894
A23,ARC,3CAFC,133.056036,185.231972,135.519383,184.487947,152.409406,244.857999,62.688245,252.017646,2.35207
A23,ARC,3CAFB,130.288642,186.177351,133.056036,185.231972,161.77531,273.824632,93.131391,250.239532,1.799217
A23,ARC,3C3D5,147.306117,184.343027,143.379788,184.414855,145.374122,186.082779,2.599873,317.997103,261.90968
A23,ARC,3CAFA,140.964332,180.44383,141.537389,180.438823,141.360345,192.97232,12.534748,268.189538,2.619747
A23,ARC,3CAF9,141.537389,180.438823,142.360683,180.482395,141.405958,190.722202,10.284219,270.732252,4.594415
A23,ARC,3CAF8,142.360683,180.482395,143.262388,180.616,141.613231,188.636601,8.188392,275.237362,6.381587
A23,ARC,3CAF7,143.262388,180.616,144.539842,181.022319,142.054035,186.626312,6.130576,281.367586,12.553429
A23,ARC,3CAF6,144.539842,181.022319,146.714848,182.97088,142.643176,185.327563,4.704516,293.775789,36.161954
A23,ARC,3CAF5,146.714848,182.97088,147.306117,184.343027,141.252488,186.138118,6.314172,329.893568,13.589687
A23,LINE,3C3D3,129.559083,183.260756,129.262247,183.364075,,,,,
A23,ARC,3C3D2,129.262247,183.364075,128.513183,183.327017,128.933522,182.41965,1,70.808584,44.04737
A23,LINE,3C3D1,128.513183,183.327017,128.235168,183.198226,,,,,
A23,ARC,3C3D0,124.965946,184.313593,128.235168,183.198226,127.184235,185.466712,2.500098,207.466476,87.390638
A23,ARC,3C3CF,124.965946,184.313593,124.416376,184.793614,124.078666,183.852364,1,27.466476,42.796074
A23,LINE,3C3CE,124.416376,184.793614,123.967076,184.954818,,,,,
A23,ARC,3CAF4,111.789914,186.90498,111.261366,186.12373,112.628923,185.767938,1.413082,126.423167,38.993713
A23,ARC,3CAF3,112.153532,187.118161,111.789914,186.90498,112.932197,185.373316,1.910708,114.049575,12.66523
A23,ARC,3CAF2,112.604203,187.274251,112.153532,187.118161,113.278326,184.599234,2.758651,104.144415,9.918109
A23,ARC,3CAF1,113.141882,187.373088,112.604203,187.274251,113.620809,183.25578,4.145069,96.63485,7.56215
A23,ARC,3CAF0,113.766449,187.41456,113.141882,187.373088,113.865299,181.202179,6.213167,90.911598,5.774678
A23,ARC,3CAEF,114.477711,187.398603,113.766449,187.41456,113.917765,178.29956,9.116255,86.478514,4.472555
A23,ARC,3CAEE,115.275404,187.325201,114.477711,187.398603,113.684892,174.41155,13.01123,82.978518,3.528086
A23,ARC,3CAED,116.633236,187.107473,115.275404,187.325201,112.788989,167.476139,20.004187,78.920425,3.939547
A23,ARC,3CAEC,118.742415,186.616822,116.633236,187.107473,110.404963,155.555071,32.161241,74.975081,3.858595
A23,ARC,3CAEB,121.188876,185.898545,118.742415,186.616822,105.124411,135.708216,52.69854,72.251642,2.772424
A23,ARC,3CAEA,123.967076,184.954818,121.188876,185.898545,96.612723,108.988615,80.741096,70.196771,2.08223
A23,ARC,3C3CC,107.79412,187.156012,111.261366,186.12373,108.994877,184.850072,2.599842,117.507049,271.826853
A23,ARC,3CAE9,114.190206,190.458582,113.912003,190.468629,113.573366,177.234248,13.238712,87.329412,1.204845
A23,ARC,3CAE8,113.912003,190.468629,112.840821,190.448661,113.590608,178.967736,11.505383,88.399275,5.337246
A23,ARC,3CAE7,112.840821,190.448661,111.961858,190.346903,113.417795,181.617873,8.849617,93.738199,5.731136
A23,ARC,3CAE6,111.961858,190.346903,110.594387,189.971039,113.021256,183.817103,6.615181,99.2154,12.306915
A23,ARC,3CAE5,110.594387,189.971039,109.07715,189.027241,112.40296,185.372153,4.941729,111.467895,20.831556
A23,ARC,3CAE4,109.07715,189.027241,107.79412,187.156012,112.689625,185.17483,5.281197,133.15903,24.808084
A23,LINE,3C3CA,125.02725,187.763865,125.315652,187.663836,,,,,
A23,ARC,3C3C9,125.315652,187.663836,126.083598,187.710751,125.64334,188.608622,1,250.871468,45.248873
A23,ARC,3C3C8,127.724009,187.907131,126.083598,187.710751,127.184288,185.465981,2.500102,77.532863,38.587478
A23,LINE,3C3C7,129.302895,186.793391,129.331312,186.748031,,,,,
A23+,CIRCLE,3C3C6,,,,,160.79656,135.881863,1,,
A23+,CIRCLE,3C3C5,,,,,143.741563,142.236563,1,,
A23+,CIRCLE,3C3C4,,,,,126.687275,148.591141,1,,
A23+,ARC,3C3C3,146.205965,142.657102,145.405339,144.102271,143.741553,142.236172,2.500102,9.692795,38.587478
A23+,ARC,3CAE3,145.098029,139.292936,145.696859,138.763979,255.876023,264.100939,166.879602,228.408148,0.274324
A23+,ARC,3CAE2,145.696859,138.763979,147.483094,137.221494,220.668021,223.776912,113.348463,228.59159,1.192994
A23+,ARC,3CAE1,147.483094,137.221494,149.246314,135.778602,190.575482,188.081782,66.661254,229.7264,1.958353
A23+,ARC,3CAE0,149.246314,135.778602,150.691003,134.682895,176.888679,170.724776,44.557103,231.656062,2.331748
A23+,ARC,3CADF,150.691003,134.682895,152.664453,133.361395,167.708791,157.961998,28.836119,233.831971,4.72043
A23+,ARC,3CADE,152.664453,133.361395,154.299744,132.471981,162.158452,148.86917,18.183154,238.524657,5.868264
A23+,ARC,3CADD,142.621711,145.182193,140.928464,146.65867,60.841731,53.104788,123.151182,48.38962,1.045225
A23+,ARC,3CADC,140.928464,146.65867,139.252856,148.05602,91.495101,89.084852,75.884134,49.350334,1.64741
A23+,ARC,3CADB,139.252856,148.05602,137.602843,149.337444,108.712402,110.433888,48.457654,50.931403,2.470391
A23+,ARC,3CADA,137.602843,149.337444,135.720789,150.636821,118.931701,124.306342,31.227673,53.280092,4.197126
A23+,ARC,3CAD9,135.720789,150.636821,133.897034,151.669877,125.321889,134.404982,19.27718,57.354414,6.23287
A23+,ARC,3C3C0,146.214975,142.60434,146.530484,142.030504,147.200706,142.772665,1,189.690429,38.225382
A23+,LINE,3C3BF,146.530484,142.030504,146.882969,141.712186,,,,,
A23+,ARC,3CAD8,158.03691,134.910279,158.317433,135.098749,157.537612,135.956444,1.159207,295.513499,16.763773
A23+,ARC,3CAD7,157.69695,134.801595,158.03691,134.910279,157.458121,136.134682,1.354312,280.157085,15.143543
A23+,ARC,3CAD6,157.297514,134.773299,157.69695,134.801595,157.363887,136.669789,1.897651,267.995577,12.112954
A23+,ARC,3CAD5,156.838676,134.82584,157.297514,134.773299,157.396196,137.664857,2.893241,258.889764,9.15562
A23+,ARC,3CAD4,155.743681,135.174457,156.838676,134.82584,157.959574,140.240531,5.529493,246.375505,11.928866
A23+,ARC,3CAD3,154.414888,135.847923,155.743681,135.174457,160.492893,146.192601,11.998105,239.563677,7.11856
A23+,ARC,3CAD2,152.857055,136.84419,154.414888,135.847923,165.998082,155.676319,22.963791,235.092732,4.614992
A23+,ARC,3CAD1,151.076716,138.158705,152.857055,136.84419,175.446458,169.301467,39.544355,231.956214,3.206894
A23+,ARC,3CAD0,149.082092,139.784476,151.076716,138.158705,189.67717,187.553249,62.688245,229.641299,2.35207
A23+,ARC,3CACF,146.882969,141.712186,149.082092,139.784476,209.365121,210.773295,93.131391,227.863185,1.799217
A23+,ARC,3C3BD,161.920777,133.53762,158.317433,135.098749,160.79656,135.881863,2.599873,295.620756,261.90968
A23+,ARC,3CACE,154.572128,132.346266,155.10013,132.12348,159.707777,143.780644,12.534748,245.813191,2.619747
A23+,ARC,3CACD,155.10013,132.12348,155.87802,131.850352,158.893361,141.682588,10.284219,248.355905,4.594415
A23+,ARC,3CACC,155.87802,131.850352,156.762691,131.630628,158.291062,139.67512,8.188392,252.861016,6.381587
A23+,ARC,3CACB,156.762691,131.630628,158.098638,131.520041,157.933381,137.648389,6.130576,258.991239,12.553429
A23+,ARC,3CACA,158.098638,131.520041,160.749894,132.418818,157.985339,136.214042,4.695368,271.382674,34.688038
A23+,ARC,3CAC9,160.749894,132.418818,161.920777,133.53762,157.098359,137.412429,6.186263,306.175811,15.042341
A23+,LINE,3C3BB,145.098029,139.292936,144.862876,139.501477,,,,,
A23+,ARC,3C3BA,144.862876,139.501477,144.156107,139.75237,144.199371,138.753306,1,48.432237,44.04737
A23+,LINE,3C3B9,144.156107,139.75237,143.849996,139.739114,,,,,
A23+,ARC,3C3B8,141.251544,142.015053,143.849996,139.739114,143.741782,142.236868,2.500098,185.090129,87.390638
A23+,ARC,3C3B7,141.251544,142.015053,140.926093,142.668145,140.255487,141.92633,1,5.090129,42.796074
A23+,LINE,3C3B6,140.926093,142.668145,140.571992,142.988254,,,,,
A23+,ARC,3CAC8,130.054135,149.427283,129.267972,148.90607,130.397111,148.056455,1.413082,104.04682,38.993713
A23+,ARC,3CAC7,130.471529,149.485987,130.054135,149.427283,130.52732,147.576094,1.910708,91.673228,12.66523
A23+,ARC,3CAC6,130.947688,149.458758,130.471529,149.485987,130.552703,146.728531,2.758651,81.768069,9.918109
A23+,ARC,3CAC5,131.482507,149.345465,130.947688,149.458758,130.35796,145.355855,4.145069,74.258503,7.56215
A23+,ARC,3CAC4,132.075834,149.146049,131.482507,149.345465,129.802258,143.363808,6.213167,68.535251,5.774678
A23+,ARC,3CAC3,132.727467,148.860523,132.075834,149.146049,128.74578,140.659774,9.116255,64.102167,4.472555
A23+,ARC,3CAC2,133.437152,148.488976,132.727467,148.860523,127.05032,137.15317,13.01123,60.602171,3.528086
A23+,ARC,3CAC1,134.609858,147.770731,133.437152,148.488976,123.581643,131.081034,20.004187,56.544078,3.939547
A23+,ARC,3CAC0,136.373436,146.514084,134.609858,147.770731,116.838911,120.965155,32.161241,52.598734,3.858595
A23+,ARC,3CABF,138.362247,144.918551,136.373436,146.514084,104.400495,104.622949,52.69854,49.875295,2.772424
A23+,ARC,3CABE,140.571992,142.988254,138.362247,144.918551,86.35786,83.15555,80.741096,47.820424,2.08223
A23+,ARC,3C3B4,126.454776,151.180566,129.267972,148.90607,126.687275,148.591141,2.599842,95.130703,271.826853
A23+,ARC,3CABD,133.626509,151.799546,133.373078,151.914745,128.021761,139.805786,13.238712,64.953065,1.204845
A23+,ARC,3CABC,133.373078,151.914745,132.374951,152.304068,128.697623,141.402183,11.505383,66.022928,5.337246
A23+,ARC,3CABB,132.374951,152.304068,131.523433,152.544583,129.5467,143.918562,8.849617,71.361852,5.731136
A23+,ARC,3CABA,131.523433,152.544583,130.001715,152.717452,130.034655,146.223345,6.494191,76.747216,13.543404
A23+,ARC,3CAB9,130.001715,152.717452,127.935393,152.245698,130.018626,147.882174,4.835308,90.200386,25.320351
A23+,ARC,3CAB8,127.935393,152.245698,126.454776,151.180566,130.346791,147.332014,5.473493,116.139567,19.182143
A23+,LINE,3C3B2,142.621711,145.182193,142.850317,144.979905,,,,,
A23+,ARC,3C3B1,142.850317,144.979905,143.578299,144.730938,143.513001,145.728804,1,228.495122,45.248873
A23+,ARC,3C3B0,145.169952,144.288045,143.578299,144.730938,143.741553,142.236172,2.500102,55.156517,38.587478
A23+,LINE,3C3AF,146.205965,142.657102,146.214975,142.60434,,,,,
A15,ARC,3CAB7,168.18113,132.614735,168.204373,133.137641,162.262753,133.139781,5.941621,354.930301,5.049059
A15,ARC,3CAB6,166.857545,129.621605,168.18113,132.614735,163.244431,133.008566,4.952383,316.850429,38.588396
A15,ARC,3CAB5,165.316589,128.410308,166.857545,129.621605,162.047874,134.154429,6.609041,299.642212,17.05514
A15,ARC,3CAB4,163.592065,127.630011,165.316589,128.410308,160.351501,137.087759,9.997513,288.913303,10.864146
A15,ARC,3CAB3,160.963222,126.989608,163.592065,127.630011,158.663208,142.147015,15.330918,278.628348,10.125186
A15,ARC,3CAB2,156.950778,126.728648,160.963222,126.989608,157.416869,150.539682,23.815596,268.878603,9.685094
A15,ARC,3CAB1,152.645411,127.088654,156.950778,126.728648,157.492041,159.125956,32.401829,261.397477,7.64537
A15,ARC,3CAB0,137.85928,74.969337,138.317903,73.888393,143.304808,76.642005,5.696631,197.075051,11.831046
A15,ARC,3CAAF,137.951849,78.023859,137.85928,74.969337,142.248215,76.364991,4.605497,158.887949,38.752393
A15,ARC,3CAAE,138.721008,79.424834,137.951849,78.023859,143.563077,75.854826,6.015862,143.599026,15.266847
A15,ARC,3CAAD,139.897086,80.726809,138.721008,79.424834,145.793419,74.218469,8.782097,132.175501,11.465805
A15,ARC,3CAAC,142.000953,82.289578,139.897086,80.726809,149.119059,70.509335,13.763777,121.142095,10.926333
A15,ARC,3CAAB,145.30434,83.927665,142.000953,82.289578,153.429464,63.392571,22.084106,111.587226,9.577437
A15,ARC,3CAAA,152.348904,85.837679,145.30434,83.927665,157.358538,53.415035,32.807382,98.783334,12.77346
A15,ARC,3CAA9,154.093764,86.068494,152.645412,85.88331,157.708527,52.040401,34.219551,96.063721,2.444986
A15,ARC,3CAA8,157.648313,86.244615,154.093764,86.068494,157.377943,55.743461,30.502352,89.492129,6.688873
A15,ARC,3CAA7,160.647677,86.029328,157.648313,86.244615,157.482447,62.932606,23.312598,82.196659,7.395687
A15,ARC,3CAA6,163.320907,85.432886,160.647677,86.029328,158.546738,70.324136,15.845094,72.464138,9.91644
A15,ARC,3CAA5,165.090096,84.688782,163.320907,85.432886,160.199483,75.536078,10.377384,61.882834,10.612042
A15,ARC,3CAA4,166.520009,83.686066,165.090096,84.688782,161.779368,78.446639,7.065781,47.861166,14.198107
A15,ARC,3CAA3,167.759969,81.997119,166.520009,83.686066,163.089478,79.867862,5.132955,24.508036,23.553314
A15,ARC,3CAA2,168.204374,79.834324,167.759969,81.997119,162.95014,79.881754,5.254448,359.482799,24.257111
A15,ARC,3CAA1,148.323395,128.018214,152.348903,127.134285,157.722566,161.214759,34.501522,254.191219,6.848399
A15,ARC,3CAA0,144.946964,129.191027,148.323395,128.018214,156.271279,156.346163,29.421786,247.362743,6.964898
A15,ARC,3CA9F,142.000952,130.682385,144.946964,129.191027,153.135882,149.022754,21.455903,238.73694,8.826347
A15,ARC,3CA9E,140.12871,132.038564,142.000952,130.682385,149.281241,142.703459,14.053783,229.36406,9.435704
A15,ARC,3CA9D,138.721007,133.547129,140.12871,132.038564,145.943876,138.876001,8.975896,216.41908,13.200116
A15,ARC,3CA9C,137.951848,134.948104,138.721007,133.547129,143.563076,137.117138,6.015862,201.134129,15.266847
A15,ARC,3CA9B,137.78525,137.736823,137.951848,134.948104,142.228538,136.602928,4.585686,165.684083,35.469386
A15,ARC,3CA9A,138.317902,139.08357,137.78525,137.736823,143.427291,136.284049,5.826077,151.280914,14.27961
A15,LINE,3C3AA,134.139482,85.750863,136.639482,85.750863,,,,,
A15,ARC,3C3A9,142.610326,86.252546,143.771244,85.730973,143.451609,86.572301,0.9,200.810821,89.991852
A15,ARC,3C3A8,143.061106,87.600083,142.539459,86.439,143.380741,86.758755,0.9,110.802673,90.008148
A15,ARC,3C3A7,145.343715,87.504661,144.182797,88.026234,144.502432,87.184905,0.9,20.810821,89.991852
A15,ARC,3C3A6,144.892935,86.157124,145.414583,87.318207,144.5733,86.998452,0.9,290.802673,90.008148
A15,ARC,3C3A5,157.02481,88.287152,157.924836,89.187133,157.024836,89.187152,0.9,269.998357,90.000415
A15,ARC,3C3A4,154.924836,89.187206,155.82481,88.287187,155.824836,89.187187,0.9,179.998772,89.999585
A15,ARC,3C3A3,155.824866,90.286569,154.92484,89.386588,155.82484,89.386569,0.9,89.998357,90.000415
A15,ARC,3C3A2,157.92484,89.386515,157.024866,90.286534,157.02484,89.386534,0.9,359.998772,89.999585
A15,ARC,3C3A1,144.182797,124.945731,145.343715,125.467304,144.502432,125.787059,0.9,249.197327,89.991852
A15,ARC,3C3A0,142.539459,126.532964,143.061106,125.371881,143.380741,126.213209,0.9,159.189179,90.008148
A15,ARC,3C39F,143.771244,127.240991,142.610326,126.719418,143.451609,126.399663,0.9,69.197327,89.991852
A15,ARC,3C39E,145.414583,125.653757,144.892935,126.814841,144.5733,125.973512,0.9,339.189179,90.008148
A15,ARC,3C39D,157.024866,122.68543,157.92484,123.585449,157.02484,123.585429,0.9,270.001643,89.999585
A15,ARC,3C39C,154.92484,123.585376,155.824866,122.685395,155.82484,123.585395,0.9,180.001228,90.000415
A15,ARC,3C39B,155.82481,124.684777,154.924836,123.784758,155.824836,123.784777,0.9,90.001643,89.999585
A15,ARC,3C39A,157.924836,123.784831,157.02481,124.684811,157.024836,123.784811,0.9,0.001228,90.000415
A15,LINE,3C399,144.892935,86.157124,143.771244,85.730973,,,,,
A15,LINE,3C398,142.610326,86.252546,142.539459,86.439,,,,,
A15,LINE,3C397,143.061106,87.600083,144.182797,88.026234,,,,,
A15,LINE,3C396,145.343715,87.504661,145.414583,87.318207,,,,,
A15,LINE,3C393,110.362709,138.453097,110.362709,134.453097,,,,,
A15,LINE,3C392,110.362709,134.453097,114.362707,134.453097,,,,,
A15,LINE,3C391,114.362707,134.453097,114.362707,138.453097,,,,,
A15,LINE,3C390,114.362707,138.453097,110.362709,138.453097,,,,,
A15,LINE,3C38F,111.909996,78.947805,111.909996,82.947805,,,,,
A15,LINE,3C38E,111.909996,82.947805,106.909996,82.947804,,,,,
A15,LINE,3C38D,106.909996,82.947804,106.909996,78.947804,,,,,
A15,LINE,3C38C,106.909996,78.947804,111.909996,78.947805,,,,,
A15,LINE,3C38B,134.139482,85.750863,134.139482,80.750863,,,,,
A15,LINE,3C38A,134.139482,80.750863,134.511126,80.750863,,,,,
A15,LINE,3C389,134.511126,80.750863,136.639482,80.750863,,,,,
A15,LINE,3C388,136.639482,80.750863,136.639482,85.750863,,,,,
A15,LINE,3C387,133.783194,125.654452,133.783193,119.654452,,,,,
A15,LINE,3C386,133.783193,119.654452,136.711939,119.654466,,,,,
A15,LINE,3C385,136.711939,119.654466,136.71191,125.654466,,,,,
A15,LINE,3C384,136.71191,125.654466,133.783194,125.654452,,,,,
A15,ARC,3C383,138.368326,113.394454,139.526914,112.154424,139.567635,113.353733,1.2,178.055373,90
A15,ARC,3C382,139.628715,115.152697,138.388686,113.994108,139.587995,113.953388,1.2,88.055373,90
A15,ARC,3C381,141.386958,113.892307,140.22837,115.132336,140.187649,113.933028,1.2,358.055373,90
A15,ARC,3C380,140.126569,112.134064,141.366598,113.292653,140.167289,113.333373,1.2,268.055373,90
A15,ARC,3C37F,141.366598,99.679311,140.126569,100.837899,140.167289,99.63859,1.2,1.944629,90
A15,ARC,3C37E,139.526915,100.817539,138.368326,99.57751,139.567635,99.61823,1.2,91.944629,90
A15,ARC,3C37D,138.388686,98.977855,139.628716,97.819267,139.587995,99.018576,1.2,181.944629,90
A15,ARC,3C37C,140.22837,97.839627,141.386959,99.079656,140.18765,99.038936,1.2,271.944629,90
A15,ARC,3C37B,173.006864,101.954291,171.848275,100.714262,173.047584,100.754982,1.2,91.944629,90
A15,ARC,3C37A,174.844344,100.815988,173.604315,101.974577,173.645035,100.775268,1.2,1.944629,90
A15,ARC,3C379,173.706116,98.976304,174.864704,100.216334,173.665395,100.175613,1.2,271.944629,90
A15,ARC,3C378,171.868636,100.114607,173.108665,98.956019,173.067944,100.155328,1.2,181.944629,90
A15,ARC,3C377,202.824701,101.766011,201.584672,102.9246,201.625392,101.725291,1.2,1.944629,90
A15,ARC,3C376,200.988551,102.90436,199.829962,101.66433,201.029271,101.705051,1.2,91.944629,90
A15,ARC,3C375,199.850322,101.064676,201.090352,99.906087,201.049631,101.105396,1.2,181.944629,90
A15,ARC,3C374,201.686473,99.926328,202.845061,101.166357,201.645752,101.125637,1.2,271.944629,90
A15,ARC,3C373,199.829962,111.307635,200.988551,110.067606,201.029271,111.266915,1.2,178.055373,90
A15,ARC,3C372,201.090351,113.065878,199.850322,111.90729,201.049631,111.866569,1.2,88.055373,90
A15,ARC,3C371,202.845061,111.805609,201.686473,113.045638,201.645752,111.846329,1.2,358.055373,90
A15,ARC,3C370,201.584672,110.047366,202.824701,111.205954,201.625392,111.246675,1.2,268.055373,90
A15,ARC,3C36F,173.604315,110.997388,174.844344,112.155977,173.645035,112.196697,1.2,268.055373,90
A15,ARC,3C36E,174.864704,112.755631,173.706116,113.99566,173.665395,112.796351,1.2,358.055373,90
A15,ARC,3C36D,173.108665,114.015946,171.868635,112.857357,173.067944,112.816637,1.2,88.055373,90
A15,ARC,3C36C,171.848275,112.257703,173.006864,111.017673,173.047584,112.216982,1.2,178.055373,90
A15,ARC,3C36B,198.073784,76.625324,214.791174,100.289309,190.446044,99.750913,24.351083,288.254614,73.012285
A15,ARC,3CA99,214.791174,112.682657,202.639887,134.303664,190.405241,113.20254,24.391474,358.778698,61.115709
A15,LINE,3CA98,202.639887,134.303664,202.639887,134.303664,,,,,
A15,ARC,3CA97,81.095105,98.67136,81.240824,97.421639,150.54631,106.136138,69.85122,186.134733,1.032049
A15,ARC,3CA96,81.240824,97.421639,82.293991,91.397029,140.861833,104.739677,60.068447,186.997632,5.836188
A15,ARC,3CA95,82.293991,91.397029,83.939076,85.819154,126.804464,101.492994,45.641108,192.77972,7.305351
A15,ARC,3CA94,83.939076,85.819154,87.6686,78.508934,114.601505,96.856018,32.588294,199.796214,14.467043
A15,ARC,3CA93,87.6686,78.508934,98.88083,69.529449,107.835746,92.200818,24.375838,214.173378,34.273203
A15,ARC,3CA92,111.685051,145.65768,109.988352,145.628083,111.624736,100.46721,45.19051,89.923529,2.151651
A15,ARC,3CA91,109.988352,145.628083,107.552477,145.46769,111.437912,105.036919,40.617038,92.045234,3.444087
A15,ARC,3CA90,107.552477,145.46769,105.24498,145.171887,111.008178,109.362368,36.27032,95.467221,3.675583
A15,CIRCLE,3C367,,,,,110.55597,101.145676,1,,
A15,ARC,3CA8F,126.325345,141.924558,125.891499,142.14658,106.589361,103.894013,42.846603,62.572905,0.651711
A15,ARC,3CA8E,125.891499,142.14658,122.873623,143.512854,108.984631,108.818225,37.371398,63.102148,5.080584
A15,ARC,3CA8D,122.873623,143.512854,119.40691,144.668016,111.406673,114.87931,30.8443,68.175251,6.791776
A15,ARC,3CA8C,119.40691,144.668016,117.923813,145.013001,110.922726,111.554717,34.182919,75.629006,2.552475
A15,ARC,3CA8B,117.923813,145.013001,111.685051,145.65768,111.741886,115.698127,29.959607,78.091927,12.016766
A15,ARC,3CA8A,104.899737,145.114383,100.055444,143.880805,109.861886,115.499269,30.027952,99.511816,9.549336
A15,ARC,3CA89,100.055444,143.880805,92.246799,139.50957,108.01966,120.493583,24.706091,108.805613,20.868487
A15,ARC,3CA88,92.246799,139.50957,85.772059,131.310794,109.465301,119.255765,26.583706,130.369082,22.664103
A15,ARC,3CA87,85.772059,131.310794,82.735478,123.349312,120.703575,113.427765,39.243006,152.890032,12.465324
A15,ARC,3CA86,82.735478,123.349312,81.095104,114.300601,140.746623,108.159863,59.96676,165.327254,8.795219
A15,ARC,3CA85,81.095104,114.300601,80.741192,106.63598,166.265565,106.527397,85.524441,174.785265,5.141991
A15,LINE,3CA84,80.741192,106.63598,80.741192,106.63598,,,,,
A15,ARC,3CA83,168.116878,134.182226,167.663384,135.555044,163.182457,133.313509,5.010308,9.984742,16.591274
A15,ARC,3CA82,168.204373,133.137641,168.116878,134.182226,162.272435,133.166737,5.932009,359.718964,10.137932
A15,LINE,3C361,214.791174,106.335983,214.791174,100.289309,,,,,
A15,ARC,3C360,185.552985,75.896495,197.740619,76.518082,190.446044,99.750913,24.351083,258.408183,29.022907
A15,ARC,3C35F,182.885771,76.468796,185.552985,75.896495,198.894218,144.574888,69.962205,256.772646,2.234183
A15,ARC,3C35E,182.885771,76.468796,180.351669,77.049497,164.205198,0.768811,77.970838,76.138006,1.910505
A15,ARC,3C35D,180.351669,77.049497,177.454841,77.605641,164.205198,0.768811,77.970838,78.04851,2.167697
A15,ARC,3C35C,177.454841,77.605641,173.505171,77.839393,174.394044,59.373208,18.487566,80.470248,12.285567
A15,ARC,3C35B,173.505171,77.839393,170.314073,75.977677,173.697489,73.844019,4,92.755815,55.007739
A15,ARC,3C35A,169.655851,75.803208,170.314073,75.977677,169.891146,76.244384,0.5,241.927409,85.836145
A15,LINE,3C359,169.655851,75.803208,167.875876,76.75252,,,,,
A15,ARC,3C358,167.663385,77.41692,167.875876,76.75252,168.11087,77.193857,0.5,153.504618,88.461942
A15,ARC,3CA81,168.152917,79.021839,168.204374,79.834324,162.200981,79.806666,6.003457,352.488267,7.775692
A15,ARC,3CA80,167.663385,77.41692,168.152917,79.021839,163.153692,79.669584,5.041014,333.457136,19.160232
A15,ARC,3C356,138.181897,73.253323,138.317903,73.888393,137.878136,73.650475,0.5,307.410476,81.003363
A15,LINE,3C355,138.181897,73.253323,137.220838,72.51826,,,,,
A15,LINE,3C354,137.220838,72.51826,136.124941,74.197995,,,,,
A15,LINE,3C353,136.124941,74.197995,134.536334,72.982953,,,,,
A15,LINE,3C352,134.536334,72.982953,135.870522,71.485474,,,,,
A15,LINE,3C351,135.870522,71.485474,134.957663,70.787276,,,,,
A15,ARC,3C350,134.268531,70.865855,134.957663,70.787276,134.653903,71.184428,0.5,219.579332,87.831144
A15,ARC,3CA7F,127.033115,71.390806,126.325346,71.047405,157.292139,8.124189,70.130403,115.560759,0.64271
A15,ARC,3CA7E,127.448584,71.586217,127.033115,71.390806,137.457206,49.767216,24.005027,114.641459,1.095877
A15,ARC,3CA7D,128.378816,71.976048,127.448584,71.586217,133.424636,58.630673,14.267422,110.711356,4.051279
A15,ARC,3CA7C,129.144574,72.22943,128.378816,71.976048,131.811462,62.88589,9.716688,105.930118,4.757535
A15,ARC,3CA7B,130.087955,72.434617,129.144574,72.22943,131.162023,65.225175,7.289011,98.473642,7.594447
A15,ARC,3CA7A,131.340599,72.475463,130.087955,72.434617,130.884184,67.244292,5.251044,85.013627,13.707922
A15,ARC,3CA79,133.388893,71.704728,131.340599,72.475463,130.995699,68.451737,4.038481,53.658452,31.442337
A15,ARC,3CA78,134.268531,70.865855,133.388893,71.704728,130.456104,67.748791,4.924498,39.269646,14.178453
A15,ARC,3CA77,80.741192,106.33598,81.095105,98.67136,166.265565,106.444567,85.524441,180.072746,5.141991
A15,LINE,3CA76,81.095105,98.67136,81.095105,98.67136,,,,,
A15,ARC,3CA75,99.206654,69.401626,99.538673,69.276373,108.965835,94.768441,27.179347,248.95715,0.74807
A15,ARC,3CA74,99.538673,69.276373,105.743562,67.723334,110.065094,98.161023,30.742943,249.976763,11.942412
A15,ARC,3CA73,105.743562,67.723334,111.685052,67.314282,111.499442,107.973,40.659141,261.861628,8.39993
A15,ARC,3CA72,111.685052,67.314282,112.174461,67.318356,111.655777,100.235908,32.921638,270.050951,0.851788
A15,ARC,3CA71,112.174461,67.318356,116.956553,67.77201,111.766583,97.04941,29.733852,270.785987,9.266341
A15,ARC,3CA70,116.956553,67.77201,119.406906,68.303945,111.0193,101.031619,33.785391,280.121395,4.253256
A15,ARC,3CA6F,119.406906,68.303945,123.303987,69.634079,111.219244,98.666478,31.447118,285.091595,7.507937
A15,ARC,3CA6E,123.303987,69.634079,126.325346,71.047405,108.23182,105.790964,39.172574,292.629044,4.880264
A15,ARC,3CA6D,133.647281,141.47151,134.26853,142.106108,130.414344,145.257831,4.978765,310.492244,10.233514
A15,ARC,3CA6C,131.340597,140.496501,133.647281,141.47151,130.991455,144.53859,4.057141,274.93677,35.952958
A15,ARC,3CA6B,130.087953,140.537346,131.340597,140.496501,130.886321,145.793243,5.316187,261.362834,13.539158
A15,ARC,3CA6A,128.628578,140.905724,130.087953,140.537346,131.292712,148.385073,7.939664,250.394172,10.878101
A15,ARC,3CA69,127.898741,141.187438,128.628578,140.905724,132.675512,152.476382,12.257969,247.064974,3.657315
A15,ARC,3CA68,127.236213,141.484419,127.898741,141.187438,134.990173,157.895061,18.150291,244.709463,2.292086
A15,ARC,3CA67,126.325345,141.924558,127.236213,141.484419,157.292136,204.847775,70.130403,243.796533,0.826501
A15,ARC,3C349,134.957662,142.184687,134.26853,142.106108,134.653901,141.787535,0.5,52.589526,87.831144
A15,LINE,3C348,134.957662,142.184687,135.870521,141.486489,,,,,
A15,LINE,3C347,135.870521,141.486489,134.536333,139.98901,,,,,
A15,LINE,3C346,134.536333,139.98901,136.12494,138.773968,,,,,
A15,LINE,3C345,136.12494,138.773968,137.220837,140.453704,,,,,
A15,LINE,3C344,137.220837,140.453704,138.181896,139.71864,,,,,
A15,ARC,3C343,138.317902,139.08357,138.181896,139.71864,137.878135,139.321488,0.5,331.586164,81.003363
A15,ARC,3C342,167.875875,136.219444,167.663384,135.555044,168.110869,135.778107,0.5,118.033443,88.461942
A15,LINE,3C341,167.875875,136.219444,169.65585,137.168756,,,,,
A15,ARC,3C340,170.314072,136.994288,169.65585,137.168756,169.891145,136.72758,0.5,32.236447,85.836145
A15,ARC,3CA66,180.351668,135.922468,182.88577,136.503169,164.205194,212.203154,77.970838,281.951492,1.910505
A15,LINE,3CA65,180.351668,135.922468,180.351668,135.922468,,,,,
A15,ARC,3CA64,179.71512,135.791896,180.351668,135.922468,155.69186,254.523832,121.137895,281.438345,0.307344
A15,ARC,3CA63,177.45484,135.366324,179.71512,135.791896,164.444096,210.683462,76.432655,279.800897,1.724197
A15,ARC,3CA62,173.50517,135.132571,177.45484,135.366324,174.394043,153.598756,18.487566,267.244187,12.285567
A15,LINE,3CA61,173.50517,135.132571,173.50517,135.132571,,,,,
A15,ARC,3CA60,170.314072,136.994288,173.50517,135.132571,173.697488,139.127945,4,212.236447,55.007739
A15,LINE,3CA5F,170.314072,136.994288,170.314072,136.994288,,,,,
A15,ARC,3CA5E,202.33585,134.477046,190.407968,137.594014,190.405241,113.20254,24.391474,60.716567,29.277029
A15,LINE,3CA5D,190.407968,137.594014,190.407968,137.594014,,,,,
A15,ARC,3CA5C,190.407968,137.594014,185.552984,137.07547,190.659877,112.248243,25.347023,90.569439,11.054021
A15,LINE,3CA5B,185.552984,137.07547,185.552984,137.07547,,,,,
A15,ARC,3CA5A,185.552984,137.07547,182.88577,136.503169,198.89422,68.397078,69.962205,100.993173,2.234183
A15,LINE,3CA59,182.88577,136.503169,182.88577,136.503169,,,,,
A15,LINE,3C338,214.791174,112.682657,214.791174,106.635983,,,,,
A15,LINE,3C337,144.892935,126.814841,143.771244,127.240991,,,,,
A15,LINE,3C336,142.610326,126.719418,142.539459,126.532964,,,,,
A15,LINE,3C335,143.061106,125.371881,144.182797,124.945731,,,,,
A15,LINE,3C334,145.343715,125.467304,145.414583,125.653757,,,,,
A15,LINE,3C333,157.02481,124.684811,155.82481,124.684777,,,,,
A15,LINE,3C332,154.924836,123.784758,154.92484,123.585376,,,,,
A15,LINE,3C331,155.824866,122.685395,157.024866,122.68543,,,,,
A15,LINE,3C330,157.92484,123.585449,157.924836,123.784831,,,,,
A15,ARC,3C32F,172.920499,130.271222,171.68044,130.557504,172.157303,129.79422,0.9,32.005569,89.989576
A15,LINE,3C32E,173.026259,130.102007,172.920499,130.271222,,,,,
A15,ARC,3C32D,170.662867,129.921774,170.376533,128.681488,171.13973,129.15849,0.9,121.995145,90.010424
A15,LINE,3C32C,171.68044,130.557504,170.662867,129.921774,,,,,
A15,ARC,3C32B,170.482293,128.512274,171.722352,128.225992,171.245489,128.989276,0.9,212.005569,89.989576
A15,LINE,3C32A,170.376533,128.681488,170.482293,128.512274,,,,,
A15,ARC,3C329,172.739925,128.861722,173.026259,130.102007,172.263062,129.625006,0.9,301.995145,90.010424
A15,LINE,3C328,171.722352,128.225992,172.739925,128.861722,,,,,
A15,LINE,3C327,170.662867,83.05019,171.68044,82.41446,,,,,
A15,ARC,3C326,171.68044,82.41446,172.920499,82.700742,172.157303,83.177744,0.9,238.004855,89.989576
A15,LINE,3C325,172.920499,82.700742,173.026259,82.869956,,,,,
A15,ARC,3C324,173.026259,82.869956,172.739925,84.110242,172.263062,83.346958,0.9,327.994431,90.010424
A15,ARC,3C323,171.722352,84.745972,170.482293,84.45969,171.24549,83.982688,0.9,58.004855,89.989576
A15,LINE,3C322,172.739925,84.110242,171.722352,84.745972,,,,,
A15,ARC,3C321,170.376533,84.290475,170.662867,83.05019,171.13973,83.813474,0.9,147.994431,90.010424
A15,LINE,3C320,170.482293,84.45969,170.376533,84.290475,,,,,
A15,LINE,3C31F,91.166105,81.507939,90.500539,82.505922,,,,,
A15,ARC,3C31E,90.500539,82.505922,89.252562,82.75542,89.751778,82.006565,0.9,33.699765,89.989266
A15,LINE,3C31D,89.252562,82.75542,89.0863,82.644583,,,,,
A15,ARC,3C31C,89.0863,82.644583,88.836755,81.396371,89.585516,81.895728,0.9,123.689031,90.010734
A15,LINE,3C31B,88.836755,81.396371,89.502322,80.398388,,,,,
A15,ARC,3C31A,89.502322,80.398388,90.750299,80.148891,90.251082,80.897745,0.9,213.699765,89.989266
A15,ARC,3C319,90.916561,80.259728,91.166105,81.507939,90.417344,81.008582,0.9,303.689031,90.010734
A15,LINE,3C318,90.750299,80.148891,90.916561,80.259728,,,,,
A15,ARC,3C317,83.478587,105.385982,84.378587,104.485982,84.378587,105.385982,0.9,180,90
A15,LINE,3C316,83.478587,107.585982,83.478587,105.385982,,,,,
A15,ARC,3C315,84.578587,104.485982,85.478587,105.385982,84.578587,105.385982,0.9,270,90
A15,LINE,3C314,84.378587,104.485982,84.578587,104.485982,,,,,
A15,ARC,3C313,85.478587,107.585982,84.578587,108.485982,84.578587,107.585982,0.9,0,90
A15,LINE,3C312,85.478587,105.385982,85.478587,107.585982,,,,,
A15,ARC,3C311,84.378587,108.485982,83.478587,107.585982,84.378587,107.585982,0.9,90,90
A15,LINE,3C310,84.578587,108.485982,84.378587,108.485982,,,,,
A15,ARC,3C30F,88.836755,131.575592,89.0863,130.327381,89.585516,131.076236,0.9,146.300235,90.010734
A15,LINE,3C30E,89.0863,130.327381,89.252562,130.216544,,,,,
A15,ARC,3C30D,89.252562,130.216544,90.500539,130.466042,89.751778,130.965399,0.9,236.310969,89.989266
A15,LINE,3C30C,90.500539,130.466042,91.166105,131.464025,,,,,
A15,ARC,3C30B,91.166105,131.464025,90.916561,132.712236,90.417344,131.963382,0.9,326.300235,90.010734
A15,LINE,3C30A,90.916561,132.712236,90.750299,132.823073,,,,,
A15,ARC,3C309,90.750299,132.823073,89.502322,132.573576,90.251082,132.074219,0.9,56.310969,89.989266
A15,LINE,3C308,89.502322,132.573576,88.836755,131.575592,,,,,
A15,ARC,3C307,110.389638,141.996826,111.289612,141.096806,111.289638,141.996806,0.9,179.998772,89.999585
A15,LINE,3C306,110.389642,142.196208,110.389638,141.996826,,,,,
A15,ARC,3C305,112.489612,141.096772,113.389637,141.996753,112.489637,141.996772,0.9,269.998357,90.000415
A15,LINE,3C304,111.289612,141.096806,112.489612,141.096772,,,,,
A15,ARC,3C303,113.389642,142.196135,112.489668,143.096154,112.489642,142.196154,0.9,359.998772,89.999585
A15,LINE,3C302,113.389637,141.996753,113.389642,142.196135,,,,,
A15,ARC,3C301,111.289668,143.096188,110.389642,142.196208,111.289642,142.196188,0.9,89.998357,90.000415
A15,LINE,3C300,112.489668,143.096154,111.289668,143.096188,,,,,
A15,ARC,3C2FF,133.746747,136.292813,132.502782,136.023461,133.25944,135.536154,0.9,57.217433,90
A15,LINE,3C2FE,134.755625,135.64307,133.746747,136.292813,,,,,
A15,ARC,3C2FD,132.394491,135.855315,132.663843,134.61135,133.15115,135.368008,0.9,147.217433,90
A15,LINE,3C2FC,132.502782,136.023461,132.394491,135.855315,,,,,
A15,ARC,3C2FB,133.67272,133.961607,134.916686,134.230958,134.160027,134.718265,0.9,237.217433,90
A15,LINE,3C2FA,132.663843,134.61135,133.67272,133.961607,,,,,
A15,ARC,3C2F9,135.024976,134.399104,134.755625,135.64307,134.268318,134.886411,0.9,327.217433,90
A15,LINE,3C2F8,134.916686,134.230958,135.024976,134.399104,,,,,
A15,ARC,3C2F7,192.547987,135.191713,191.531718,134.425426,192.422996,134.300435,0.9,82.017011,90
A15,LINE,3C2F6,193.736359,135.025058,192.547987,135.191713,,,,,
A15,ARC,3C2F5,191.503942,134.227364,192.270229,133.211094,192.39522,134.102373,0.9,172.017011,90
A15,LINE,3C2F4,191.531718,134.425426,191.503942,134.227364,,,,,
A15,ARC,3C2F3,193.4586,133.044439,194.47487,133.810727,193.583592,133.935718,0.9,262.017011,90
A15,LINE,3C2F2,192.270229,133.211094,193.4586,133.044439,,,,,
A15,ARC,3C2F1,194.502646,134.008788,193.736359,135.025058,193.611367,134.13378,0.9,352.017011,90
A15,LINE,3C2F0,194.47487,133.810727,194.502646,134.008788,,,,,
A15,ARC,3C2EF,191.531718,78.546538,192.547987,77.780251,192.422996,78.671529,0.9,187.982989,90
A15,LINE,3C2EE,191.503942,78.7446,191.531718,78.546538,,,,,
A15,ARC,3C2ED,193.736359,77.946906,194.502646,78.963175,193.611367,78.838184,0.9,277.982989,90
A15,LINE,3C2EC,192.547987,77.780251,193.736359,77.946906,,,,,
A15,ARC,3C2EB,194.47487,79.161237,193.4586,79.927525,193.583592,79.036246,0.9,7.982989,90
A15,LINE,3C2EA,194.502646,78.963175,194.47487,79.161237,,,,,
A15,ARC,3C2E9,192.270229,79.76087,191.503942,78.7446,192.39522,78.869591,0.9,97.982989,90
A15,LINE,3C2E8,193.4586,79.927525,192.270229,79.76087,,,,,
A15,LINE,3C2E7,154.92484,89.386588,154.924836,89.187206,,,,,
A15,LINE,3C2E6,155.82481,88.287187,157.02481,88.287152,,,,,
A15,LINE,3C2E5,157.924836,89.187133,157.92484,89.386515,,,,,
A15,LINE,3C2E4,157.024866,90.286534,155.824866,90.286569,,,,,
A15,ARC,3C2E3,111.289612,71.875158,110.389638,70.975138,111.289638,70.975158,0.9,90.001643,89.999585
A15,LINE,3C2E2,112.489612,71.875192,111.289612,71.875158,,,,,
A15,ARC,3C2E1,110.389642,70.775756,111.289668,69.875776,111.289642,70.775776,0.9,180.001228,90.000415
A15,LINE,3C2E0,110.389638,70.975138,110.389642,70.775756,,,,,
A15,ARC,3C2DF,112.489668,69.87581,113.389642,70.775829,112.489642,70.77581,0.9,270.001643,89.999585
A15,LINE,3C2DE,111.289668,69.875776,112.489668,69.87581,,,,,
A15,ARC,3C2DD,113.389637,70.975211,112.489612,71.875192,112.489637,70.975192,0.9,0.001228,90.000415
A15,LINE,3C2DC,113.389642,70.775829,113.389637,70.975211,,,,,
A15,CIRCLE,3C2DB,,,,,152.486235,106.485982,7.5,,
A15,CIRCLE,3C2DA,,,,,152.48694,120.842716,1,,
A15,CIRCLE,3C2D9,,,,,152.48694,92.129248,1,,
A15,CIRCLE,3C2D8,,,,,190.74514,96.863983,1,,
A15,LINE,3C2D7,139.628716,97.819267,140.22837,97.839627,,,,,
A15,LINE,3C2D6,141.386959,99.079656,141.366598,99.679311,,,,,
A15,LINE,3C2D5,140.126569,100.837899,139.526915,100.817539,,,,,
A15,LINE,3C2D4,138.368326,99.57751,138.388686,98.977855,,,,,
A15,LINE,3C2D3,140.22837,115.132336,139.628715,115.152697,,,,,
A15,LINE,3C2D2,138.388686,113.994108,138.368326,113.394454,,,,,
A15,LINE,3C2D1,139.526914,112.154424,140.126569,112.134064,,,,,
A15,LINE,3C2D0,141.366598,113.292653,141.386958,113.892307,,,,,
A15,LINE,3C2CF,173.706116,113.99566,173.108665,114.015946,,,,,
A15,LINE,3C2CE,171.868635,112.857357,171.848275,112.257703,,,,,
A15,LINE,3C2CD,173.006864,111.017673,173.604315,110.997388,,,,,
A15,LINE,3C2CC,174.844344,112.155977,174.864704,112.755631,,,,,
A15,LINE,3C2CB,173.108665,98.956019,173.706116,98.976304,,,,,
A15,LINE,3C2CA,174.864704,100.216334,174.844344,100.815988,,,,,
A15,LINE,3C2C9,173.604315,101.974577,173.006864,101.954291,,,,,
A15,LINE,3C2C8,171.848275,100.714262,171.868636,100.114607,,,,,
A15,LINE,3C2C7,201.686473,113.045638,201.090351,113.065878,,,,,
A15,LINE,3C2C6,199.850322,111.90729,199.829962,111.307635,,,,,
A15,LINE,3C2C5,200.988551,110.067606,201.584672,110.047366,,,,,
A15,LINE,3C2C4,202.824701,111.205954,202.845061,111.805609,,,,,
A15,LINE,3C2C3,201.090352,99.906087,201.686473,99.926328,,,,,
A15,LINE,3C2C2,202.845061,101.166357,202.824701,101.766011,,,,,
A15,LINE,3C2C1,201.584672,102.9246,200.988551,102.90436,,,,,
A15,LINE,3C2C0,199.829962,101.66433,199.850322,101.064676,,,,,
A15,CIRCLE,3C2BF,,,,,128.96839,123.336303,1,,
A15,ARC,3C2BE,211.264551,100.172602,210.364551,99.272602,211.264551,99.272602,0.9,89.999999,90
A15,LINE,3C2BD,210.364551,99.272602,210.364551,98.072602,,,,,
A15,ARC,3C2BC,210.364551,98.072602,211.264551,97.172602,211.264551,98.072602,0.9,179.999999,89.999999
A15,LINE,3C2BB,211.264551,97.172602,211.464551,97.172602,,,,,
A15,ARC,3C2BA,211.464551,97.172602,212.364551,98.072602,211.464551,98.072602,0.9,269.999998,90.000001
A15,LINE,3C2B9,212.364551,98.072602,212.364551,99.272602,,,,,
A15,ARC,3C2B8,212.364551,99.272602,211.464551,100.172602,211.464551,99.272602,0.9,359.999999,90
A15,LINE,3C2B7,211.464551,100.172602,211.264551,100.172602,,,,,
A15,ARC,3C2B6,132.663842,78.360613,132.394491,77.116647,133.15115,77.603955,0.9,122.782567,90
A15,LINE,3C2B5,132.394491,77.116647,132.502782,76.948501,,,,,
A15,ARC,3C2B4,132.502782,76.948501,133.746747,76.67915,133.25944,77.435808,0.9,212.782567,90
A15,LINE,3C2B3,133.746747,76.67915,134.755625,77.328893,,,,,
A15,ARC,3C2B2,134.755625,77.328893,135.024976,78.572858,134.268318,78.085551,0.9,302.782567,90
A15,LINE,3C2B1,135.024976,78.572858,134.916685,78.741005,,,,,
A15,ARC,3C2B0,134.916685,78.741005,133.67272,79.010356,134.160027,78.253698,0.9,32.782567,90
A15,LINE,3C2AF,133.67272,79.010356,132.663842,78.360613,,,,,
A15,ARC,3C2AE,211.264551,115.799362,210.364551,114.899362,211.264551,114.899362,0.9,90.000001,90
A15,LINE,3C2AD,210.364551,114.899362,210.364551,113.699362,,,,,
A15,ARC,3C2AC,210.364551,113.699362,211.264551,112.799362,211.264551,113.699362,0.9,180.000001,90
A15,LINE,3C2AB,211.264551,112.799362,211.464551,112.799362,,,,,
A15,ARC,3C2AA,211.464551,112.799362,212.364551,113.699362,211.464551,113.699362,0.9,270.000001,90
A15,LINE,3C2A9,212.364551,113.699362,212.364551,114.899362,,,,,
A15,ARC,3C2A8,212.364551,114.899362,211.464551,115.799362,211.464551,114.899362,0.9,0.000001,90
A15,LINE,3C2A7,211.464551,115.799362,211.264551,115.799362,,,,,
A21+,ARC,3C2A3,142.437636,57.331341,143.426386,58.181763,142.437636,58.331341,1,270,81.397555
A21+,LINE,3C2A2,142.437636,57.331341,132.437636,57.331341,,,,,
A21+,LINE,3C2A1,124.737636,57.331341,114.737636,57.331341,,,,,
A21+,ARC,3C2A0,114.737636,59.331341,113.748886,58.480918,114.737636,58.331341,1,90,81.397555
A21+,LINE,3C29F,128.087636,56.331341,124.737636,56.331341,,,,,
A21+,LINE,3C29E,132.437636,56.331341,128.387636,56.331341,,,,,
A21+,LINE,3C29D,114.737636,59.331341,142.437636,59.331341,,,,,
A21+,ARC,3C29C,113.748886,58.181763,114.737636,57.331341,114.737636,58.331341,1,188.602445,81.397555
A21+,ARC,3C29B,143.426386,58.480918,142.437636,59.331341,142.437636,58.331341,1,8.602445,81.397555
A21+,LINE,3C29A,132.437636,56.331341,132.437636,57.331341,,,,,
A21+,LINE,3C299,124.737636,57.331341,124.737636,56.331341,,,,,
A21+,ARC,3C296,143.426386,60.480918,142.437636,61.331341,142.437636,60.331341,1,8.602445,81.397555
A21+,LINE,3C295,142.437636,61.331341,132.437636,61.331341,,,,,
A21+,LINE,3C294,124.737636,61.331341,114.737636,61.331341,,,,,
A21+,ARC,3C293,113.748886,60.181763,114.737636,59.331341,114.737636,60.331341,1,188.602445,81.397555
A21+,LINE,3C292,128.087636,62.331341,124.737636,62.331341,,,,,
A21+,LINE,3C291,132.437636,62.331341,128.387636,62.331341,,,,,
A21+,ARC,3C290,114.737636,61.331341,113.748886,60.480918,114.737636,60.331341,1,90,81.397555
A21+,ARC,3C28F,142.437636,59.331341,143.426386,60.181763,142.437636,60.331341,1,270,81.397555
A21+,LINE,3C28E,132.437636,62.331341,132.437636,61.331341,,,,,
A21+,LINE,3C28D,124.737636,61.331341,124.737636,62.331341,,,,,
A21,ARC,3C28A,151.078356,157.744898,151.928778,156.756148,152.078356,157.744898,1,180,81.397555
A21,ARC,3C289,153.078356,157.744898,153.928778,156.756148,154.078356,157.744898,1,180,81.397555
A21,LINE,3C288,151.078356,157.744898,151.078356,167.744898,,,,,
A21,LINE,3C287,155.078356,167.744898,155.078356,157.744898,,,,,
A21,LINE,3C286,151.078356,175.444898,151.078356,185.444898,,,,,
A21,ARC,3C285,153.078356,185.444898,152.227934,186.433648,152.078356,185.444898,1,0,81.397555
A21,ARC,3C284,155.078356,185.444898,154.227934,186.433648,154.078356,185.444898,1,0,81.397555
A21,LINE,3C283,155.078356,185.444898,155.078356,175.444898,,,,,
A21,LINE,3C282,156.078356,171.744898,156.078356,167.744898,,,,,
A21,LINE,3C281,150.078356,172.094898,150.078356,175.444898,,,,,
A21,LINE,3C280,150.078356,167.744898,150.078356,171.794898,,,,,
A21,LINE,3C27F,156.078356,175.444898,156.078356,172.094898,,,,,
A21,LINE,3C27E,153.078356,185.444898,153.078356,157.744898,,,,,
A21,ARC,3C27D,153.928778,186.433648,153.078356,185.444898,154.078356,185.444898,1,98.602445,81.397555
A21,ARC,3C27C,151.928778,186.433648,151.078356,185.444898,152.078356,185.444898,1,98.602445,81.397555
A21,ARC,3C27B,154.227934,156.756148,155.078356,157.744898,154.078356,157.744898,1,278.602445,81.397555
A21,LINE,3C27A,156.078356,167.744898,155.078356,167.744898,,,,,
A21,LINE,3C279,155.078356,175.444898,156.078356,175.444898,,,,,
A21,ARC,3C278,152.227934,156.756148,153.078356,157.744898,152.078356,157.744898,1,278.602445,81.397555
A21,LINE,3C277,150.078356,167.744898,151.078356,167.744898,,,,,
A21,LINE,3C276,151.078356,175.444898,150.078356,175.444898,,,,,
A21,ARC,3C273,160.227934,156.756148,161.078356,157.744898,160.078356,157.744898,1,278.602445,81.397555
A21,ARC,3C272,158.227934,156.756148,159.078356,157.744898,158.078356,157.744898,1,278.602445,81.397555
A21,LINE,3C271,161.078356,157.744898,161.078356,167.744898,,,,,
A21,LINE,3C270,157.078356,167.744898,157.078356,157.744898,,,,,
A21,LINE,3C26F,161.078356,175.444898,161.078356,185.444898,,,,,
A21,ARC,3C26E,159.928778,186.433648,159.078356,185.444898,160.078356,185.444898,1,98.602445,81.397555
A21,ARC,3C26D,157.928778,186.433648,157.078356,185.444898,158.078356,185.444898,1,98.602445,81.397555
A21,LINE,3C26C,157.078356,185.444898,157.078356,175.444898,,,,,
A21,LINE,3C26B,162.078356,172.094898,162.078356,175.444898,,,,,
A21,LINE,3C26A,162.078356,167.744898,162.078356,171.794898,,,,,
A21,LINE,3C269,159.078356,185.444898,159.078356,157.744898,,,,,
A21,ARC,3C268,159.078356,185.444898,158.227934,186.433648,158.078356,185.444898,1,0,81.397555
A21,ARC,3C267,161.078356,185.444898,160.227934,186.433648,160.078356,185.444898,1,0,81.397555
A21,ARC,3C266,157.078356,157.744898,157.928778,156.756148,158.078356,157.744898,1,180,81.397555
A21,LINE,3C265,156.078356,167.744898,157.078356,167.744898,,,,,
A21,LINE,3C264,157.078356,175.444898,156.078356,175.444898,,,,,
A21,ARC,3C263,159.078356,157.744898,159.928778,156.756148,160.078356,157.744898,1,180,81.397555
A21,LINE,3C262,162.078356,167.744898,161.078356,167.744898,,,,,
A21,LINE,3C261,161.078356,175.444898,162.078356,175.444898,,,,,
A25,LINE,3C25E,131.762927,243.595203,131.762927,243.945203,,,,,
A25,LINE,3C25D,131.762927,248.595203,131.762927,248.945203,,,,,
A25,LINE,3C25C,153.762927,248.295203,153.762927,247.945203,,,,,
A25,LINE,3C25B,153.762927,243.295203,153.762927,242.945203,,,,,
A25,LINE,3C25A,142.762927,243.295203,142.762927,242.945203,,,,,
A25,LINE,3C259,142.762927,248.595203,142.762927,248.945203,,,,,
A25,LINE,3C258,139.862927,244.445203,134.662927,244.445203,,,,,
A25,ARC,3C257,134.662927,244.445203,134.662927,242.445203,134.662927,243.445203,1,90,180
A25,ARC,3C256,139.862927,242.445203,139.862927,244.445203,139.862927,243.445203,1,270,180
A25,LINE,3C255,134.662927,242.445203,139.862927,242.445203,,,,,
A25,LINE,3C254,150.862927,244.445203,145.662927,244.445203,,,,,
A25,ARC,3C253,145.662927,244.445203,145.662927,242.445203,145.662927,243.445203,1,90,180
A25,ARC,3C252,150.862927,242.445203,150.862927,244.445203,150.862927,243.445203,1,270,180
A25,LINE,3C251,145.662927,242.445203,150.862927,242.445203,,,,,
A25,LINE,3C250,150.862927,249.445203,145.662927,249.445203,,,,,
A25,ARC,3C24F,145.662927,249.445203,145.662927,247.445203,145.662927,248.445203,1,90,180
A25,ARC,3C24E,150.862927,247.445203,150.862927,249.445203,150.862927,248.445203,1,270,180
A25,LINE,3C24D,145.662927,247.445203,150.862927,247.445203,,,,,
A25,LINE,3C24C,139.862927,249.445203,134.662927,249.445203,,,,,
A25,ARC,3C24B,134.662927,249.445203,134.662927,247.445203,134.662927,248.445203,1,90,180
A25,ARC,3C24A,139.862927,247.445203,139.862927,249.445203,139.862927,248.445203,1,270,180
A25,LINE,3C249,134.662927,247.445203,139.862927,247.445203,,,,,
A25,LINE,3C248,137.412927,250.945203,140.762927,250.945203,,,,,
A25,LINE,3C247,133.762927,250.945203,137.112927,250.945203,,,,,
A25,ARC,3C246,142.762927,248.945203,140.762927,250.945203,140.762927,248.945203,2,0,90
A25,ARC,3C245,140.762927,245.945203,142.762927,247.945203,140.762927,247.945203,2,270,90
A25,ARC,3C244,131.762927,247.945203,133.762927,245.945203,133.762927,247.945203,2,180,90
A25,LINE,3C243,131.762927,247.945203,131.762927,248.295203,,,,,
A25,ARC,3C242,133.762927,250.945203,131.762927,248.945203,133.762927,248.945203,2,90,90
A25,LINE,3C241,148.412927,250.945203,151.762927,250.945203,,,,,
A25,LINE,3C240,144.762927,250.945203,148.112927,250.945203,,,,,
A25,ARC,3C23F,153.762927,248.945203,151.762927,250.945203,151.762927,248.945203,2,0,90
A25,LINE,3C23E,153.762927,248.945203,153.762927,248.595203,,,,,
A25,ARC,3C23D,151.762927,245.945203,153.762927,247.945203,151.762927,247.945203,2,270,90
A25,ARC,3C23C,142.762927,247.945203,144.762927,245.945203,144.762927,247.945203,2,180,90
A25,LINE,3C23B,142.762927,247.945203,142.762927,248.295203,,,,,
A25,ARC,3C23A,144.762927,250.945203,142.762927,248.945203,144.762927,248.945203,2,90,90
A25,LINE,3C239,148.412927,245.945203,151.762927,245.945203,,,,,
A25,LINE,3C238,144.762927,245.945203,148.112927,245.945203,,,,,
A25,ARC,3C237,153.762927,243.945203,151.762927,245.945203,151.762927,243.945203,2,0,90
A25,LINE,3C236,153.762927,243.945203,153.762927,243.595203,,,,,
A25,ARC,3C235,151.762927,240.945203,153.762927,242.945203,151.762927,242.945203,2,270,90
A25,LINE,3C234,148.112927,240.945203,144.762927,240.945203,,,,,
A25,LINE,3C233,151.762927,240.945203,148.412927,240.945203,,,,,
A25,ARC,3C232,142.762927,242.945203,144.762927,240.945203,144.762927,242.945203,2,180,90
A25,ARC,3C231,144.762927,245.945203,142.762927,243.945203,144.762927,243.945203,2,90,90
A25,LINE,3C230,137.412927,245.945203,140.762927,245.945203,,,,,
A25,LINE,3C22F,133.762927,245.945203,137.112927,245.945203,,,,,
A25,ARC,3C22E,142.762927,243.945203,140.762927,245.945203,140.762927,243.945203,2,0,90
A25,LINE,3C22D,142.762927,243.945203,142.762927,243.595203,,,,,
A25,ARC,3C22C,140.762927,240.945203,142.762927,242.945203,140.762927,242.945203,2,270,90
A25,LINE,3C22B,137.112927,240.945203,133.762927,240.945203,,,,,
A25,LINE,3C22A,140.762927,240.945203,137.412927,240.945203,,,,,
A25,ARC,3C229,131.762927,242.945203,133.762927,240.945203,133.762927,242.945203,2,180,90
A25,LINE,3C228,131.762927,242.945203,131.762927,243.295203,,,,,
A25,ARC,3C227,133.762927,245.945203,131.762927,243.945203,133.762927,243.945203,2,90,90
A25,LINE,3C226,153.762927,247.945203,153.762927,243.945203,,,,,
A25,LINE,3C225,131.762927,247.945203,131.762927,243.945203,,,,,
A25,LINE,3C224,144.762927,250.945203,140.762927,250.945203,,,,,
A25,LINE,3C223,144.762927,240.945203,140.762927,240.945203,,,,,
A22+,ARC,3C222,134.054095,272.34936,133.203672,271.36061,134.203672,271.36061,1,98.602445,81.397555
A22+,ARC,3C21E,135.203672,271.36061,134.35325,272.34936,134.203672,271.36061,1,0,81.397555
A22+,ARC,3C21D,129.197891,272.34936,128.347468,271.36061,129.347468,271.36061,1,98.602445,81.397555
A22+,ARC,3C21C,130.347468,271.36061,129.497046,272.34936,129.347468,271.36061,1,0,81.397555
A22+,LINE,3C21B,126.847468,263.86061,126.847468,264.36061,,,,,
A22+,LINE,3C21A,126.847468,264.36061,128.347468,264.36061,,,,,
A22+,LINE,3C219,128.347468,264.36061,128.347468,271.36061,,,,,
A22+,LINE,3C218,130.347468,271.36061,130.347468,264.36061,,,,,
A22+,LINE,3C217,130.347468,264.36061,133.203672,264.36061,,,,,
A22+,LINE,3C216,133.203672,264.36061,133.203672,271.36061,,,,,
A22+,LINE,3C215,135.203672,271.36061,135.203672,264.36061,,,,,
A22+,LINE,3C214,135.203672,264.36061,136.703672,264.36061,,,,,
A22+,LINE,3C213,136.703672,264.36061,136.703672,263.86061,,,,,
A22+,ARC,3C212,135.703672,262.86061,136.703672,263.86061,135.703672,263.86061,1,270,90
A22+,ARC,3C211,126.847468,263.86061,127.847468,262.86061,127.847468,263.86061,1,180,90
A22+,LINE,3C210,134.411026,262.86061,135.703672,262.86061,,,,,
A22+,LINE,3C20F,129.498149,262.86061,134.061026,262.86061,,,,,
A22+,LINE,3C20E,127.847468,262.86061,129.148149,262.86061,,,,,
A22+,ARC,3C20D,129.497046,253.37186,130.347468,254.36061,129.347468,254.36061,1,278.602445,81.397555
A22+,ARC,3C209,128.347468,254.36061,129.197891,253.37186,129.347468,254.36061,1,180,81.397555
A22+,ARC,3C208,134.35325,253.37186,135.203672,254.36061,134.203672,254.36061,1,278.602445,81.397555
A22+,ARC,3C207,133.203672,254.36061,134.054095,253.37186,134.203672,254.36061,1,180,81.397555
A22+,LINE,3C206,136.703672,261.86061,136.703672,261.36061,,,,,
A22+,LINE,3C205,136.703672,261.36061,135.203672,261.36061,,,,,
A22+,LINE,3C204,135.203672,261.36061,135.203672,254.36061,,,,,
A22+,LINE,3C203,133.203672,254.36061,133.203672,261.36061,,,,,
A22+,LINE,3C202,133.203672,261.36061,130.347468,261.36061,,,,,
A22+,LINE,3C201,130.347468,261.36061,130.347468,254.36061,,,,,
A22+,LINE,3C200,128.347468,254.36061,128.347468,261.36061,,,,,
A22+,LINE,3C1FF,128.347468,261.36061,126.847468,261.36061,,,,,
A22+,LINE,3C1FE,126.847468,261.36061,126.847468,261.86061,,,,,
A22+,ARC,3C1FD,127.847468,262.86061,126.847468,261.86061,127.847468,261.86061,1,90,90
A22+,ARC,3C1FC,136.703672,261.86061,135.703672,262.86061,135.703672,261.86061,1,0,90
A26-2,ARC,3C1FB,112.658708,64.18124,111.468278,64.713894,111.753845,63.755536,1,25.195223,81.39755
A26-2,ARC,3C1FA,112.039413,62.797177,112.658708,64.18124,111.753845,63.755536,1,286.592773,98.60245
A26-2,ARC,3C1F9,106.908318,60.308535,103.723273,59.189779,110.947586,43.715729,17.07738,103.681671,11.344614
A26-2,ARC,3C1F8,110.551047,60.788505,107.200415,60.37693,110.947586,43.715729,17.07738,91.330533,11.344614
A26-2,LINE,3C1F7,103.723273,59.189779,103.89965,58.597862,,,,,
A26-2,ARC,3C1F6,103.226859,57.353936,103.89965,58.597862,102.941291,58.312295,1,286.592777,90
A26-2,LINE,3C1F5,103.226859,57.353936,99.393425,56.211666,,,,,
A26-2,LINE,3C1F4,99.393424,56.211666,99.907446,54.486621,,,,,
A26-2,LINE,3C1F3,99.907446,54.486621,99.428267,54.343837,,,,,
A26-2,ARC,3C1F2,98.184341,55.016628,99.428267,54.343837,99.142699,55.302195,1,196.592777,90
A26-2,LINE,3C1F1,96.856452,59.472994,95.614234,63.641853,,,,,
A26-2,LINE,3C1F0,98.184341,55.016628,96.942122,59.185486,,,,,
A26-2,ARC,3C1EF,96.287025,64.885779,95.614234,63.641853,96.572592,63.92742,1,106.592777,90
A26-2,LINE,3C1EE,96.287025,64.885779,96.766204,65.028563,,,,,
A26-2,LINE,3C1ED,96.766204,65.028563,97.280225,63.303517,,,,,
A26-2,LINE,3C1EC,97.280225,63.303517,101.11366,64.445787,,,,,
A26-2,ARC,3C1EB,102.357586,63.772996,101.11366,64.445787,101.399227,63.487429,1,16.592777,90
A26-2,LINE,3C1EA,102.357586,63.772996,102.533963,63.181078,,,,,
A26-2,ARC,3C1E9,106.093781,64.09077,109.123209,65.580297,100.110244,80.08561,17.077402,290.510405,11.3446
A26-2,ARC,3C1E8,102.533963,63.181078,105.811889,63.988129,100.110244,80.08561,17.077402,278.159283,11.3446
A26-2,LINE,3C1E7,109.123209,65.580297,109.551561,64.14276,,,,,
A26-2,LINE,3C1E6,109.551561,64.14276,111.468278,64.713894,,,,,
A26-2,LINE,3C1E5,112.039413,62.797177,110.122696,62.226043,,,,,
A26-2,LINE,3C1E4,110.122696,62.226043,110.551047,60.788505,,,,,
A26-1,ARC,3C1E3,88.724967,73.105436,87.874545,72.116686,88.874545,72.116686,1,98.602446,81.39755
A26-1,ARC,3C1E2,89.874545,72.116686,88.724967,73.105436,88.874545,72.116686,1,359.999996,98.60245
A26-1,ARC,3C1E1,90.794282,66.488582,90.956907,63.116686,107.849625,65.621281,17.07738,177.088894,11.344614
A26-1,ARC,3C1E0,91.374545,70.116686,90.812149,66.788046,107.849625,65.621281,17.07738,164.737756,11.344614
A26-1,LINE,3C1DF,90.956907,63.116686,91.574542,63.116686,,,,,
A26-1,ARC,3C1DE,92.574542,62.116686,91.574542,63.116686,91.574542,62.116686,1,0,90
A26-1,LINE,3C1DD,92.574542,62.116686,92.574542,58.116686,,,,,
A26-1,LINE,3C1DC,92.574542,58.116686,94.374542,58.116686,,,,,
A26-1,LINE,3C1DB,94.374542,58.116686,94.374542,57.616686,,,,,
A26-1,ARC,3C1DA,93.374542,56.616686,94.374542,57.616686,93.374542,57.616686,1,270,90
A26-1,LINE,3C1D9,88.724544,56.616686,84.374545,56.616686,,,,,
A26-1,LINE,3C1D8,93.374542,56.616686,89.024544,56.616686,,,,,
A26-1,ARC,3C1D7,83.374545,57.616686,84.374545,56.616686,84.374545,57.616686,1,180,90
A26-1,LINE,3C1D6,83.374545,57.616686,83.374545,58.116686,,,,,
A26-1,LINE,3C1D5,83.374545,58.116686,85.174545,58.116686,,,,,
A26-1,LINE,3C1D4,85.174545,58.116686,85.174545,62.116686,,,,,
A26-1,ARC,3C1D3,86.174545,63.116686,85.174545,62.116686,86.174545,62.116686,1,90,90
A26-1,LINE,3C1D2,86.174545,63.116686,86.792183,63.116686,,,,,
A26-1,ARC,3C1D1,86.93694,66.788046,86.374545,70.116686,69.899443,65.62128,17.077402,3.917628,11.3446
A26-1,ARC,3C1D0,86.792183,63.116686,86.954807,66.488582,69.899443,65.62128,17.077402,351.566506,11.3446
A26-1,LINE,3C1CF,86.374545,70.116686,87.874545,70.116686,,,,,
A26-1,LINE,3C1CE,87.874545,70.116686,87.874545,72.116686,,,,,
A26-1,LINE,3C1CD,89.874545,72.116686,89.874545,70.116686,,,,,
A26-1,LINE,3C1CC,89.874545,70.116686,91.374545,70.116686,,,,,
A17,LINE,3C1CB,169.245793,64.033835,169.245793,58.914898,,,,,
A17,LINE,3C1CA,186.895793,58.914898,204.245793,58.914898,,,,,
A17,LINE,3C1C9,204.245793,64.333835,204.245793,69.452773,,,,,
A17,LINE,3C1C8,186.595793,73.452772,173.245793,73.452772,,,,,
A17,ARC,3C1C7,198.745793,67.566701,197.745793,68.566701,197.745793,67.566701,1,0,90
A17,ARC,3C1C6,196.745793,68.566701,195.745793,67.566701,196.745793,67.566701,1,90,90
A17,ARC,3C1C5,195.745793,66.568914,196.745793,65.568914,196.745793,66.568914,1,180,90
A17,ARC,3C1C4,197.745793,65.568914,198.745793,66.568914,197.745793,66.568914,1,270,90
A17,ARC,3C1C3,175.745793,68.566701,174.745793,67.566701,175.745793,67.566701,1,90,90
A17,ARC,3C1C2,174.745793,66.568914,175.745793,65.568914,175.745793,66.568914,1,180,90
A17,ARC,3C1C1,176.745793,65.568914,177.745793,66.568914,176.745793,66.568914,1,270,90
A17,ARC,3C1C0,177.745793,67.566701,176.745793,68.566701,176.745793,67.566701,1,0,90
A17,LINE,3C1BF,204.245793,58.914898,204.245793,64.033835,,,,,
A17,LINE,3C1BE,169.245793,58.914898,186.595793,58.914898,,,,,
A17,LINE,3C1BD,169.245793,69.452773,169.245793,64.333835,,,,,
A17,LINE,3C1BC,196.745793,68.566701,197.745793,68.566701,,,,,
A17,LINE,3C1BB,195.745793,66.568914,195.745793,67.566701,,,,,
A17,LINE,3C1BA,197.745793,65.568914,196.745793,65.568914,,,,,
A17,LINE,3C1B9,198.745793,67.566701,198.745793,66.568914,,,,,
A17,LINE,3C1B8,176.745793,65.568914,175.745793,65.568914,,,,,
A17,LINE,3C1B7,177.745793,67.566701,177.745793,66.568914,,,,,
A17,LINE,3C1B6,175.745793,68.566701,176.745793,68.566701,,,,,
A17,LINE,3C1B5,174.745793,66.568914,174.745793,67.566701,,,,,
A17,ARC,3C1B4,173.245793,73.452772,169.245793,69.452773,173.245793,69.452773,4,89.999999,90
A17,LINE,3C1B3,200.245793,73.452772,186.895793,73.452772,,,,,
A17,ARC,3C1B2,204.245793,69.452773,200.245793,73.452772,200.245793,69.452773,4,0.000001,90
A20,LINE,3C1B1,183.457483,197.751656,183.52098,199.22668,,,,,
A20,LINE,3C1B0,164.020322,198.609044,163.9067,197.136995,,,,,
A20,ARC,3C1AF,173.601283,192.913698,176.200238,194.36742,173.629357,195.913567,3,269.463813,59.513184
A20,LINE,3C1AE,173.805886,201.774869,166.269756,202.222766,,,,,
A20,ARC,3C1AD,179.335929,199.734044,178.310832,198.759788,179.310509,198.734367,1,88.543361,90
A20,ARC,3C1AC,181.309863,198.683526,180.335606,199.708624,180.310186,198.708947,1,358.543361,90
A20,ARC,3C1AB,180.259401,196.711797,181.284498,197.686053,180.284821,197.711474,1,268.543361,90
A20,ARC,3C1AA,178.285468,197.762315,179.259724,196.737217,179.285145,197.736894,1,178.543361,90
A20,ARC,3C1A9,168.135683,197.398354,169.224501,198.300836,168.228851,198.394005,1,264.654104,90
A20,ARC,3C1A8,166.23755,198.580341,167.140032,197.491522,167.2332,198.487173,1,174.654104,90
A20,ARC,3C1A7,167.419331,200.476278,166.330513,199.573796,167.326163,199.480628,1,84.654104,90
A20,ARC,3C1A6,169.317464,199.294292,168.414982,200.38311,168.321813,199.38746,1,354.654104,90
A20,CIRCLE,3C1A5,,,,,173.628926,195.913882,0.999794,,
A20,ARC,3C1A4,166.269756,202.222766,164.15703,200.380203,166.151099,200.226289,2,86.598726,88.987591
A20,LINE,3C1A3,164.15703,200.380203,164.043409,198.908154,,,,,
A20,ARC,3C1A2,163.9067,197.136995,165.782112,194.986604,165.900769,196.983081,2,175.586316,91.012409
A20,LINE,3C1A1,165.782112,194.986604,170.893436,194.682821,,,,,
A20,ARC,3C1A0,170.893436,194.682821,173.301905,192.931491,173.629357,195.913567,3,204.220455,59.513184
A20,LINE,3C19F,176.200238,194.36742,181.264278,194.066448,,,,,
A20,ARC,3C19E,181.264278,194.066448,183.381084,195.976909,181.382935,196.062925,2,266.598726,90.93633
A20,LINE,3C19D,183.381084,195.976909,183.444581,197.451933,,,,,
A20,ARC,3C19C,183.52098,199.22668,181.641488,201.309174,181.522831,199.312697,2,357.535056,89.06367
A20,LINE,3C19B,181.641488,201.309174,174.105358,201.75707,,,,,
A20,LINE,3C19A,167.419331,200.476278,168.414982,200.38311,,,,,
A20,LINE,3C199,169.317464,199.294292,169.224501,198.300836,,,,,
A20,LINE,3C198,168.135683,197.398354,167.140032,197.491522,,,,,
A20,LINE,3C197,166.23755,198.580341,166.330513,199.573796,,,,,
A20,LINE,3C196,180.259401,196.711797,179.259724,196.737217,,,,,
A20,LINE,3C195,178.285468,197.762315,178.310832,198.759788,,,,,
A20,LINE,3C194,179.335929,199.734044,180.335606,199.708624,,,,,
A20,LINE,3C193,181.309863,198.683526,181.284498,197.686053,,,,,
A28,LINE,3C192,141.434392,282.530904,141.103276,281.381022,,,,,
A28,ARC,3C191,154.240932,287.301971,150.638063,285.451182,153.450677,284.408148,2.999786,74.72588,84.927246
A28,LINE,3C190,162.130515,276.0662,162.543979,277.18911,,,,,
A28,LINE,3C18F,151.04198,276.574501,154.764626,275.354939,,,,,
A28,ARC,3C18E,160.435079,277.759302,159.839281,279.041887,159.495887,278.102695,1,339.916256,89.999997
A28,ARC,3C18D,158.465707,275.285118,159.748292,275.880916,158.8091,276.22431,1,249.916256,90
A28,ARC,3C18C,156.930717,276.911096,157.526515,275.628511,157.869908,276.567703,1,159.916256,90
A28,ARC,3C18B,158.900089,279.38528,157.617504,278.789482,158.556696,278.446089,1,69.916254,90.000003
A28,ARC,3C18A,145.124887,283.862413,143.885678,283.181025,144.845988,282.902093,1,73.805514,89.997987
A28,ARC,3C189,146.766629,282.344295,146.085208,283.583515,145.806309,282.623194,1,343.805513,90.000001
A28,ARC,3C188,144.969612,279.74223,146.208831,280.423652,145.248511,280.702551,1,253.805513,90
A28,ARC,3C187,143.32787,281.260348,144.009292,280.021129,144.28819,280.981449,1,163.805513,90
A28,CIRCLE,3C186,,,,,153.450672,284.408141,0.999794,,
A28,ARC,3C185,156.335236,283.584721,154.525934,287.208601,153.450677,284.408148,2.999786,344.068049,84.927246
A28,LINE,3C184,150.638063,285.451182,146.937605,286.663444,,,,,
A28,ARC,3C183,146.937605,286.663444,141.848523,283.969072,145.692333,282.86222,4,71.861325,92.074562
A28,LINE,3C182,141.848523,283.969072,141.517406,282.81919,,,,,
A28,ARC,3C181,141.103276,281.381022,142.467384,278.906955,143.025181,280.827596,2,163.935886,89.869626
A28,LINE,3C180,142.467384,278.906955,146.952065,277.604502,,,,,
A28,LINE,3C17F,146.952065,277.604502,147.034243,277.887461,,,,,
A28,LINE,3C17E,147.034243,277.887461,150.756889,276.667899,,,,,
A28,LINE,3C17D,154.764626,275.354939,154.663446,275.078207,,,,,
A28,LINE,3C17C,154.663446,275.078207,159.049789,273.474444,,,,,
A28,ARC,3C17B,159.049789,273.474444,161.613391,274.661768,159.736575,275.352827,2,249.916256,89.869613
A28,LINE,3C17A,161.613391,274.661768,162.026856,275.784678,,,,,
A28,ARC,3C179,162.543979,277.18911,160.035679,282.372432,158.790348,278.571228,4,339.785869,92.074562
A28,LINE,3C178,160.035679,282.372432,156.335236,283.584721,,,,,
A28,LINE,3C177,146.766629,282.344295,146.208831,280.423652,,,,,
A28,LINE,3C176,144.969612,279.74223,144.009292,280.021129,,,,,
A28,LINE,3C175,143.32787,281.260348,143.885667,283.180989,,,,,
A28,LINE,3C174,143.885667,283.180989,143.885678,283.181025,,,,,
A28,LINE,3C173,145.124887,283.862413,146.085208,283.583515,,,,,
A28,LINE,3C172,160.435079,277.759302,159.748292,275.880916,,,,,
A28,LINE,3C171,158.465707,275.285118,157.526515,275.628511,,,,,
A28,LINE,3C170,156.930717,276.911096,157.617504,278.789482,,,,,
A28,LINE,3C16F,158.900089,279.38528,159.839281,279.041887,,,,,
A24-3,ARC,3C16E,93.80393,194.014147,93.608849,193.420763,94.608849,193.420763,1,143.602445,36.397555
A24-3,ARC,3C16C,96.483787,178.337928,97.208849,179.220763,96.308849,179.220763,0.9,281.208234,78.791766
A24-3,LINE,3C16B,97.208849,179.220763,97.208849,194.420763,,,,,
A24-3,LINE,3C16A,95.108849,192.920763,95.108849,183.620763,,,,,
A24-3,ARC,3C169,95.408849,179.220763,96.133911,178.337928,96.308849,179.220763,0.9,180,78.791766
A24-3,LINE,3C168,95.408849,183.620763,95.408849,179.220763,,,,,
A24-3,LINE,3C167,95.108849,183.620763,95.408849,183.620763,,,,,
A24-3,LINE,3C166,95.908849,194.420763,94.608849,194.420763,,,,,
A24-3,ARC,3C165,94.608849,194.420763,94.015465,194.225682,94.608849,193.420763,1,90,36.397555
A24-3,LINE,3C164,97.208849,194.420763,96.208849,194.420763,,,,,
A24-3,LINE,3C163,93.608849,192.920763,95.108849,192.920763,,,,,
A24-3,LINE,3C162,93.608849,193.420763,93.608849,192.920763,,,,,
A24-4,ARC,3C161,102.613768,179.127378,102.808849,179.720763,101.808849,179.720763,1,323.602445,36.397555
A24-4,ARC,3C15F,99.933911,194.803597,99.208849,193.920763,100.108849,193.920763,0.9,101.208234,78.791766
A24-4,LINE,3C15E,99.208849,193.920763,99.208849,178.720763,,,,,
A24-4,LINE,3C15D,101.308849,180.220763,101.308849,189.520763,,,,,
A24-4,ARC,3C15C,101.008849,193.920763,100.283787,194.803597,100.108849,193.920763,0.9,0,78.791766
A24-4,LINE,3C15B,101.008849,189.520763,101.008849,193.920763,,,,,
A24-4,LINE,3C15A,101.308849,189.520763,101.008849,189.520763,,,,,
A24-4,LINE,3C159,100.508849,178.720763,101.808849,178.720763,,,,,
A24-4,ARC,3C158,101.808849,178.720763,102.402234,178.915844,101.808849,179.720763,1,270,36.397555
A24-4,LINE,3C157,99.208849,178.720763,100.208849,178.720763,,,,,
A24-4,LINE,3C156,102.808849,180.220763,101.308849,180.220763,,,,,
A24-4,LINE,3C155,102.808849,179.720763,102.808849,180.220763,,,,,
A27-5,LINE,3C153,198.19899,249.968644,198.198706,251.969076,,,,,
A27-5,ARC,3C152,197.049276,252.957677,196.199002,251.969076,197.198854,251.969076,0.999852,98.603719,81.396281
A27-5,ARC,3C151,198.198706,251.969076,197.348431,252.957677,197.198854,251.969076,0.999852,0,81.396281
A27-5,LINE,3C150,196.199286,249.969213,196.199002,251.969076,,,,,
A27-5,LINE,3C14F,199.401008,248.592126,198.753558,248.519408,,,,,
A27-5,LINE,3C14E,198.753558,248.519408,199.03259,246.035028,,,,,
A27-5,LINE,3C14D,199.03259,246.035028,198.51813,245.977247,,,,,
A27-5,ARC,3C14C,197.970816,241.890626,198.852956,242.995986,197.859204,242.884377,1,276.408288,89.999753
A27-5,LINE,3C14B,198.51813,245.977247,198.852956,242.995986,,,,,
A27-5,LINE,3C14A,197.325009,241.818092,196.977331,241.779043,,,,,
A27-5,LINE,3C149,197.970816,241.890626,197.623134,241.851576,,,,,
A27-5,ARC,3C148,195.871967,242.661182,196.977331,241.779043,196.865719,242.772795,1,186.408288,90
A27-5,LINE,3C147,195.871967,242.661182,195.537129,245.642437,,,,,
A27-5,LINE,3C146,195.537129,245.642437,194.049185,245.47532,,,,,
A27-5,LINE,3C145,193.908752,247.334647,193.790913,248.894827,,,,,
A27-5,LINE,3C144,194.049185,245.47532,193.931346,247.035499,,,,,
A27-5,ARC,3C143,194.788142,249.969212,193.790913,248.894827,194.788142,248.969212,1,90.000026,94.265887
A27-5,LINE,3C142,194.788142,249.969212,196.199286,249.969213,,,,,
A27-5,LINE,3C141,198.19899,249.968644,199.80561,249.968979,,,,,
A27-5,ARC,3C140,199.80561,249.968979,199.401008,248.592126,213.107192,245.312297,14.093146,160.705626,5.836813
A27-4,LINE,3C13E,190.82397,249.673468,190.823686,251.6739,,,,,
A27-4,ARC,3C13D,189.674256,252.662501,188.823981,251.6739,189.823834,251.6739,0.999852,98.603719,81.396281
A27-4,ARC,3C13C,190.823686,251.6739,189.973411,252.662501,189.823834,251.6739,0.999852,0,81.396281
A27-4,LINE,3C13B,188.824266,249.674037,188.823981,251.6739,,,,,
A27-4,LINE,3C13A,192.025988,248.29695,191.378538,248.224232,,,,,
A27-4,LINE,3C139,191.378538,248.224232,191.65757,245.739852,,,,,
A27-4,LINE,3C138,191.65757,245.739852,191.14311,245.682071,,,,,
A27-4,ARC,3C137,190.595796,241.59545,191.477936,242.70081,190.484184,242.589202,1,276.408288,89.999753
A27-4,LINE,3C136,191.14311,245.682071,191.477936,242.70081,,,,,
A27-4,LINE,3C135,189.949989,241.522916,189.602311,241.483867,,,,,
A27-4,LINE,3C134,190.595796,241.59545,190.248114,241.5564,,,,,
A27-4,ARC,3C133,188.496947,242.366006,189.602311,241.483867,189.490699,242.477619,1,186.408288,90
A27-4,LINE,3C132,188.496947,242.366006,188.162109,245.347262,,,,,
A27-4,LINE,3C131,188.162109,245.347262,186.674165,245.180144,,,,,
A27-4,LINE,3C130,186.533732,247.039471,186.415893,248.599651,,,,,
A27-4,LINE,3C12F,186.674165,245.180144,186.556326,246.740323,,,,,
A27-4,ARC,3C12E,187.413122,249.674036,186.415893,248.599651,187.413122,248.674036,1,90.000026,94.265887
A27-4,LINE,3C12D,187.413122,249.674036,188.824266,249.674037,,,,,
A27-4,LINE,3C12C,190.82397,249.673468,192.43059,249.673803,,,,,
A27-4,ARC,3C12B,192.43059,249.673803,192.025988,248.29695,205.732172,245.017121,14.093146,160.705626,5.836813
A27-3,LINE,3C129,201.586555,239.909564,201.58627,241.909997,,,,,
A27-3,ARC,3C128,200.436841,242.898597,199.586566,241.909997,200.586418,241.909997,0.999852,98.603719,81.396281
A27-3,ARC,3C127,201.58627,241.909997,200.735996,242.898597,200.586418,241.909997,0.999852,0,81.396281
A27-3,LINE,3C126,199.58685,239.910133,199.586566,241.909997,,,,,
A27-3,LINE,3C125,202.788572,238.533046,202.141123,238.460328,,,,,
A27-3,LINE,3C124,202.141123,238.460328,202.420155,235.975948,,,,,
A27-3,LINE,3C123,202.420155,235.975948,201.905695,235.918167,,,,,
A27-3,ARC,3C122,201.358381,231.831546,202.240521,232.936906,201.246768,232.825298,1,276.408288,89.999753
A27-3,LINE,3C121,201.905695,235.918167,202.240521,232.936906,,,,,
A27-3,LINE,3C120,200.712574,231.759012,200.364896,231.719963,,,,,
A27-3,LINE,3C11F,201.358381,231.831546,201.010699,231.792496,,,,,
A27-3,ARC,3C11E,199.259532,232.602102,200.364896,231.719963,200.253283,232.713715,1,186.408288,90
A27-3,LINE,3C11D,199.259532,232.602102,198.924694,235.583358,,,,,
A27-3,LINE,3C11C,198.924694,235.583358,197.43675,235.41624,,,,,
A27-3,LINE,3C11B,197.296316,237.275567,197.178477,238.835747,,,,,
A27-3,LINE,3C11A,197.43675,235.41624,197.318911,236.976419,,,,,
A27-3,ARC,3C119,198.175706,239.910132,197.178477,238.835747,198.175707,238.910132,1,90.000026,94.265887
A27-3,LINE,3C118,198.175706,239.910132,199.58685,239.910133,,,,,
A27-3,LINE,3C117,201.586555,239.909564,203.193175,239.909899,,,,,
A27-3,ARC,3C116,203.193175,239.909899,202.788572,238.533046,216.494756,235.253218,14.093146,160.705626,5.836813
A27-2,LINE,3C114,194.563685,236.92088,194.563401,238.921313,,,,,
A27-2,ARC,3C113,193.413971,239.909913,192.563696,238.921313,193.563548,238.921313,0.999852,98.603719,81.396281
A27-2,ARC,3C112,194.563401,238.921313,193.713126,239.909913,193.563548,238.921313,0.999852,0,81.396281
A27-2,LINE,3C111,192.563981,236.921449,192.563696,238.921313,,,,,
A27-2,LINE,3C110,195.765702,235.544362,195.118253,235.471644,,,,,
A27-2,LINE,3C10F,195.118253,235.471644,195.397285,232.987264,,,,,
A27-2,LINE,3C10E,195.397285,232.987264,194.882825,232.929483,,,,,
A27-2,ARC,3C10D,194.335511,228.842862,195.217651,229.948222,194.223898,229.836614,1,276.408288,89.999753
A27-2,LINE,3C10C,194.882825,232.929483,195.217651,229.948222,,,,,
A27-2,LINE,3C10B,193.689704,228.770328,193.342026,228.731279,,,,,
A27-2,LINE,3C10A,194.335511,228.842862,193.987829,228.803812,,,,,
A27-2,ARC,3C109,192.236662,229.613418,193.342026,228.731279,193.230413,229.725031,1,186.408288,90
A27-2,LINE,3C108,192.236662,229.613418,191.901824,232.594674,,,,,
A27-2,LINE,3C107,191.901824,232.594674,190.41388,232.427556,,,,,
A27-2,LINE,3C106,190.273446,234.286883,190.155607,235.847063,,,,,
A27-2,LINE,3C105,190.41388,232.427556,190.296041,233.987736,,,,,
A27-2,ARC,3C104,191.152836,236.921448,190.155607,235.847063,191.152837,235.921448,1,90.000026,94.265887
A27-2,LINE,3C103,191.152836,236.921448,192.563981,236.921449,,,,,
A27-2,LINE,3C102,194.563685,236.92088,196.170305,236.921215,,,,,
A27-2,ARC,3C101,196.170305,236.921215,195.765702,235.544362,209.471886,232.264534,14.093146,160.705626,5.836813
A27-1,LINE,3C0FF,187.705413,238.65893,187.705129,240.659363,,,,,
A27-1,ARC,3C0FE,186.5557,241.647963,185.705425,240.659363,186.705277,240.659363,0.999852,98.603719,81.396281
A27-1,ARC,3C0FD,187.705129,240.659363,186.854854,241.647963,186.705277,240.659363,0.999852,0,81.396281
A27-1,LINE,3C0FC,185.705709,238.659499,185.705425,240.659363,,,,,
A27-1,LINE,3C0FB,188.907431,237.282412,188.259982,237.209694,,,,,
A27-1,LINE,3C0FA,188.259982,237.209694,188.539013,234.725315,,,,,
A27-1,LINE,3C0F9,188.539013,234.725315,188.024554,234.667533,,,,,
A27-1,ARC,3C0F8,187.47724,230.580912,188.359379,231.686272,187.365627,231.574664,1,276.408288,89.999753
A27-1,LINE,3C0F7,188.024554,234.667533,188.359379,231.686272,,,,,
A27-1,LINE,3C0F6,186.831432,230.508379,186.483755,230.469329,,,,,
A27-1,LINE,3C0F5,187.47724,230.580912,187.129558,230.541862,,,,,
A27-1,ARC,3C0F4,185.37839,231.351469,186.483755,230.469329,186.372142,231.463081,1,186.408288,90
A27-1,LINE,3C0F3,185.37839,231.351469,185.043552,234.332724,,,,,
A27-1,LINE,3C0F2,185.043552,234.332724,183.555608,234.165606,,,,,
A27-1,LINE,3C0F1,183.415175,236.024934,183.297336,237.585113,,,,,
A27-1,LINE,3C0F0,183.555608,234.165606,183.437769,235.725786,,,,,
A27-1,ARC,3C0EF,184.294565,238.659499,183.297336,237.585113,184.294566,237.659499,1,90.000026,94.265887
A27-1,LINE,3C0EE,184.294565,238.659499,185.705709,238.659499,,,,,
A27-1,LINE,3C0ED,187.705413,238.65893,189.312033,238.659265,,,,,
A27-1,ARC,3C0EC,189.312033,238.659265,188.907431,237.282412,202.613615,234.002584,14.093146,160.705626,5.836813
A26-4,ARC,3C0EB,174.127789,240.837178,174.978212,241.825928,173.978212,241.825928,1,278.602446,81.39755
A26-4,ARC,3C0EA,172.978212,241.825928,174.127789,240.837178,173.978212,241.825928,1,179.999996,98.60245
A26-4,ARC,3C0E9,172.058475,247.454032,171.89585,250.825928,155.003132,248.321333,17.07738,357.088894,11.344614
A26-4,ARC,3C0E8,171.478212,243.825928,172.040608,247.154567,155.003132,248.321333,17.07738,344.737756,11.344614
A26-4,LINE,3C0E7,171.89585,250.825928,171.278214,250.825928,,,,,
A26-4,ARC,3C0E6,170.278214,251.825928,171.278214,250.825928,171.278214,251.825928,1,180,90
A26-4,LINE,3C0E5,170.278214,251.825928,170.278214,255.825928,,,,,
A26-4,LINE,3C0E4,170.278214,255.825928,168.478214,255.825928,,,,,
A26-4,LINE,3C0E3,168.478214,255.825928,168.478214,256.325928,,,,,
A26-4,ARC,3C0E2,169.478214,257.325928,168.478214,256.325928,169.478214,256.325928,1,90,90
A26-4,LINE,3C0E1,174.128213,257.325928,178.478212,257.325928,,,,,
A26-4,LINE,3C0E0,169.478214,257.325928,173.828213,257.325928,,,,,
A26-4,ARC,3C0DF,179.478212,256.325928,178.478212,257.325928,178.478212,256.325928,1,360,90
A26-4,LINE,3C0DE,179.478212,256.325928,179.478212,255.825928,,,,,
A26-4,LINE,3C0DD,179.478212,255.825928,177.678212,255.825928,,,,,
A26-4,LINE,3C0DC,177.678212,255.825928,177.678212,251.825928,,,,,
A26-4,ARC,3C0DB,176.678212,250.825928,177.678212,251.825928,176.678212,251.825928,1,270,90
A26-4,LINE,3C0DA,176.678212,250.825928,176.060574,250.825928,,,,,
A26-4,ARC,3C0D9,175.915817,247.154567,176.478212,243.825928,192.953314,248.321334,17.077402,183.917628,11.3446
A26-4,ARC,3C0D8,176.060574,250.825928,175.89795,247.454032,192.953314,248.321334,17.077402,171.566506,11.3446
A26-4,LINE,3C0D7,176.478212,243.825928,174.978212,243.825928,,,,,
A26-4,LINE,3C0D6,174.978212,243.825928,174.978212,241.825928,,,,,
A26-4,LINE,3C0D5,172.978212,241.825928,172.978212,243.825928,,,,,
A26-4,LINE,3C0D4,172.978212,243.825928,171.478212,243.825928,,,,,
A6+,ARC,3CA58,76.604866,220.899817,76.863176,221.134128,67.778103,230.890169,13.331124,311.461522,1.498929
A6+,ARC,3CA57,76.863176,221.134128,77.225286,221.511057,73.560171,224.669674,4.838381,313.052446,6.192606
A6+,ARC,3CA56,77.225286,221.511057,78.24478,223.130887,72.072157,225.885092,6.75921,319.675023,16.2787
A6+,ARC,3CA55,78.24478,223.130887,78.747533,224.61567,70.605495,226.545086,8.367522,335.918869,10.749677
A6+,ARC,3CA54,78.747533,224.61567,78.920392,225.826196,72.332296,226.149348,6.596017,346.554767,10.637075
A6+,ARC,3CA53,78.929589,226.12604,78.91543,226.71302,70.299022,226.211519,8.630991,359.432552,3.898477
A6+,ARC,3CA52,78.91543,226.71302,78.910726,226.78543,74.711354,226.476276,4.210737,3.223079,0.987383
A6+,ARC,3CA51,78.910726,226.78543,78.904113,226.857767,76.857654,226.634211,2.058634,4.212525,2.021782
A6+,ARC,3CA50,78.904113,226.857767,78.894256,226.930234,77.520831,226.706518,1.391526,6.239961,3.011645
A6+,ARC,3CA4F,78.894256,226.930234,78.846642,227.113268,77.936929,226.778904,0.969215,8.982763,11.198091
A6+,ARC,3CA4E,78.846642,227.113268,78.839135,227.131104,78.611996,227.025001,0.250699,20.614745,4.423709
A6+,ARC,3CA4D,78.839135,227.131104,78.830194,227.147241,78.720448,227.075889,0.130902,24.948525,8.08159
A6+,ARC,3CA4C,78.830194,227.147241,78.790142,227.176772,78.772565,227.111009,0.068072,32.158061,42.878231
A6+,ARC,3CA4B,78.790142,227.176772,78.763279,227.181438,78.754063,227.048707,0.13305,74.266319,11.761863
A6+,ARC,3CA4A,78.763279,227.181438,78.733483,227.181763,78.745439,226.912051,0.269977,86.211058,6.32702
A6+,ARC,3CA49,78.733483,227.181763,78.691365,227.17866,78.775131,226.329021,0.853759,92.796133,2.834469
A6+,ARC,3CA48,69.812728,220.463515,70.012141,220.384983,75.574627,234.80209,15.452968,248.107471,0.79465
A6+,ARC,3CA47,70.012141,220.384983,70.414514,220.237194,74.187654,231.13168,11.529371,248.766899,2.130344
A6+,ARC,3CA46,70.414514,220.237194,71.863442,219.847627,73.775859,229.849846,10.183404,250.726323,8.449404
A6+,ARC,3CA45,71.863442,219.847627,72.928971,219.723431,73.253364,227.139405,7.423065,259.20803,8.287312
A6+,ARC,3CA44,72.928971,219.723431,74.740578,219.914998,73.217138,225.660051,5.94361,267.221016,17.63054
A6+,ARC,3CA43,74.740578,219.914998,75.919433,220.421802,73.613777,224.160451,4.392443,284.864365,16.798113
A6+,ARC,3CA42,75.919433,220.421802,76.369638,220.713677,68.674899,232.089339,13.733707,301.836716,2.23854
A6+,CIRCLE,3C0D0,,,,,76.488243,224.813047,0.4,,
A6+,ARC,3CA41,78.686609,227.178554,77.630922,227.108533,78.885513,216.186524,10.993829,91.036674,5.516069
A6+,ARC,3CA40,77.630922,227.108533,76.761344,226.963452,78.55819,218.872189,8.288377,96.423453,6.09717
A6+,ARC,3CA3F,76.761344,226.963452,75.91613,226.713873,78.113849,220.827132,6.283605,102.429807,8.042487
A6+,ARC,3CA3E,75.91613,226.713873,73.688076,225.044244,77.612674,222.128464,4.889196,110.303842,33.085657
A6+,ARC,3CA3D,73.508263,224.804121,73.406423,224.660079,82.007939,218.686698,10.472218,144.256522,0.965169
A6+,ARC,3CA3C,73.406423,224.660079,73.114002,224.219051,85.376419,216.405975,14.539981,145.411166,2.085328
A6+,ARC,3CA3B,73.114002,224.219051,72.739466,223.621061,127.741993,189.587904,64.680243,147.627547,0.625044
A6+,ARC,3CA3A,72.455733,223.174361,72.739466,223.621061,51.524297,236.782983,24.966369,326.969998,1.214479
A6+,ARC,3CA39,72.158283,222.736704,72.455733,223.174361,62.158794,229.852679,12.273014,324.563056,2.470584
A6+,ARC,3CA38,71.609427,222.046892,72.158283,222.736704,65.877652,227.170693,7.688081,318.205539,6.5732
A6+,ARC,3CA37,69.785091,220.682976,71.609427,222.046892,67.36334,225.824292,5.683133,295.222179,23.120917
A6+,LINE,3C0CD,78.686609,227.178554,78.691365,227.17866,,,,,
A6+,ARC,3C0CC,69.785091,220.682976,69.812728,220.463515,69.857353,220.580605,0.125306,125.217617,123.919891
A7+,ARC,3CA36,85.279662,214.838051,85.497431,215.834692,79.771385,216.563743,5.772272,342.604717,10.13932
A7+,ARC,3CA35,85.497431,215.834692,85.168399,218.381303,80.577158,216.493535,4.964188,352.373248,29.977616
A7+,ARC,3CA34,85.168399,218.381303,83.820631,220.22212,80.893708,216.665353,4.606242,21.871555,28.67691
A7+,CIRCLE,3C0CA,,,,,83.06929,216.962001,0.4,,
A7+,ARC,3CA33,80.587406,210.452081,80.859416,210.21894,80.781304,210.403056,0.2,165.810851,127.178263
A7+,ARC,3CA32,80.859416,210.21894,81.576548,210.591838,76.169444,220.114403,10.950618,295.358692,4.230091
A7+,ARC,3CA31,81.576548,210.591838,82.796258,211.39591,76.610746,219.451684,10.156578,299.269936,8.248411
A7+,ARC,3CA30,82.796258,211.39591,83.87266,212.388685,77.893383,217.791703,8.058806,307.472987,10.425293
A7+,ARC,3CA2F,83.87266,212.388685,85.183773,214.553812,78.981163,216.830318,6.607182,317.759565,22.086087
A7+,ARC,3CA2E,83.581846,220.403664,83.15723,220.674264,80.659585,216.286612,5.048734,54.63308,5.716482
A7+,LINE,3CA2D,83.15723,220.674264,83.15723,220.674264,,,,,
A7+,ARC,3CA2C,83.15723,220.674264,82.78003,220.6844,82.959156,220.326749,0.4,60.318054,56.285524
A7+,ARC,3CA2B,82.78003,220.6844,82.592418,220.573988,84.802775,217.032749,4.174452,118.983211,2.988215
A7+,ARC,3CA2A,82.592418,220.573988,81.380571,219.451483,84.780321,216.996544,4.19345,121.449235,22.717934
A7+,ARC,3CA29,81.380571,219.451483,80.566005,217.700618,85.662054,216.394666,5.260725,144.474598,21.151681
A7+,ARC,3CA28,80.566005,217.700618,80.382472,216.315434,85.769512,216.306418,5.387048,165.000768,14.90333
A7+,ARC,3CA27,80.391539,216.015605,80.423005,215.668247,86.424662,216.387027,6.044546,183.522899,3.306522
A7+,ARC,3CA26,80.423005,215.668247,80.471436,215.322054,89.19471,216.718881,8.834401,186.830086,2.267257
A7+,ARC,3CA25,80.471436,215.322054,80.530612,214.976311,96.580879,217.901346,16.314623,189.096454,1.231904
A7+,ARC,3CA24,80.656324,214.283318,80.530612,214.976311,14.238233,202.592612,67.439124,9.982768,0.598374
A7+,ARC,3CA23,80.777915,213.410203,80.656324,214.283318,67.216303,211.966632,13.638226,6.075991,3.7041
A7+,ARC,3CA22,80.834413,212.358118,80.777915,213.410203,71.035704,212.359474,9.79871,359.992072,6.16367
A7+,ARC,3CA21,80.75959,211.311126,80.834413,212.358118,73.435232,212.360731,7.399181,351.84484,8.134923
A7+,ARC,3CA20,80.587406,210.452081,80.75959,211.311126,72.353159,212.549299,8.497126,345.710877,5.910336
A8+,CIRCLE,3C0C5,,,,,131.695429,207.536379,0.4,,
A8+,ARC,3CA1F,128.736103,213.217925,128.639004,213.62093,87.028393,203.382155,42.851785,13.269402,0.554268
A8+,ARC,3CA1E,128.917449,212.408187,128.736103,213.217925,97.362276,205.766405,32.246584,11.886203,1.474424
A8+,ARC,3CA1D,129.237227,210.367109,128.917449,212.408187,110.556208,208.485916,18.775499,5.750342,6.30777
A8+,ARC,3CA1C,129.318011,209.545295,129.237227,210.367109,55.547445,202.708605,74.086683,5.294764,0.638626
A8+,ARC,3CA1B,129.318011,209.545295,129.400807,208.720422,183.619834,214.579209,54.534653,185.296324,0.871
A8+,ARC,3CA1A,129.400807,208.720422,129.449812,208.306818,153.310803,211.343644,24.053466,186.261014,0.992116
A8+,ARC,3CA19,129.449812,208.306818,129.657876,207.063623,144.375875,210.165879,15.041392,187.099702,4.802856
A8+,ARC,3CA18,129.724013,206.77101,130.020726,205.75249,139.613189,209.099431,10.159594,193.249063,5.985512
A8+,ARC,3CA17,130.020726,205.75249,130.42877,204.783774,137.662914,208.40124,8.088196,199.1161,7.451446
A8+,ARC,3CA16,130.42877,204.783774,130.966986,203.891001,136.276663,207.70061,6.534966,206.509292,9.149549
A8+,ARC,3CA15,130.966986,203.891001,132.223579,202.470951,139.176675,209.8897,10.167762,216.155046,10.700707
A8+,ARC,3CA14,132.223579,202.470951,133.009582,201.82893,137.270429,207.847481,7.374129,226.8116,7.891728
A8+,ARC,3CA13,133.009582,201.82893,133.493593,201.524372,136.066936,206.150865,5.294009,234.724259,6.192106
A8+,ARC,3CA12,133.672355,203.130821,133.759812,201.884879,139.322519,202.901383,5.65482,177.674651,12.68106
A8+,ARC,3CA11,133.716403,203.697496,133.672355,203.130821,143.119051,202.68158,9.457371,173.83336,3.443972
A8+,ARC,3CA10,133.716403,203.697496,133.868444,205.052993,-131.285787,234.108173,266.741392,353.453583,0.292986
A8+,ARC,3CA0F,133.868444,205.052993,133.954333,205.957793,100.229736,208.702654,33.836115,353.807864,1.539062
A8+,ARC,3CA0E,133.954333,205.957793,134.006822,206.867934,115.203746,207.495754,18.813555,355.310982,2.776669
A8+,ARC,3CA0D,134.006822,206.867934,134.008719,207.55204,122.643093,207.241488,11.369867,358.117226,3.447922
A8+,ARC,3CA0C,134.008719,207.55204,133.963372,208.233235,125.545079,207.330734,8.466533,1.497821,4.621324
A8+,ARC,3CA0B,133.963372,208.233235,133.806259,209.130082,127.336932,207.534574,6.66317,6.018763,7.835429
A8+,ARC,3CA0A,133.727373,209.419503,132.352603,211.813767,127.995981,207.720401,5.977943,16.512739,26.702803
A8+,ARC,3CA09,132.352603,211.813767,129.021331,213.978188,126.262977,206.086988,8.359399,43.241164,27.49186
A8+,ARC,3CA08,129.021331,213.978188,128.639004,213.62093,128.93039,213.692303,0.3,72.354034,121.409241
A8+,ARC,3C0C0,133.493593,201.524372,133.786856,201.737337,133.590501,201.699326,0.2,241.017786,129.938364
A9+,CIRCLE,3C0BF,,,,,154.964403,222.312582,0.4,,
A9+,ARC,3CA07,156.713725,215.453069,157.253169,216.422782,147.110033,221.43043,11.311929,328.101769,5.622761
A9+,ARC,3CA06,157.253169,216.422782,157.800167,217.742487,148.230594,220.935718,10.088283,333.426575,8.120304
A9+,ARC,3CA05,157.800167,217.742487,158.124056,219.135064,150.595444,220.152137,7.597002,341.507273,10.798969
A9+,ARC,3CA04,158.124056,219.135064,158.173563,220.247416,151.954149,219.966942,6.225736,352.321216,10.26088
A9+,ARC,3CA03,158.151437,220.546572,158.079079,221.035454,152.990078,220.032455,5.186901,5.688413,5.461205
A9+,ARC,3CA02,158.079079,221.035454,157.149294,223.056172,153.478931,220.143075,4.685905,10.97841,27.459953
A9+,ARC,3CA01,157.149294,223.056172,156.672211,223.616144,150.965722,218.271126,7.818774,37.733852,5.392796
A9+,ARC,3CA00,156.672211,223.616144,155.174324,224.952543,148.424741,215.87971,11.308102,43.168768,10.184441
A9+,ARC,3C9FF,154.930374,225.127138,154.795382,225.219236,148.868763,216.387392,10.636084,55.256048,0.880318
A9+,ARC,3C9FE,154.795382,225.219236,153.513875,225.969291,147.567598,214.339991,13.061349,56.401347,6.51715
A9+,ARC,3C9FD,153.513875,225.969291,151.956968,226.68503,144.188106,207.734666,20.481004,62.91335,4.795058
A9+,ARC,3C9FC,151.956968,226.68503,151.015861,227.059056,137.592351,191.912437,37.622805,67.554398,1.542301
A9+,ARC,3C9FB,151.015861,227.059056,150.608014,226.386446,150.874272,226.684954,0.4,69.269599,158.998587
A9+,ARC,3C9FA,152.872091,222.340567,152.987509,221.508331,188.307869,226.830815,35.719136,187.221751,1.347767
A9+,ARC,3C9F9,152.987509,221.508331,153.202502,220.338655,170.627803,224.146127,17.836422,188.504561,3.820993
A9+,ARC,3C9F8,153.202502,220.338655,153.540278,219.103155,164.950799,222.886628,12.021425,192.236811,6.107553
A9+,ARC,3C9F7,153.540278,219.103155,153.875139,218.243856,162.028445,221.916017,8.942101,198.334485,5.911798
A9+,ARC,3C9F6,153.875139,218.243856,154.689941,216.873426,160.016596,220.967876,6.718465,203.919499,13.628972
A9+,ARC,3C9F5,154.689941,216.873426,156.504916,215.400946,158.671088,219.925773,5.016608,217.477388,26.940752
A9+,ARC,3C0BA,152.821297,222.635961,150.608014,226.386446,145.856819,221.054305,7.14182,12.795032,35.502388
A9+,LINE,3C0B9,156.713725,215.453069,156.504916,215.400946,,,,,
A10+,ARC,3C9F4,209.590173,214.334272,208.453094,214.815765,206.673791,209.03043,6.05277,61.195277,11.709241
A10+,ARC,3C9F3,208.453094,214.815765,207.83301,214.986028,205.764861,206.239712,8.987508,72.595987,4.10025
A10+,ARC,3C9F2,207.83301,214.986028,206.967459,215.15738,204.972052,202.806216,12.511311,76.781238,4.041572
A10+,ARC,3C9F1,206.967459,215.15738,205.844986,215.307965,203.437049,193.100194,22.337933,80.906532,2.905195
A10+,ARC,3C9F0,205.844986,215.307965,204.478497,215.442783,198.010692,142.893863,72.836655,83.825334,1.080161
A10+,ARC,3C9EF,203.579872,215.533583,204.478497,215.442783,209.510254,269.732832,54.522729,263.755642,0.949149
A10+,ARC,3C9EE,202.70921,215.646572,203.579872,215.533583,205.921475,236.988414,21.582235,261.440385,2.330946
A10+,CIRCLE,3C0B7,,,,,202.47989,214.016949,0.4,,
A10+,ARC,3C9ED,200.336106,216.346778,199.809784,215.909805,200.17494,216.005441,0.377472,64.725233,129.95112
A10+,ARC,3C9EC,199.809784,215.909805,200.443421,214.257891,210.918357,219.223324,11.592231,196.609047,8.753304
A10+,ARC,3C9EB,200.443421,214.257891,201.238885,212.859077,209.442916,218.450051,9.927997,204.977124,9.296958
A10+,ARC,3C9EA,201.238885,212.859077,202.558169,211.376477,207.53603,217.134281,7.611268,214.17303,14.982186
A10+,ARC,3C9E9,202.558169,211.376477,203.757532,210.568921,206.486322,215.916063,6.003184,229.130008,13.833555
A10+,ARC,3C9E8,204.029293,210.441931,205.536618,210.066266,205.941476,214.902564,4.853214,246.796171,18.418628
A10+,ARC,3C9E7,205.536618,210.066266,207.100822,210.106976,206.135755,217.116648,7.075794,265.142712,12.696289
A10+,ARC,3C9E6,207.100822,210.106976,207.575,210.170125,198.035869,279.986442,70.464978,277.391288,0.388963
A10+,ARC,3C9E5,211.634195,210.160282,207.575,210.170125,209.568355,195.218912,15.083509,82.128019,15.4661
A10+,ARC,3C9E4,202.126047,215.74844,202.413134,215.694905,204.472253,227.533847,12.016676,258.740916,1.392465
A10+,ARC,3C9E3,201.63979,215.858095,202.126047,215.74844,203.937899,224.915878,9.34477,255.763518,3.05663
A10+,ARC,3C9E2,200.924548,216.08022,201.63979,215.858095,203.268362,222.364701,6.707322,249.546863,6.400972
A10+,ARC,3C9E1,200.336106,216.346778,200.924548,216.08022,202.575195,220.506908,4.724426,241.709715,7.840536
A10+,ARC,3C0B3,211.634195,210.160282,211.802121,210.3428,211.656079,210.308657,0.14998,261.609668,111.549244
A10+,ARC,3C9E0,211.802121,210.3428,211.790138,210.524981,203.814822,209.908911,7.999075,3.109386,1.307776
A10+,ARC,3C9DF,211.790138,210.524981,211.705559,211.207633,204.667791,209.989108,7.142477,4.302728,5.52012
A10+,ARC,3C9DE,211.705559,211.207633,211.564994,211.819708,206.003803,210.220382,5.786596,9.823278,6.221261
A10+,ARC,3C9DD,211.564994,211.819708,211.315932,212.491937,207.025065,210.519909,4.722334,15.97662,8.706294
A10+,ARC,3C9DC,211.315932,212.491937,209.847153,214.179553,207.741506,210.863983,3.92769,24.48665,33.094597
A11,LINE,3C0B1,0,263.741167,0,247.532335,,,,,
A11,LINE,3C0B0,0,280.3,0,264.091167,,,,,
A11,CIRCLE,3C0AF,,,,,17.5,273.917415,1,,
A11,LINE,3C0AE,35,247.532335,35,249.532335,,,,,
A11,CIRCLE,3C0AD,,,,,17.5,263.916167,1,,
A11,ARC,3C0AC,0,247.532335,4,243.532335,4,247.532335,4,180.000001,90
A11,LINE,3C0AB,17.675,243.532335,31,243.532335,,,,,
A11,LINE,3C0AA,4,243.532335,17.325,243.532335,,,,,
A11,ARC,3C0A9,31,243.532335,35,247.532335,31,247.532335,4,269.999999,90
A11,ARC,3C0A8,35,280.3,31,284.3,31,280.3,4,0.000001,90
A11,LINE,3C0A7,17.325,284.3,4,284.3,,,,,
A11,LINE,3C0A6,31,284.3,17.675,284.3,,,,,
A11,ARC,3C0A5,4,284.3,0,280.3,4,280.3,4,89.999999,90
A11,ARC,3C0A4,28.2,248.418406,29.5,249.718406,28.2,249.718406,1.3,270,90
A11,LINE,3C0A3,28.2,248.418406,27.8,248.418406,,,,,
A11,ARC,3C0A2,26.5,249.718406,27.8,248.418406,27.8,249.718406,1.3,180,90
A11,LINE,3C0A1,26.5,249.718406,26.5,252.116193,,,,,
A11,ARC,3C0A0,27.8,253.416193,26.5,252.116193,27.8,252.116193,1.3,90,90
A11,LINE,3C09F,27.8,253.416193,28.2,253.416193,,,,,
A11,ARC,3C09E,29.5,252.116193,28.2,253.416193,28.2,252.116193,1.3,360,90
A11,LINE,3C09D,29.5,252.116193,29.5,249.718406,,,,,
A11,ARC,3C09C,6.8,253.416193,5.5,252.116193,6.8,252.116193,1.3,90,90
A11,LINE,3C09B,6.8,253.416193,7.2,253.416193,,,,,
A11,ARC,3C09A,8.5,252.116193,7.2,253.416193,7.2,252.116193,1.3,360,90
A11,LINE,3C099,8.5,252.116193,8.5,249.718406,,,,,
A11,ARC,3C098,7.2,248.418406,8.5,249.718406,7.2,249.718406,1.3,270,90
A11,LINE,3C097,7.2,248.418406,6.8,248.418406,,,,,
A11,ARC,3C096,5.5,249.718406,6.8,248.418406,6.8,249.718406,1.3,180,90
A11,LINE,3C095,5.5,249.718406,5.5,252.116193,,,,,
A11,ARC,3C094,26.5,277.716217,27.8,276.416217,27.8,277.716217,1.3,180,90
A11,LINE,3C093,28.2,276.416217,27.8,276.416217,,,,,
A11,ARC,3C092,27.8,279.412682,26.5,278.112682,27.8,278.112682,1.3,90,90
A11,LINE,3C091,26.5,277.716217,26.5,278.112682,,,,,
A11,ARC,3C090,29.5,278.112682,28.2,279.412682,28.2,278.112682,1.3,360,90
A11,LINE,3C08F,27.8,279.412682,28.2,279.412682,,,,,
A11,ARC,3C08E,28.2,276.416217,29.5,277.716217,28.2,277.716217,1.3,270,90
A11,LINE,3C08D,29.5,278.112682,29.5,277.716217,,,,,
A11,ARC,3C08C,6.8,279.412682,5.5,278.112682,6.8,278.112682,1.3,90,90
A11,LINE,3C08B,6.8,279.412682,7.2,279.412682,,,,,
A11,ARC,3C08A,8.5,278.112682,7.2,279.412682,7.2,278.112682,1.3,360,90
A11,LINE,3C089,8.5,278.112682,8.5,277.716217,,,,,
A11,ARC,3C088,7.2,276.416217,8.5,277.716217,7.2,277.716217,1.3,270,90
A11,LINE,3C087,7.2,276.416217,6.8,276.416217,,,,,
A11,ARC,3C086,5.5,277.716217,6.8,276.416217,6.8,277.716217,1.3,180,90
A11,LINE,3C085,5.5,277.716217,5.5,278.112682,,,,,
A6,ARC,3C9DB,34.878153,235.686997,35.136463,235.921309,26.05139,245.677349,13.331124,311.461522,1.498929
A6,ARC,3C9DA,35.136463,235.921309,35.498572,236.298238,31.833457,239.456854,4.838381,313.052446,6.192606
A6,ARC,3C9D9,35.498572,236.298238,36.518066,237.918067,30.345443,240.672272,6.75921,319.675023,16.2787
A6,ARC,3C9D8,36.518066,237.918067,37.020819,239.40285,28.878781,241.332266,8.367522,335.918869,10.749677
A6,ARC,3C9D7,37.020819,239.40285,37.193678,240.613376,30.605582,240.936528,6.596017,346.554767,10.637075
A6,ARC,3C9D6,37.202875,240.91322,37.188717,241.5002,28.572308,240.998699,8.630991,359.432552,3.898477
A6,ARC,3C9D5,37.188717,241.5002,37.184013,241.57261,32.98464,241.263457,4.210737,3.223079,0.987383
A6,ARC,3C9D4,37.184013,241.57261,37.1774,241.644947,35.13094,241.421391,2.058634,4.212525,2.021782
A6,ARC,3C9D3,37.1774,241.644947,37.167543,241.717415,35.794118,241.493699,1.391526,6.239961,3.011645
A6,ARC,3C9D2,37.167543,241.717415,37.119928,241.900448,36.210215,241.566084,0.969215,8.982763,11.198091
A6,ARC,3C9D1,37.119928,241.900448,37.112421,241.918284,36.885282,241.812181,0.250699,20.614745,4.423709
A6,ARC,3C9D0,37.112421,241.918284,37.10348,241.934421,36.993734,241.863069,0.130902,24.948525,8.08159
A6,ARC,3C9CF,37.10348,241.934421,37.063428,241.963953,37.045852,241.898189,0.068072,32.158061,42.878231
A6,ARC,3C9CE,37.063428,241.963953,37.036565,241.968618,37.027349,241.835888,0.13305,74.266319,11.761863
A6,ARC,3C9CD,37.036565,241.968618,37.006769,241.968943,37.018725,241.699231,0.269977,86.211058,6.32702
A6,ARC,3C9CC,37.006769,241.968943,36.964652,241.965841,37.048418,241.116201,0.853759,92.796133,2.834469
A6,ARC,3C9CB,28.086014,235.250695,28.285427,235.172163,33.847913,249.58927,15.452968,248.107471,0.79465
A6,ARC,3C9CA,28.285427,235.172163,28.6878,235.024375,32.460941,245.91886,11.529371,248.766899,2.130344
A6,ARC,3C9C9,28.6878,235.024375,30.136728,234.634808,32.049145,244.637026,10.183404,250.726323,8.449404
A6,ARC,3C9C8,30.136728,234.634808,31.202258,234.510611,31.52665,241.926585,7.423065,259.20803,8.287312
A6,ARC,3C9C7,31.202258,234.510611,33.013864,234.702179,31.490424,240.447231,5.94361,267.221016,17.63054
A6,ARC,3C9C6,33.013864,234.702179,34.19272,235.208982,31.887063,238.947632,4.392443,284.864365,16.798113
A6,ARC,3C9C5,34.19272,235.208982,34.642924,235.500857,26.948185,246.876519,13.733707,301.836716,2.23854
A6,CIRCLE,3C081,,,,,34.761529,239.600227,0.4,,
A6,ARC,3C9C4,36.959895,241.965734,35.904208,241.895713,37.1588,230.973705,10.993829,91.036674,5.516069
A6,ARC,3C9C3,35.904208,241.895713,35.034631,241.750632,36.831476,233.659369,8.288377,96.423453,6.09717
A6,ARC,3C9C2,35.034631,241.750632,34.189416,241.501054,36.387135,235.614312,6.283605,102.429807,8.042487
A6,ARC,3C9C1,34.189416,241.501054,31.961363,239.831424,35.88596,236.915645,4.889196,110.303842,33.085657
A6,ARC,3C9C0,31.781549,239.591301,31.67971,239.447259,40.281225,233.473878,10.472218,144.256522,0.965169
A6,ARC,3C9BF,31.67971,239.447259,31.387288,239.006231,43.649705,231.193155,14.539981,145.411166,2.085328
A6,ARC,3C9BE,31.387288,239.006231,31.012752,238.408242,86.015279,204.375084,64.680243,147.627547,0.625044
A6,ARC,3C9BD,30.729019,237.961541,31.012752,238.408242,9.797583,251.570163,24.966369,326.969998,1.214479
A6,ARC,3C9BC,30.431569,237.523884,30.729019,237.961541,20.432081,244.639859,12.273014,324.563056,2.470584
A6,ARC,3C9BB,29.882713,236.834072,30.431569,237.523884,24.150938,241.957873,7.688081,318.205539,6.5732
A6,ARC,3C9BA,28.058377,235.470157,29.882713,236.834072,25.636626,240.611472,5.683133,295.222179,23.120917
A6,LINE,3C07E,36.959895,241.965734,36.964652,241.965841,,,,,
A6,ARC,3C07D,28.058377,235.470157,28.086014,235.250695,28.130639,235.367786,0.125306,125.217617,123.919891
A7,ARC,3C9B9,43.417782,235.521799,43.635552,236.51844,37.909505,237.24749,5.772272,342.604717,10.13932
A7,ARC,3C9B8,43.635552,236.51844,43.30652,239.065051,38.715279,237.177283,4.964188,352.373248,29.977616
A7,ARC,3C9B7,43.30652,239.065051,41.958752,240.905867,39.031829,237.349101,4.606242,21.871555,28.67691
A7,CIRCLE,3C07B,,,,,41.207411,237.645749,0.4,,
A7,ARC,3C9B6,38.725527,231.135828,38.997536,230.902688,38.919425,231.086804,0.2,165.810851,127.178263
A7,ARC,3C9B5,38.997536,230.902688,39.714669,231.275586,34.307565,240.798151,10.950618,295.358692,4.230091
A7,ARC,3C9B4,39.714669,231.275586,40.934379,232.079657,34.748866,240.135432,10.156578,299.269936,8.248411
A7,ARC,3C9B3,40.934379,232.079657,42.010781,233.072433,36.031503,238.475451,8.058806,307.472987,10.425293
A7,ARC,3C9B2,42.010781,233.072433,43.321893,235.237559,37.119284,237.514066,6.607182,317.759565,22.086087
A7,ARC,3C9B1,41.719966,241.087412,41.295351,241.358012,38.797706,236.97036,5.048734,54.63308,5.716482
A7,LINE,3C9B0,41.295351,241.358012,41.295351,241.358012,,,,,
A7,ARC,3C9AF,41.295351,241.358012,40.918151,241.368147,41.097277,241.010497,0.4,60.318054,56.285524
A7,ARC,3C9AE,40.918151,241.368147,40.730539,241.257735,42.940896,237.716496,4.174452,118.983211,2.988215
A7,ARC,3C9AD,40.730539,241.257735,39.518692,240.135231,42.918442,237.680292,4.19345,121.449235,22.717934
A7,ARC,3C9AC,39.518692,240.135231,38.704126,238.384366,43.800175,237.078414,5.260725,144.474598,21.151681
A7,ARC,3C9AB,38.704126,238.384366,38.520593,236.999182,43.907633,236.990165,5.387048,165.000768,14.90333
A7,ARC,3C9AA,38.529659,236.699353,38.561126,236.351994,44.562783,237.070775,6.044546,183.522899,3.306522
A7,ARC,3C9A9,38.561126,236.351994,38.609557,236.005801,47.332831,237.402629,8.834401,186.830086,2.267257
A7,ARC,3C9A8,38.609557,236.005801,38.668732,235.660059,54.719,238.585093,16.314623,189.096454,1.231904
A7,ARC,3C9A7,38.794445,234.967065,38.668732,235.660059,-27.623646,223.27636,67.439124,9.982768,0.598374
A7,ARC,3C9A6,38.916035,234.093951,38.794445,234.967065,25.354424,232.65038,13.638226,6.075991,3.7041
A7,ARC,3C9A5,38.972534,233.041865,38.916035,234.093951,29.173824,233.043221,9.79871,359.992072,6.16367
A7,ARC,3C9A4,38.89771,231.994873,38.972534,233.041865,31.573353,233.044479,7.399181,351.84484,8.134923
A7,ARC,3C9A3,38.725527,231.135828,38.89771,231.994873,30.49128,233.233047,8.497126,345.710877,5.910336
A8,CIRCLE,3C076,,,,,47.294662,236.990014,0.4,,
A8,ARC,3C9A2,44.335336,242.67156,44.238236,243.074565,2.627625,232.83579,42.851785,13.269402,0.554268
A8,ARC,3C9A1,44.516681,241.861822,44.335336,242.67156,12.961508,235.22004,32.246584,11.886203,1.474424
A8,ARC,3C9A0,44.83646,239.820744,44.516681,241.861822,26.15544,237.939552,18.775499,5.750342,6.30777
A8,ARC,3C99F,44.917243,238.99893,44.83646,239.820744,-28.853322,232.162241,74.086683,5.294764,0.638626
A8,ARC,3C99E,44.917243,238.99893,45.000039,238.174057,99.219067,244.032844,54.534653,185.296324,0.871
A8,ARC,3C99D,45.000039,238.174057,45.049044,237.760453,68.910035,240.797279,24.053466,186.261014,0.992116
A8,ARC,3C99C,45.049044,237.760453,45.257109,236.517259,59.975107,239.619514,15.041392,187.099702,4.802856
A8,ARC,3C99B,45.323245,236.224645,45.619959,235.206126,55.212422,238.553067,10.159594,193.249063,5.985512
A8,ARC,3C99A,45.619959,235.206126,46.028002,234.237409,53.262147,237.854876,8.088196,199.1161,7.451446
A8,ARC,3C999,46.028002,234.237409,46.566218,233.344637,51.875895,237.154246,6.534966,206.509292,9.149549
A8,ARC,3C998,46.566218,233.344637,47.822811,231.924586,54.775908,239.343335,10.167762,216.155046,10.700707
A8,ARC,3C997,47.822811,231.924586,48.608814,231.282565,52.869661,237.301116,7.374129,226.8116,7.891728
A8,ARC,3C996,48.608814,231.282565,49.092826,230.978007,51.666168,235.6045,5.294009,234.724259,6.192106
A8,ARC,3C995,49.271587,232.584456,49.359044,231.338514,54.921751,232.355018,5.65482,177.674651,12.68106
A8,ARC,3C994,49.315635,233.151131,49.271587,232.584456,58.718283,232.135215,9.457371,173.83336,3.443972
A8,ARC,3C993,49.315635,233.151131,49.467676,234.506628,-215.686555,263.561808,266.741392,353.453583,0.292986
A8,ARC,3C992,49.467676,234.506628,49.553565,235.411428,15.828969,238.156289,33.836115,353.807864,1.539062
A8,ARC,3C991,49.553565,235.411428,49.606055,236.32157,30.802978,236.949389,18.813555,355.310982,2.776669
A8,ARC,3C990,49.606055,236.32157,49.607951,237.005675,38.242325,236.695123,11.369867,358.117226,3.447922
A8,ARC,3C98F,49.607951,237.005675,49.562605,237.68687,41.144311,236.784369,8.466533,1.497821,4.621324
A8,ARC,3C98E,49.562605,237.68687,49.405491,238.583718,42.936164,236.988209,6.66317,6.018763,7.835429
A8,ARC,3C98D,49.326605,238.873138,47.951836,241.267402,43.595213,237.174037,5.977943,16.512739,26.702803
A8,ARC,3C98C,47.951836,241.267402,44.620563,243.431823,41.862209,235.540623,8.359399,43.241164,27.49186
A8,ARC,3C98B,44.620563,243.431823,44.238236,243.074565,44.529622,243.145939,0.3,72.354034,121.409241
A8,ARC,3C071,49.092826,230.978007,49.386088,231.190972,49.189733,231.152961,0.2,241.017786,129.938364
A9,CIRCLE,3C070,,,,,54.613325,237.573725,0.4,,
A9,ARC,3C98A,56.362647,230.714212,56.902091,231.683925,46.758955,236.691573,11.311929,328.101769,5.622761
A9,ARC,3C989,56.902091,231.683925,57.449089,233.00363,47.879515,236.196861,10.088283,333.426575,8.120304
A9,ARC,3C988,57.449089,233.00363,57.772978,234.396207,50.244366,235.41328,7.597002,341.507273,10.798969
A9,ARC,3C987,57.772978,234.396207,57.822485,235.508559,51.60307,235.228085,6.225736,352.321216,10.26088
A9,ARC,3C986,57.800358,235.807715,57.728001,236.296597,52.639,235.293598,5.186901,5.688413,5.461205
A9,ARC,3C985,57.728001,236.296597,56.798216,238.317315,53.127853,235.404218,4.685905,10.97841,27.459953
A9,ARC,3C984,56.798216,238.317315,56.321133,238.877287,50.614644,233.532269,7.818774,37.733852,5.392796
A9,ARC,3C983,56.321133,238.877287,54.823246,240.213686,48.073663,231.140853,11.308102,43.168768,10.184441
A9,ARC,3C982,54.579296,240.388281,54.444304,240.480379,48.517685,231.648535,10.636084,55.256048,0.880318
A9,ARC,3C981,54.444304,240.480379,53.162797,241.230434,47.216519,229.601134,13.061349,56.401347,6.51715
A9,ARC,3C980,53.162797,241.230434,51.60589,241.946173,43.837028,222.995809,20.481004,62.91335,4.795058
A9,ARC,3C97F,51.60589,241.946173,50.664782,242.320199,37.241273,207.17358,37.622805,67.554398,1.542301
A9,ARC,3C97E,50.664782,242.320199,50.256936,241.647589,50.523194,241.946097,0.4,69.269599,158.998587
A9,ARC,3C97D,52.521013,237.60171,52.63643,236.769474,87.956791,242.091958,35.719136,187.221751,1.347767
A9,ARC,3C97C,52.63643,236.769474,52.851424,235.599798,70.276725,239.40727,17.836422,188.504561,3.820993
A9,ARC,3C97B,52.851424,235.599798,53.1892,234.364298,64.599721,238.147771,12.021425,192.236811,6.107553
A9,ARC,3C97A,53.1892,234.364298,53.524061,233.504999,61.677367,237.17716,8.942101,198.334485,5.911798
A9,ARC,3C979,53.524061,233.504999,54.338863,232.134569,59.665518,236.229019,6.718465,203.919499,13.628972
A9,ARC,3C978,54.338863,232.134569,56.153838,230.662089,58.32001,235.186916,5.016608,217.477388,26.940752
A9,ARC,3C06B,52.470219,237.897104,50.256936,241.647589,45.505741,236.315448,7.14182,12.795032,35.502388
A9,LINE,3C06A,56.362647,230.714212,56.153838,230.662089,,,,,
A10,ARC,3C977,67.243792,239.435455,66.106713,239.916948,64.327411,234.131613,6.05277,61.195277,11.709241
A10,ARC,3C976,66.106713,239.916948,65.486629,240.087211,63.418481,231.340894,8.987508,72.595987,4.10025
A10,ARC,3C975,65.486629,240.087211,64.621078,240.258563,62.625672,227.907398,12.511311,76.781238,4.041572
A10,ARC,3C974,64.621078,240.258563,63.498606,240.409148,61.090669,218.201377,22.337933,80.906532,2.905195
A10,ARC,3C973,63.498606,240.409148,62.132117,240.543966,55.664312,167.995046,72.836655,83.825334,1.080161
A10,ARC,3C972,61.233492,240.634766,62.132117,240.543966,67.163874,294.834015,54.522729,263.755642,0.949149
A10,ARC,3C971,60.36283,240.747755,61.233492,240.634766,63.575095,262.089597,21.582235,261.440385,2.330946
A10,CIRCLE,3C068,,,,,60.13351,239.118132,0.4,,
A10,ARC,3C970,57.989726,241.447961,57.463404,241.010988,57.82856,241.106624,0.377472,64.725233,129.95112
A10,ARC,3C96F,57.463404,241.010988,58.097041,239.359074,68.571977,244.324507,11.592231,196.609047,8.753304
A10,ARC,3C96E,58.097041,239.359074,58.892505,237.96026,67.096536,243.551234,9.927997,204.977124,9.296958
A10,ARC,3C96D,58.892505,237.96026,60.211789,236.47766,65.18965,242.235463,7.611268,214.17303,14.982186
A10,ARC,3C96C,60.211789,236.47766,61.411152,235.670104,64.139942,241.017246,6.003184,229.130008,13.833555
A10,ARC,3C96B,61.682913,235.543114,63.190238,235.167449,63.595096,240.003747,4.853214,246.796171,18.418628
A10,ARC,3C96A,63.190238,235.167449,64.754442,235.208159,63.789375,242.217831,7.075794,265.142712,12.696289
A10,ARC,3C969,64.754442,235.208159,65.228619,235.271308,55.689488,305.087625,70.464978,277.391288,0.388963
A10,ARC,3C968,69.287815,235.261465,65.228619,235.271308,67.221975,220.320095,15.083509,82.128019,15.4661
A10,ARC,3C967,59.779667,240.849622,60.066753,240.796088,62.125873,252.63503,12.016676,258.740916,1.392465
A10,ARC,3C966,59.29341,240.959278,59.779667,240.849622,61.591519,250.017061,9.34477,255.763518,3.05663
A10,ARC,3C965,58.578168,241.181403,59.29341,240.959278,60.921982,247.465884,6.707322,249.546863,6.400972
A10,ARC,3C964,57.989726,241.447961,58.578168,241.181403,60.228815,245.608091,4.724426,241.709715,7.840536
A10,ARC,3C064,69.287815,235.261465,69.455741,235.443983,69.309699,235.40984,0.14998,261.609668,111.549244
A10,ARC,3C963,69.455741,235.443983,69.443758,235.626164,61.468442,235.010094,7.999075,3.109386,1.307776
A10,ARC,3C962,69.443758,235.626164,69.359179,236.308815,62.321411,235.090291,7.142477,4.302728,5.52012
A10,ARC,3C961,69.359179,236.308815,69.218614,236.920891,63.657422,235.321565,5.786596,9.823278,6.221261
A10,ARC,3C960,69.218614,236.920891,68.969552,237.59312,64.678684,235.621092,4.722334,15.97662,8.706294
A10,ARC,3C95F,68.969552,237.59312,67.500773,239.280736,65.395126,235.965166,3.92769,24.48665,33.094597
A19,CIRCLE,3C062,,,,,203.252961,144.89272,1.05,,
A19,CIRCLE,3C061,,,,,204.133262,142.023433,1.05,,
A19,CIRCLE,3C060,,,,,207.058288,141.351153,1.05,,
A19,CIRCLE,3C05F,,,,,209.103013,143.548161,1.05,,
A19,CIRCLE,3C05E,,,,,208.222711,146.417447,1.05,,
A19,CIRCLE,3C05D,,,,,205.297685,147.089727,1.05,,
A19,ARC,3C05C,206.327977,137.722171,212.676256,144.07045,206.177987,144.22044,6.5,271.32224,87.355521
A19,ARC,3C05B,199.679717,144.07045,206.027997,137.722171,206.177987,144.22044,6.5,181.32224,87.355521
A19,ARC,3C05A,212.676256,144.37043,199.679717,144.37043,206.177987,144.22044,6.5,1.32224,177.355521
A19,CIRCLE,3C059,,,,,206.177987,144.22044,1,,
A12,LINE,3C058,70,265.741167,70,249.532335,,,,,
A12,LINE,3C057,70,282.3,70,266.091167,,,,,
A12,ARC,3C056,63.5,250.418406,64.5,251.418406,63.5,251.418406,1,270,90
A12,ARC,3C055,61.5,251.418406,62.5,250.418406,62.5,251.418406,1,180,90
A12,ARC,3C054,62.5,255.416193,61.5,254.416193,62.5,254.416193,1,90,90
A12,ARC,3C053,64.5,254.416193,63.5,255.416193,63.5,254.416193,1,360,90
A12,ARC,3C052,41.5,255.416193,40.5,254.416193,41.5,254.416193,1,90,90
A12,ARC,3C051,40.5,251.418406,41.5,250.418406,41.5,251.418406,1,180,90
A12,ARC,3C050,42.5,250.418406,43.5,251.418406,42.5,251.418406,1,270,90
A12,ARC,3C04F,43.5,254.416193,42.5,255.416193,42.5,254.416193,1,360,90
A12,LINE,3C04E,35,274.270584,35,282.3,,,,,
A12,LINE,3C04D,35,257.561751,35,273.970584,,,,,
A12,LINE,3C04C,35,249.232335,35,257.261751,,,,,
A12,CIRCLE,3C04B,,,,,52.5,265.916167,1,,
A12,ARC,3C04A,35,249.532335,39,245.532335,39,249.532335,4,180.000001,90
A12,LINE,3C049,52.675,245.532335,66,245.532335,,,,,
A12,LINE,3C048,39,245.532335,52.325,245.532335,,,,,
A12,ARC,3C047,66,245.532335,70,249.532335,66,249.532335,4,269.999999,90
A12,ARC,3C046,70,282.3,66,286.3,66,282.3,4,0.000001,90
A12,LINE,3C045,52.325,286.3,39,286.3,,,,,
A12,LINE,3C044,66,286.3,52.675,286.3,,,,,
A12,ARC,3C043,39,286.3,35,282.3,39,282.3,4,89.999999,90
A12,LINE,3C042,63.5,250.418406,62.5,250.418406,,,,,
A12,LINE,3C041,61.5,251.418406,61.5,254.416193,,,,,
A12,LINE,3C040,62.5,255.416193,63.5,255.416193,,,,,
A12,LINE,3C03F,64.5,254.416193,64.5,251.418406,,,,,
A12,LINE,3C03E,41.5,255.416193,42.5,255.416193,,,,,
A12,LINE,3C03D,43.5,254.416193,43.5,251.418406,,,,,
A12,LINE,3C03C,42.5,250.418406,41.5,250.418406,,,,,
A12,LINE,3C03B,40.5,251.418406,40.5,254.416193,,,,,
A12,ARC,3C03A,61.5,279.716217,62.8,278.416217,62.8,279.716217,1.3,180,90
A12,LINE,3C039,63.2,278.416217,62.8,278.416217,,,,,
A12,ARC,3C038,62.8,281.412682,61.5,280.112682,62.8,280.112682,1.3,90,90
A12,LINE,3C037,61.5,279.716217,61.5,280.112682,,,,,
A12,ARC,3C036,64.5,280.112682,63.2,281.412682,63.2,280.112682,1.3,360,90
A12,LINE,3C035,62.8,281.412682,63.2,281.412682,,,,,
A12,ARC,3C034,63.2,278.416217,64.5,279.716217,63.2,279.716217,1.3,270,90
A12,LINE,3C033,64.5,280.112682,64.5,279.716217,,,,,
A12,ARC,3C032,41.8,281.412682,40.5,280.112682,41.8,280.112682,1.3,90,90
A12,LINE,3C031,41.8,281.412682,42.2,281.412682,,,,,
A12,ARC,3C030,43.5,280.112682,42.2,281.412682,42.2,280.112682,1.3,360,90
A12,LINE,3C02F,43.5,280.112682,43.5,279.716217,,,,,
A12,ARC,3C02E,42.2,278.416217,43.5,279.716217,42.2,279.716217,1.3,270,90
A12,LINE,3C02D,42.2,278.416217,41.8,278.416217,,,,,
A12,ARC,3C02C,40.5,279.716217,41.8,278.416217,41.8,279.716217,1.3,180,90
A12,LINE,3C02B,40.5,279.716217,40.5,280.112682,,,,,
A26-3,ARC,3C02A,164.097671,257.689945,163.247249,256.701195,164.247249,256.701195,1,98.602446,81.39755
A26-3,ARC,3C029,165.247249,256.701195,164.097671,257.689945,164.247249,256.701195,1,359.999996,98.60245
A26-3,ARC,3C028,166.166986,251.073091,166.32961,247.701195,183.222328,250.205791,17.07738,177.088894,11.344614
A26-3,ARC,3C027,166.747249,254.701195,166.184853,251.372556,183.222328,250.205791,17.07738,164.737756,11.344614
A26-3,LINE,3C026,166.32961,247.701195,166.947246,247.701195,,,,,
A26-3,ARC,3C025,167.947246,246.701195,166.947246,247.701195,166.947246,246.701195,1,0,90
A26-3,LINE,3C024,167.947246,246.701195,167.947246,242.701195,,,,,
A26-3,LINE,3C023,167.947246,242.701195,169.747246,242.701195,,,,,
A26-3,LINE,3C022,169.747246,242.701195,169.747246,242.201195,,,,,
A26-3,ARC,3C021,168.747246,241.201195,169.747246,242.201195,168.747246,242.201195,1,270,90
A26-3,LINE,3C020,164.097247,241.201195,159.747249,241.201195,,,,,
A26-3,LINE,3C01F,168.747246,241.201195,164.397247,241.201195,,,,,
A26-3,ARC,3C01E,158.747249,242.201195,159.747249,241.201195,159.747249,242.201195,1,180,90
A26-3,LINE,3C01D,158.747249,242.201195,158.747249,242.701195,,,,,
A26-3,LINE,3C01C,158.747249,242.701195,160.547249,242.701195,,,,,
A26-3,LINE,3C01B,160.547249,242.701195,160.547249,246.701195,,,,,
A26-3,ARC,3C01A,161.547249,247.701195,160.547249,246.701195,161.547249,246.701195,1,90,90
A26-3,LINE,3C019,161.547249,247.701195,162.164887,247.701195,,,,,
A26-3,ARC,3C018,162.309644,251.372556,161.747249,254.701195,145.272147,250.20579,17.077402,3.917628,11.3446
A26-3,ARC,3C017,162.164887,247.701195,162.327511,251.073091,145.272147,250.20579,17.077402,351.566506,11.3446
A26-3,LINE,3C016,161.747249,254.701195,163.247249,254.701195,,,,,
A26-3,LINE,3C015,163.247249,254.701195,163.247249,256.701195,,,,,
A26-3,LINE,3C014,165.247249,256.701195,165.247248,254.701195,,,,,
A26-3,LINE,3C013,165.247248,254.701195,166.747249,254.701195,,,,,
A5-3,ARC,3C010,123.180186,227.231454,122.405003,229.243897,120.180079,227.231347,3.000107,0.002043,42.128792
A5-3,ARC,3C00F,102.180519,230.231456,100.167906,229.456148,102.180542,227.231479,2.999976,90.000449,42.13489
A5-3,ARC,3C00E,107.180439,225.731455,111.030377,225.309686,111.180377,244.461008,19.15191,257.944844,11.606404
A5-3,ARC,3C00D,115.180313,224.731455,116.180297,223.731455,116.180305,224.731447,0.999992,179.999543,90
A5-3,LINE,3C00C,115.180313,224.731455,115.180313,225.731455,,,,,
A5-3,ARC,3C00B,111.330375,225.309686,115.180313,225.731455,111.180377,244.461008,19.15191,270.448745,11.606404
A5-3,LINE,3C00A,107.180439,225.731455,107.180439,224.731455,,,,,
A5-3,ARC,3C009,106.180455,223.731455,107.180439,224.731455,106.180447,224.731448,0.999992,270.000449,90
A5-3,LINE,3C008,106.180455,223.731455,105.030471,223.731456,,,,,
A5-3,LINE,3C007,105.030471,223.731456,105.180471,227.231456,,,,,
A5-3,LINE,3C006,105.180471,227.231456,101.180534,227.231456,,,,,
A5-3,LINE,3C005,101.180534,227.231456,101.330534,223.231456,,,,,
A5-3,LINE,3C004,101.330534,223.231456,100.18055,223.231456,,,,,
A5-3,ARC,3C003,99.180566,224.231456,100.18055,223.231456,100.180558,224.231448,0.999992,179.999543,90
A5-3,ARC,3C002,99.180566,224.231456,99.180566,227.231456,97.550114,225.731456,2.215485,317.386241,85.227511
A5-3,ARC,3C001,99.955842,229.244081,99.180566,227.231456,102.180542,227.231479,2.999976,137.86556,42.13489
A5-3,LINE,3C000,102.180519,230.231456,105.126231,229.357934,,,,,
A5-3,ARC,3BFFF,117.178358,229.36734,105.126231,229.357934,111.163587,214.893316,15.674018,67.434364,45.2207
A5-3,LINE,3BFFE,117.178358,229.36734,120.180624,230.231455,,,,,
A5-3,ARC,3BFFD,122.192953,229.455978,120.180624,230.231455,120.180079,227.231347,3.000107,47.860805,42.128792
A5-3,ARC,3BFFC,123.180186,227.231454,123.180186,224.231454,124.810638,225.731454,2.215485,137.386241,85.227511
A5-3,ARC,3BFFB,122.180202,223.231454,123.180186,224.231454,122.180194,224.231447,0.999992,270.000449,90
A5-3,LINE,3BFFA,122.180202,223.231454,121.030218,223.231455,,,,,
A5-3,LINE,3BFF9,121.030218,223.231455,121.180218,227.231455,,,,,
A5-3,LINE,3BFF8,121.180218,227.231455,117.180281,227.231455,,,,,
A5-3,LINE,3BFF7,117.180281,227.231455,117.330281,223.731455,,,,,
A5-3,LINE,3BFF6,117.330281,223.731455,116.180297,223.731455,,,,,
A5-3,ARC,3BFF5,115.482771,228.767493,106.870514,228.758672,111.189111,216.59052,12.911785,70.5771,38.963174
A5-3,LINE,3BFF4,106.870514,228.758672,106.871055,228.536664,,,,,
A5-3,ARC,3BFF3,106.871055,228.536664,115.483293,228.553344,111.087803,274.690835,46.346396,264.779822,10.662286
A5-3,LINE,3BFF2,115.483293,228.553344,115.482771,228.767493,,,,,
A5-4,ARC,3BFEF,130.396662,233.070597,131.171845,235.083039,128.171738,235.083146,3.000107,317.869165,42.128792
A5-4,ARC,3BFEE,108.159565,232.858345,110.172178,232.083038,110.172201,235.083014,2.999976,227.864661,42.13489
A5-4,ARC,3BFED,119.022036,237.004808,115.172098,236.583038,119.172036,217.853486,19.15191,90.448752,11.606404
A5-4,ARC,3BFEC,124.171956,238.583039,123.171972,237.583039,124.171964,237.583046,0.999992,90.000457,90
A5-4,LINE,3BFEB,123.171972,237.583039,123.171972,236.583039,,,,,
A5-4,ARC,3BFEA,123.171972,236.583039,119.322034,237.004808,119.172036,217.853486,19.15191,77.944851,11.606404
A5-4,LINE,3BFE9,115.172098,236.583038,115.172098,237.583038,,,,,
A5-4,ARC,3BFE8,115.172098,237.583038,114.172114,238.583038,114.172106,237.583046,0.999992,359.999551,90
A5-4,LINE,3BFE7,114.172114,238.583038,113.02213,238.583038,,,,,
A5-4,LINE,3BFE6,113.02213,238.583038,113.17213,235.083038,,,,,
A5-4,LINE,3BFE5,113.17213,235.083038,109.172193,235.083038,,,,,
A5-4,LINE,3BFE4,109.172193,235.083038,109.322193,239.083038,,,,,
A5-4,LINE,3BFE3,109.322193,239.083038,108.172209,239.083038,,,,,
A5-4,ARC,3BFE2,108.172209,239.083038,107.172225,238.083038,108.172217,238.083045,0.999992,90.000457,90
A5-4,ARC,3BFE1,107.172225,235.083038,107.172225,238.083038,105.541773,236.583037,2.215485,317.386248,85.227511
A5-4,ARC,3BFE0,107.172225,235.083038,107.947501,233.070412,110.172201,235.083014,2.999976,179.999551,42.13489
A5-4,LINE,3BFDF,110.172178,232.083038,113.11789,232.956559,,,,,
A5-4,ARC,3BFDE,113.11789,232.956559,125.170017,232.947154,119.155246,247.421177,15.674018,247.344936,45.2207
A5-4,LINE,3BFDD,125.170017,232.947154,128.172283,232.083039,,,,,
A5-4,ARC,3BFDC,128.172283,232.083039,130.184612,232.858515,128.171738,235.083146,3.000107,270.010403,42.128792
A5-4,ARC,3BFDB,131.171845,238.083039,131.171845,235.083039,132.802297,236.583039,2.215485,137.386248,85.227511
A5-4,ARC,3BFDA,131.171845,238.083039,130.171861,239.083039,130.171853,238.083047,0.999992,359.999551,90
A5-4,LINE,3BFD9,130.171861,239.083039,129.021877,239.083039,,,,,
A5-4,LINE,3BFD8,129.021877,239.083039,129.171877,235.083039,,,,,
A5-4,LINE,3BFD7,129.171877,235.083039,125.17194,235.083039,,,,,
A5-4,LINE,3BFD6,125.17194,235.083039,125.32194,238.583039,,,,,
A5-4,LINE,3BFD5,125.32194,238.583039,124.171956,238.583039,,,,,
A5-4,ARC,3BFD4,114.862173,233.555822,123.47443,233.547,119.18077,245.723974,12.911785,250.459726,38.963174
A5-4,LINE,3BFD3,114.862173,233.555822,114.862714,233.777829,,,,,
A5-4,ARC,3BFD2,123.474952,233.76115,114.862714,233.777829,119.079462,187.623658,46.346396,84.557892,10.662286
A5-4,LINE,3BFD1,123.474952,233.76115,123.47443,233.547,,,,,
A14,LINE,3C95E,115.661107,157.853935,116.98587,155.734328,,,,,
A14,LINE,3C95D,112.69292,155.999555,115.661107,157.853935,,,,,
A14,LINE,3C95C,114.017684,153.879949,112.69292,155.999555,,,,,
A14,LINE,3C95B,116.98587,155.734328,114.017684,153.879949,,,,,
A14,LINE,3C95A,128.365926,162.823227,131.865926,162.823328,,,,,
A14,LINE,3C959,128.36598,160.323845,128.365926,162.823227,,,,,
A14,LINE,3C958,131.86598,160.323946,128.36598,160.323845,,,,,
A14,LINE,3C957,131.865926,162.823328,131.86598,160.323946,,,,,
A14,LINE,3C956,141.371904,160.955027,144.643656,159.71203,,,,,
A14,LINE,3C955,140.483885,158.618628,141.371904,160.955027,,,,,
A14,LINE,3C954,143.755637,157.375631,140.483885,158.618628,,,,,
A14,LINE,3C953,144.643656,159.71203,143.755637,157.375631,,,,,
A14,LINE,3C952,154.979153,207.310563,152.036593,205.41548,,,,,
A14,LINE,3C951,153.625522,209.412392,154.979153,207.310563,,,,,
A14,LINE,3C950,150.682962,207.517308,153.625522,209.412392,,,,,
A14,LINE,3C94F,152.036593,205.41548,150.682962,207.517308,,,,,
A14,LINE,3C94E,144.643656,197.833386,141.371904,196.590389,,,,,
A14,LINE,3C94D,143.755637,200.169784,144.643656,197.833386,,,,,
A14,LINE,3C94C,140.483885,198.926788,143.755637,200.169784,,,,,
A14,LINE,3C94B,141.371904,196.590389,140.483885,198.926788,,,,,
A14,LINE,3C94A,131.865926,194.722088,128.365926,194.722188,,,,,
A14,LINE,3C949,131.86598,197.22147,131.865926,194.722088,,,,,
A14,LINE,3C948,128.36598,197.22157,131.86598,197.22147,,,,,
A14,LINE,3C947,128.365926,194.722188,128.36598,197.22157,,,,,
A14,LINE,3C946,116.98587,201.811087,115.661107,199.691481,,,,,
A14,LINE,3C945,114.017684,203.665467,116.98587,201.811087,,,,,
A14,LINE,3C944,112.69292,201.54586,114.017684,203.665467,,,,,
A14,LINE,3C943,115.661107,199.691481,112.69292,201.54586,,,,,
A14,LINE,3BFC7,211.998408,177.272754,211.998408,180.272754,,,,,
A14,ARC,3BFC3,172.835378,184.559269,171.935378,185.459269,171.935378,184.559269,0.9,0,90
A14,ARC,3BFC2,170.735751,185.459269,169.835751,184.559269,170.735751,184.559269,0.9,90,90
A14,ARC,3BFC1,169.835751,184.359269,170.735751,183.459269,170.735751,184.359269,0.9,180,90
A14,ARC,3BFC0,171.935378,183.459269,172.835378,184.359269,171.935378,184.359269,0.9,270,90
A14,ARC,3BFBF,169.835701,172.920752,170.735701,172.020752,170.735701,172.920752,0.9,180,90
A14,ARC,3BFBE,170.735701,174.020752,169.835701,173.120752,170.735701,173.120752,0.9,90,90
A14,ARC,3BFBD,172.835378,173.120752,171.935378,174.020752,171.935378,173.120752,0.9,0,90
A14,ARC,3BFBC,171.935378,172.020752,172.835378,172.920752,171.935378,172.920752,0.9,270,90
A14,LINE,3BFBB,169.835701,172.920752,169.835701,173.120752,,,,,
A14,LINE,3BFBA,172.835378,172.920752,172.835378,173.120752,,,,,
A14,LINE,3BFB9,169.835751,184.359269,169.835751,184.559269,,,,,
A14,LINE,3BFB8,172.835378,184.359269,172.835378,184.559269,,,,,
A14,LINE,3BFB7,169.835651,179.541374,169.835651,181.541374,,,,,
A14,LINE,3BFB6,172.835378,179.541374,172.835378,181.541374,,,,,
A14,LINE,3BFB5,172.835378,179.541374,169.835651,179.541374,,,,,
A14,LINE,3BFB4,172.835378,181.541374,169.835651,181.541374,,,,,
A14,LINE,3BFB3,169.835651,175.637305,169.835651,177.637305,,,,,
A14,LINE,3BFB2,172.835378,175.637305,172.835378,177.637305,,,,,
A14,ARC,3BFB1,93.992804,150.066977,95.009073,150.833264,94.117795,150.958255,0.9,262.017011,90
A14,ARC,3BFB0,92.038145,151.249901,92.804433,150.233632,92.929424,151.12491,0.9,172.017011,90
A14,ARC,3BFAF,93.082191,152.21425,92.065921,151.447963,92.9572,151.322972,0.9,82.017011,90
A14,ARC,3BFAE,95.036849,151.031326,94.270562,152.047596,94.145571,151.156317,0.9,352.017011,90
A14,ARC,3BFAD,92.804433,207.311784,92.038145,206.295514,92.929424,206.420506,0.9,97.982989,90
A14,ARC,3BFAC,92.065921,206.097452,93.082191,205.331165,92.9572,206.222444,0.9,187.982989,90
A14,ARC,3BFAB,94.270562,205.49782,95.036849,206.51409,94.145571,206.389099,0.9,277.982989,90
A14,ARC,3BFAA,95.009073,206.712152,93.992804,207.478439,94.117795,206.58716,0.9,7.982989,90
A14,ARC,3BFA9,175.251124,142.162501,176.151149,143.062482,175.251149,143.062501,0.9,269.998357,90.000415
A14,ARC,3BFA8,173.15115,143.062555,174.051124,142.162536,174.05115,143.062536,0.9,179.998772,89.999585
A14,ARC,3BFA7,174.05118,144.161918,173.151154,143.261937,174.051154,143.261918,0.9,89.998357,90.000415
A14,ARC,3BFA6,176.151154,143.261864,175.251179,144.161883,175.251154,143.261883,0.9,359.998772,89.999585
A14,ARC,3BFA5,195.790492,152.435617,197.03847,152.685114,196.289709,153.184471,0.9,236.310969,89.989266
A14,ARC,3BFA4,195.374686,153.794665,195.62423,152.546454,196.123447,153.295308,0.9,146.300235,90.010734
A14,ARC,3BFA3,197.28823,155.042146,196.040252,154.792648,196.789013,154.293291,0.9,56.310969,89.989266
A14,ARC,3BFA2,197.704036,153.683097,197.454492,154.931309,196.955275,154.182454,0.9,326.300235,90.010734
A14,ARC,3BFA1,202.162204,176.772708,203.062204,177.672708,202.162204,177.672708,0.9,270,90
A14,ARC,3BFA0,201.062204,177.672708,201.962204,176.772708,201.962204,177.672708,0.9,180,90
A14,ARC,3BF9F,201.962204,180.772708,201.062204,179.872708,201.962204,179.872708,0.9,90,90
A14,ARC,3BF9E,203.062204,179.872708,202.162204,180.772708,202.162204,179.872708,0.9,0,90
A14,ARC,3BF9D,197.03847,204.860302,195.790492,205.109799,196.289709,204.360945,0.9,33.699765,89.989266
A14,ARC,3BF9C,195.62423,204.998962,195.374686,203.750751,196.123447,204.250108,0.9,123.689031,90.010734
A14,ARC,3BF9B,196.040252,202.752768,197.28823,202.50327,196.789013,203.252124,0.9,213.699765,89.989266
A14,ARC,3BF9A,197.454492,202.614107,197.704036,203.862318,196.955275,203.362961,0.9,303.689031,90.010734
A14,ARC,3BF99,175.251179,213.383532,176.151154,214.283552,175.251154,214.283532,0.9,270.001643,89.999585
A14,ARC,3BF98,173.151154,214.283479,174.05118,213.383498,174.051154,214.283498,0.9,180.001228,90.000415
A14,ARC,3BF97,174.051124,215.38288,173.15115,214.482861,174.05115,214.48288,0.9,90.001643,89.999585
A14,ARC,3BF96,176.151149,214.482934,175.251124,215.382914,175.251149,214.482914,0.9,0.001228,90.000415
A14,LINE,3BF95,145.305223,161.57363,145.332979,162.415927,,,,,
A14,ARC,3BF94,139.407893,167.495964,145.332979,162.415927,155.167562,179.881835,20.044374,218.164586,22.452721
A14,ARC,3C942,137.626353,166.346561,137.66179,166.351641,137.326042,168.567334,2.240987,277.701301,0.915299
A14,ARC,3C941,137.66179,166.351641,137.973781,166.425777,137.40681,168.118244,1.784908,278.212983,10.307691
A14,ARC,3C940,137.973781,166.425777,138.194727,166.525811,137.596534,167.553031,1.188704,288.503337,11.710683
A14,ARC,3C93F,138.194727,166.525811,138.426549,166.721812,137.764989,167.269182,0.858648,300.031914,20.363952
A14,ARC,3C93E,138.426549,166.721812,138.509161,166.831847,137.293506,167.658506,1.470096,320.419229,5.364632
A14,ARC,3C93D,138.509161,166.831847,138.623655,167.006949,133.087859,170.50165,6.5466,325.905035,1.831101
A14,ARC,3C93C,138.681917,167.093126,138.623655,167.006949,140.775307,165.615053,2.562612,144.775356,2.325949
A14,ARC,3C93B,138.766102,167.200487,138.681917,167.093126,139.718996,166.366605,1.266241,138.810659,6.176355
A14,ARC,3C93A,138.862991,167.293317,138.766102,167.200487,139.341339,166.697076,0.764408,128.739171,10.070446
A14,ARC,3C939,139.007082,167.382168,138.862991,167.293317,139.336423,166.686808,0.76941,115.343477,12.631596
A14,ARC,3C938,139.169516,167.443986,139.007082,167.382168,139.48683,166.365894,1.12382,106.400729,8.86968
A14,ARC,3C937,139.407893,167.495964,139.169516,167.443986,139.672116,165.711592,1.803828,98.42292,7.755525
A14,ARC,3BF92,137.626353,166.346561,145.305223,161.57363,159.744181,193.367059,34.918558,230.697706,14.877161
A14,ARC,3BF91,146.961736,163.647428,157.418276,151.177793,157.568273,161.922611,10.745865,170.763513,98.436697
A14,ARC,3BF90,164.154457,173.61939,164.757114,169.909737,166.764074,172.13956,3,150.44383,77.567261
A14,ARC,3BF8F,164.154457,173.61939,165.486082,177.812135,154.903334,178.865403,10.635033,330.44383,23.87242
A14,ARC,3BF8E,165.466906,178.593833,165.486082,177.812135,187.524249,178.743832,22.057853,180.389629,2.031194
A14,ARC,3C936,179.034853,184.203728,179.024196,184.447904,174.412152,184.124289,4.623384,0.984504,3.029205
A14,ARC,3C935,179.024196,184.447904,178.940144,185.040826,175.015792,184.182095,4.017208,3.793889,8.549078
A14,ARC,3C934,178.940144,185.040826,178.553047,185.997549,176.10815,184.451652,2.892632,11.752293,20.552673
A14,ARC,3C933,178.553047,185.997549,177.760997,186.824185,175.812992,184.164908,3.296433,33.775934,20.000108
A14,ARC,3C932,177.760997,186.824185,177.170713,187.209094,174.48927,182.451849,5.460907,53.193264,7.398751
A14,ARC,3C931,177.170713,187.209094,176.122474,187.701412,173.142139,179.9936,8.263943,60.824385,8.035913
A14,ARC,3C930,176.122474,187.701412,175.040561,188.074245,170.486963,173.104111,15.647369,68.890157,4.191193
A14,ARC,3C92F,175.040561,188.074245,173.725765,188.475262,111.701536,-17.236807,214.859164,72.854862,0.366558
A14,ARC,3C92E,173.725765,188.475262,172.843127,188.726971,164.98395,159.494823,30.270203,73.214305,1.737342
A14,ARC,3C92D,172.843127,188.726971,172.174686,188.891714,168.476781,172.449091,16.853319,74.984562,2.340644
A14,ARC,3C92C,172.174686,188.891714,170.359528,189.161514,169.554351,177.503533,11.685753,77.042205,9.00685
A14,ARC,3C92B,170.359528,189.161514,169.900246,189.173111,169.995099,183.829456,5.344497,86.090101,4.92682
A14,ARC,3C92A,169.900246,189.173111,168.091351,188.507028,169.929052,186.305617,2.867639,90.575556,39.279002
A14,ARC,3C929,168.091351,188.507028,167.172497,187.25001,170.424089,185.837503,3.545142,131.148264,25.371375
A14,LINE,3BF8C,179.034853,184.203728,179.034854,180.111908,,,,,
A14,LINE,3BF8B,179.034854,180.111908,187.99163,180.111909,,,,,
A14,ARC,3BF8A,198.057711,185.404254,197.248405,180.11191,223.714547,178.772757,26.5,165.507978,11.595398
A14,ARC,3BF89,198.5648,185.778602,198.057711,185.404254,198.541802,185.279132,0.5,87.363741,78.144237
A14,ARC,3C928,196.934631,193.469969,191.71427,202.474482,165.723371,181.390766,33.467146,21.157149,17.891681
A14,ARC,3C927,198.335694,188.678703,196.934631,193.469969,170.146805,183.036186,28.748068,11.319195,9.961579
A14,ARC,3C926,198.714547,185.772754,198.335694,188.678703,177.003894,184.419975,21.752757,3.565459,7.72476
A14,ARC,3C925,184.330765,207.752447,174.20877,209.321154,176.030815,187.637633,21.759939,67.57755,27.225674
A14,ARC,3C924,191.619206,202.590511,184.330765,207.752447,176.757465,189.332804,19.915776,41.735182,25.914634
A14,LINE,3BF86,156.331777,201.566674,156.367646,201.4716,,,,,
A14,ARC,3BF85,156.278417,201.070764,156.367646,201.4716,156.024876,201.337554,0.368049,313.541499,67.817358
A14,LINE,3BF84,156.278417,201.070764,156.184025,200.978932,,,,,
A14,ARC,3BF83,155.781005,200.90029,156.184025,200.978932,155.924025,201.239355,0.367995,247.129705,67.823646
A14,LINE,3BF82,155.781005,200.90029,155.560324,200.990032,,,,,
A14,LINE,3BF81,155.560324,200.990032,155.549059,200.994858,,,,,
A14,LINE,3BF80,155.549059,200.994858,155.119272,201.186575,,,,,
A14,LINE,3BF7F,155.119272,201.186575,155.107056,201.192275,,,,,
A14,LINE,3BF7E,155.107056,201.192275,154.997902,201.245793,,,,,
A14,ARC,3BF7D,154.997902,201.245793,154.600928,201.203696,154.831992,200.917541,0.367798,63.186446,65.733694
A14,LINE,3BF7C,154.600928,201.203696,153.379547,200.251028,,,,,
A14,LINE,3BF7B,153.379547,200.251028,153.383003,200.241953,,,,,
A14,LINE,3BF7A,153.383003,200.241953,153.535861,199.801471,,,,,
A14,LINE,3BF79,153.535861,199.801471,153.539974,199.788798,,,,,
A14,LINE,3BF78,153.539974,199.788798,153.678455,199.338811,,,,,
A14,LINE,3BF77,153.678455,199.338811,153.681881,199.327038,,,,,
A14,LINE,3BF76,153.681881,199.327038,153.744252,199.097767,,,,,
A14,ARC,3BF75,153.617466,198.707155,153.744252,199.097767,153.390631,198.996664,0.367791,308.079301,67.876342
A14,LINE,3BF74,153.617466,198.707155,153.514697,198.624562,,,,,
A14,ARC,3BF73,153.105927,198.584541,153.514697,198.624562,153.280543,198.908603,0.368113,241.682517,67.818526
A14,LINE,3BF72,153.105927,198.584541,152.895031,198.694823,,,,,
A14,LINE,3BF71,152.895031,198.694823,152.884243,198.70068,,,,,
A14,LINE,3BF70,152.884243,198.70068,152.474633,198.932418,,,,,
A14,LINE,3BF6F,152.474633,198.932418,152.462868,198.939255,,,,,
A14,LINE,3BF6E,152.462868,198.939255,152.137831,199.138872,,,,,
A14,ARC,3BF6D,152.137831,199.138872,151.887197,199.128724,152.01988,198.951849,0.22111,57.761414,69.114287
A14,LINE,3BF6C,151.887197,199.128724,150.76305,198.326336,,,,,
A14,ARC,3BF6B,150.76305,198.326336,150.672862,198.088398,150.887167,198.14323,0.221208,124.131057,70.220786
A14,LINE,3BF6A,150.672862,198.088398,150.766413,197.704131,,,,,
A14,LINE,3BF69,150.766413,197.704131,150.769468,197.690851,,,,,
A14,LINE,3BF68,150.769468,197.690851,150.864283,197.22975,,,,,
A14,LINE,3BF67,150.864283,197.22975,150.866519,197.217899,,,,,
A14,LINE,3BF66,150.866519,197.217899,150.906898,196.983283,,,,,
A14,ARC,3BF65,150.743512,196.606649,150.906898,196.983283,150.54529,196.916395,0.367742,302.617164,67.86262
A14,LINE,3BF64,150.743512,196.606649,150.633426,196.534194,,,,,
A14,ARC,3BF63,150.222767,196.533134,150.633426,196.534194,150.427307,196.839377,0.368269,236.261022,67.773854
A14,LINE,3BF62,150.222767,196.533134,150.023401,196.662895,,,,,
A14,LINE,3BF61,150.023401,196.662895,150.013064,196.669968,,,,,
A14,LINE,3BF60,150.013064,196.669968,149.627149,196.939899,,,,,
A14,LINE,3BF5F,149.627149,196.939899,149.616495,196.947713,,,,,
A14,LINE,3BF5E,149.616495,196.947713,149.305756,197.18175,,,,,
A14,ARC,3BF5D,149.305756,197.18175,149.050621,197.192449,149.17061,197.006359,0.221419,52.384158,70.429353
A14,LINE,3BF5C,149.050621,197.192449,147.866354,196.476322,,,,,
A14,ARC,3BF5B,147.866354,196.476322,147.756681,196.249646,147.975387,196.283699,0.221342,119.511646,69.338304
A14,LINE,3BF5A,147.756681,196.249646,147.81035,195.87907,,,,,
A14,LINE,3BF59,147.81035,195.87907,147.811976,195.865738,,,,,
A14,LINE,3BF58,147.811976,195.865738,147.862681,195.397862,,,,,
A14,LINE,3BF57,147.862681,195.397862,147.863805,195.385642,,,,,
A14,LINE,3BF56,147.863805,195.385642,147.881614,195.148405,,,,,
A14,ARC,3BF55,147.683245,194.789054,147.881614,195.148405,147.515303,195.116189,0.367725,297.174686,67.851443
A14,LINE,3BF54,147.683245,194.789054,147.566636,194.727238,,,,,
A14,ARC,3BF53,147.157633,194.765188,147.566636,194.727238,147.390408,195.050935,0.368559,230.833102,67.731763
A14,LINE,3BF52,147.157633,194.765188,146.971436,194.91337,,,,,
A14,LINE,3BF51,146.971436,194.91337,146.961709,194.921342,,,,,
A14,LINE,3BF50,146.961709,194.921342,146.603268,195.226868,,,,,
A14,LINE,3BF4F,146.603268,195.226868,146.593515,195.235501,,,,,
A14,LINE,3BF4E,146.593515,195.235501,146.335665,195.471041,,,,,
A14,ARC,3BF4D,146.335665,195.471041,146.081905,195.505516,146.184434,195.309034,0.221624,46.970402,70.586204
A14,LINE,3BF4C,146.081905,195.505516,144.808724,194.891366,,,,,
A14,ARC,3BF4B,144.808724,194.891366,144.677606,194.6759,144.898265,194.68925,0.221062,113.894201,69.568
A14,LINE,3BF4A,144.677606,194.6759,144.69375,194.343531,,,,,
A14,LINE,3BF49,144.69375,194.343531,144.694185,194.330174,,,,,
A14,LINE,3BF48,144.694185,194.330174,144.700334,193.859569,,,,,
A14,LINE,3BF47,144.700334,193.859569,144.700241,193.846979,,,,,
A14,LINE,3BF46,144.700241,193.846979,144.695429,193.608948,,,,,
A14,ARC,3BF45,144.463615,193.270236,144.695429,193.608948,144.327136,193.612325,0.368308,291.749871,67.724811
A14,LINE,3BF44,144.463615,193.270236,144.341912,193.219931,,,,,
A14,ARC,3BF43,143.938297,193.296675,144.341912,193.219931,144.197206,193.558618,0.368305,225.333717,67.80116
A14,LINE,3BF42,143.938297,193.296675,143.766881,193.462032,,,,,
A14,LINE,3BF41,143.766881,193.462032,143.758266,193.470743,,,,,
A14,LINE,3BF40,143.758266,193.470743,143.430392,193.808557,,,,,
A14,LINE,3BF3F,143.430392,193.808557,143.421195,193.8183,,,,,
A14,LINE,3BF3E,143.421195,193.8183,143.297292,193.955491,,,,,
A14,ARC,3BF3D,143.297292,193.955491,142.879147,194.05206,143.020602,193.710994,0.369237,41.465519,71.060421
A14,LINE,3BF3C,142.879147,194.05206,141.701923,193.606045,,,,,
A14,ARC,3BF3B,141.701923,193.606045,141.453021,193.270314,141.821161,193.257515,0.368362,108.886671,69.122179
A14,LINE,3BF3A,141.453021,193.270314,141.445649,193.110758,,,,,
A14,LINE,3BF39,141.445649,193.110758,141.444867,193.09727,,,,,
A14,LINE,3BF38,141.444867,193.09727,141.406043,192.628433,,,,,
A14,LINE,3BF37,141.406043,192.628433,141.404812,192.616136,,,,,
A14,LINE,3BF36,141.404812,192.616136,141.377329,192.379796,,,,,
A14,ARC,3BF35,141.114427,192.064604,141.377329,192.379796,141.011369,192.417804,0.367928,286.266483,67.804091
A14,LINE,3BF34,141.114427,192.064604,140.98824,192.026047,,,,,
A14,ARC,3BF33,140.593979,192.140655,140.98824,192.026047,140.876376,192.376677,0.368042,219.888203,67.806437
A14,LINE,3BF32,140.593979,192.140655,140.439169,192.321202,,,,,
A14,LINE,3BF31,140.439169,192.321202,140.431004,192.330891,,,,,
A14,LINE,3BF30,140.431004,192.330891,140.136895,192.698582,,,,,
A14,LINE,3BF2F,140.136895,192.698582,140.128731,192.709064,,,,,
A14,LINE,3BF2E,140.128731,192.709064,140.050113,192.814811,,,,,
A14,ARC,3BF2D,140.050113,192.814811,139.647701,192.951909,139.751724,192.598106,0.368778,35.989086,70.394902
A14,LINE,3BF2C,139.647701,192.951909,138.396347,192.627082,,,,,
A14,ARC,3BF2B,138.396347,192.627082,138.112285,192.315563,138.477853,192.267488,0.368716,102.770904,69.737128
A14,LINE,3BF2A,138.112285,192.315563,138.094688,192.192333,,,,,
A14,LINE,3BF29,138.094688,192.192333,138.092636,192.179216,,,,,
A14,LINE,3BF28,138.092636,192.179216,138.009556,191.716061,,,,,
A14,LINE,3BF27,138.009556,191.716061,138.007162,191.703765,,,,,
A14,LINE,3BF26,138.007162,191.703765,137.957326,191.471099,,,,,
A14,ARC,3BF25,137.665511,191.182176,137.957326,191.471099,137.596334,191.543875,0.368255,280.8273,67.774648
A14,LINE,3BF24,137.665511,191.182176,137.536268,191.155842,,,,,
A14,ARC,3BF23,137.154694,191.307569,137.536268,191.155842,137.458383,191.51564,0.368132,214.416781,67.797407
A14,LINE,3BF22,137.154694,191.307569,137.017836,191.502194,,,,,
A14,LINE,3BF21,137.017836,191.502194,137.010784,191.512464,,,,,
A14,LINE,3BF20,137.010784,191.512464,136.752948,191.90643,,,,,
A14,LINE,3BF1F,136.752948,191.90643,136.746055,191.917467,,,,,
A14,LINE,3BF1E,136.746055,191.917467,136.712027,191.973542,,,,,
A14,ARC,3BF1D,131.530503,191.703013,136.712027,191.973542,134.053851,193.129479,2.898636,209.479779,127.017883
A14,ARC,3BF1C,131.530503,191.703013,131.252382,191.458008,131.601491,191.342071,0.367856,101.12666,60.502275
A14,LINE,3BF1B,131.252382,191.458008,131.207793,191.328961,,,,,
A14,LINE,3BF1A,131.207793,191.328961,131.203255,191.316298,,,,,
A14,LINE,3BF19,131.203255,191.316298,131.033901,190.877278,,,,,
A14,LINE,3BF18,131.033901,190.877278,131.029152,190.865672,,,,,
A14,LINE,3BF17,131.029152,190.865672,130.936075,190.646568,,,,,
A14,ARC,3BF16,130.595117,190.418186,130.936075,190.646568,130.595555,190.786236,0.36805,269.931751,67.766722
A14,LINE,3BF15,130.595117,190.418186,130.463362,190.416769,,,,,
A14,ARC,3BF14,130.11713,190.637859,130.463362,190.416769,130.454513,190.78456,0.367897,203.500332,67.877928
A14,LINE,3BF13,130.11713,190.637859,130.019559,190.854923,,,,,
A14,LINE,3BF12,130.019559,190.854923,130.014704,190.866168,,,,,
A14,LINE,3BF11,130.014704,190.866168,129.83586,191.301362,,,,,
A14,LINE,3BF10,129.83586,191.301362,129.831006,191.314036,,,,,
A14,LINE,3BF0F,129.831006,191.314036,129.779569,191.453476,,,,,
A14,ARC,3BF0E,129.779569,191.453476,129.436803,191.698471,129.432088,191.329599,0.368902,19.621047,69.646525
A14,LINE,3BF0D,129.436803,191.698471,128.161869,191.751963,,,,,
A14,ARC,3BF0C,128.161869,191.751963,127.798433,191.533074,128.135795,191.384093,0.368793,85.945677,70.227777
A14,LINE,3BF0B,127.798433,191.533074,127.733856,191.391513,,,,,
A14,LINE,3BF0A,127.733856,191.391513,127.728155,191.379379,,,,,
A14,LINE,3BF09,127.728155,191.379379,127.517838,190.958336,,,,,
A14,LINE,3BF08,127.517838,190.958336,127.512059,190.947261,,,,,
A14,LINE,3BF07,127.512059,190.947261,127.398754,190.738123,,,,,
A14,ARC,3BF06,127.037434,190.543221,127.398754,190.738123,127.072871,190.909893,0.368381,264.479812,67.726863
A14,LINE,3BF05,127.037434,190.543221,126.906037,190.554393,,,,,
A14,ARC,3BF04,126.582487,190.807381,126.906037,190.554393,126.932265,190.921326,0.367869,198.043634,67.867919
A14,LINE,3BF03,126.582487,190.807381,126.506091,191.0327,,,,,
A14,LINE,3BF02,126.506091,191.0327,126.502294,191.044315,,,,,
A14,LINE,3BF01,126.502294,191.044315,126.365771,191.49475,,,,,
A14,LINE,3BF00,126.365771,191.49475,126.362107,191.507581,,,,,
A14,LINE,3BEFF,126.362107,191.507581,126.319768,191.667535,,,,,
A14,ARC,3BEFE,126.319768,191.667535,126.001799,191.943766,125.962197,191.577058,0.36884,14.199701,69.636504
A14,LINE,3BEFD,126.001799,191.943766,124.749563,192.115775,,,,,
A14,ARC,3BEFC,124.749563,192.115775,124.367329,191.932506,124.689022,191.751805,0.368971,80.556218,70.119983
A14,LINE,3BEFB,124.367329,191.932506,124.281685,191.783774,,,,,
A14,LINE,3BEFA,124.281685,191.783774,124.274847,191.772461,,,,,
A14,LINE,3BEF9,124.274847,191.772461,124.025584,191.37336,,,,,
A14,LINE,3BEF8,124.025584,191.37336,124.018747,191.362788,,,,,
A14,LINE,3BEF7,124.018747,191.362788,123.886009,191.16531,,,,,
A14,ARC,3BEF6,123.507849,191.005602,123.886009,191.16531,123.578012,191.367031,0.368176,259.014038,67.763307
A14,LINE,3BEF5,123.507849,191.005602,123.378052,191.029124,,,,,
A14,ARC,3BEF4,123.080119,191.311575,123.378052,191.029124,123.439244,191.392027,0.368026,192.627197,67.80187
A14,LINE,3BEF3,123.080119,191.311575,123.025185,191.543217,,,,,
A14,LINE,3BEF2,123.025185,191.543217,123.0225,191.555598,,,,,
A14,LINE,3BEF1,123.0225,191.555598,122.929563,192.016776,,,,,
A14,LINE,3BEF0,122.929563,192.016776,122.92709,192.029898,,,,,
A14,LINE,3BEEF,122.92709,192.029898,122.897971,192.206711,,,,,
A14,ARC,3BEEE,122.897971,192.206711,122.60755,192.512084,122.533378,192.150757,0.368862,8.725086,69.67465
A14,LINE,3BEED,122.60755,192.512084,121.387479,192.799348,,,,,
A14,ARC,3BEEC,121.387479,192.799348,120.989545,192.653151,121.292572,192.443007,0.368763,75.086221,70.173227
A14,LINE,3BEEB,120.989545,192.653151,120.882574,192.502643,,,,,
A14,LINE,3BEEA,120.882574,192.502643,120.874625,192.491781,,,,,
A14,LINE,3BEE9,120.874625,192.491781,120.588325,192.118217,,,,,
A14,LINE,3BEE8,120.588325,192.118217,120.580589,192.108466,,,,,
A14,LINE,3BEE7,120.580589,192.108466,120.503774,192.014443,,,,,
A14,ARC,3BEE6,119.619235,192.279219,120.503774,192.014443,120.116569,192.330785,0.5,185.919484,134.832201
A14,LINE,3BEE5,119.619235,192.279219,119.558715,192.862911,,,,,
A14,LINE,3BEE4,119.558715,192.862911,119.557539,192.876031,,,,,
A14,LINE,3BEE3,119.557539,192.876031,119.544182,193.071183,,,,,
A14,ARC,3BEE2,119.544182,193.071183,119.285061,193.402468,119.176172,193.050317,0.368601,3.245053,69.572761
A14,LINE,3BEE1,119.285061,193.402468,118.112869,193.803646,,,,,
A14,ARC,3BEE0,118.112869,193.803646,117.701405,193.696369,117.983227,193.458162,0.369007,69.431492,70.36268
A14,LINE,3BEDF,117.701405,193.696369,117.566994,193.541025,,,,,
A14,LINE,3BEDE,117.566994,193.541025,117.558147,193.531143,,,,,
A14,LINE,3BEDD,117.558147,193.531143,117.23767,193.186391,,,,,
A14,LINE,3BEDC,117.23767,193.186391,117.228903,193.177408,,,,,
A14,LINE,3BEDB,117.228903,193.177408,117.061168,193.008453,,,,,
A14,LINE,3BEDA,117.061168,193.008453,116.849185,192.900403,,,,,
A14,LINE,3BED9,116.849185,192.900403,116.681282,192.915503,,,,,
A14,LINE,3BED8,116.681282,192.915503,116.659544,192.923197,,,,,
A14,LINE,3BED7,116.659544,192.923197,116.536838,192.970858,,,,,
A14,ARC,3BED6,116.297747,193.304661,116.536838,192.970858,116.665406,193.315475,0.367818,181.684695,67.855969
A14,LINE,3BED5,116.297747,193.304661,116.287823,193.542418,,,,,
A14,LINE,3BED4,116.287823,193.542418,116.287439,193.554716,,,,,
A14,LINE,3BED3,116.287439,193.554716,116.283342,194.038729,,,,,
A14,LINE,3BED2,116.283342,194.038729,116.292464,194.370859,,,,,
A14,ARC,3BED1,116.292464,194.370859,116.157637,194.583097,116.071443,194.379396,0.221186,357.787984,69.276815
A14,LINE,3BED0,116.157637,194.583097,114.878667,195.176169,,,,,
A14,ARC,3BECF,114.878667,195.176169,114.624006,195.137011,114.778739,194.978376,0.221602,63.196485,71.090069
A14,LINE,3BECE,114.624006,195.137011,114.365069,194.889894,,,,,
A14,LINE,3BECD,114.365069,194.889894,114.355402,194.880886,,,,,
A14,LINE,3BECC,114.355402,194.880886,114.003557,194.568039,,,,,
A14,LINE,3BECB,114.003557,194.568039,113.994076,194.559956,,,,,
A14,LINE,3BECA,113.994076,194.559956,113.811306,194.40797,,,,,
A14,ARC,3BEC9,113.403216,194.361178,113.811306,194.40797,113.572432,194.688326,0.368321,242.649934,67.782357
A14,LINE,3BEC8,113.403216,194.361178,113.285391,194.420392,,,,,
A14,ARC,3BEC7,113.079156,194.775212,113.285391,194.420392,113.446224,194.75122,0.367851,176.260484,67.812715
A14,LINE,3BEC6,113.079156,194.775212,113.091798,195.012653,,,,,
A14,LINE,3BEC5,113.091798,195.012653,113.092632,195.025241,,,,,
A14,LINE,3BEC4,113.092632,195.025241,113.133415,195.494076,,,,,
A14,LINE,3BEC3,113.133415,195.494076,113.134779,195.507484,,,,,
A14,LINE,3BEC2,113.134779,195.507484,113.180934,195.881627,,,,,
A14,ARC,3BEC1,113.180934,195.881627,113.064508,196.107042,112.961691,195.911164,0.221223,352.32721,69.977651
A14,LINE,3BEC0,113.064508,196.107042,111.93559,196.951462,,,,,
A14,ARC,3BEBF,111.93559,196.951462,111.678333,196.965741,111.796969,196.77857,0.221602,51.278027,71.090069
A14,LINE,3BEBE,111.678333,196.965741,111.373943,196.777426,,,,,
A14,LINE,3BEBD,111.373943,196.777426,111.362624,196.770608,,,,,
A14,LINE,3BEBC,111.362624,196.770608,110.953755,196.537169,,,,,
A14,LINE,3BEBB,110.953755,196.537169,110.94281,196.531218,,,,,
A14,LINE,3BEBA,110.94281,196.531218,110.732592,196.420254,,,,,
A14,ARC,3BEB9,110.323635,196.458749,110.732592,196.420254,110.556766,196.743899,0.368321,230.731476,67.782357
A14,LINE,3BEB8,110.323635,196.458749,110.220579,196.54102,,,,,
A14,ARC,3BEB7,110.092067,196.930782,110.220579,196.54102,110.446267,196.831501,0.367851,164.342026,67.812715
A14,LINE,3BEB6,110.092067,196.930782,110.153473,197.160494,,,,,
A14,LINE,3BEB5,110.153473,197.160494,110.156889,197.172639,,,,,
A14,LINE,3BEB4,110.156889,197.172639,110.224792,197.396275,,,,,
A14,ARC,3C923,88.642928,202.449563,80.766028,194.269533,95.269806,188.185743,15.728066,114.919277,42.324505
A14,ARC,3C922,110.224792,197.396275,88.642928,202.449563,96.168083,185.975257,18.111618,39.093715,75.456321
A14,ARC,3BEB2,102.426872,172.192896,100.035662,173.197125,100.641694,171.291153,2,26.799607,80.839231
A14,ARC,3BEB1,102.426872,172.192896,113.388745,164.395482,115.310082,178.70056,14.43353,206.799596,55.550698
A14,ARC,3BEB0,127.545273,169.414803,126.218378,169.248794,126.974139,168.593946,1,55.170624,83.921263
A14,ARC,3BEAF,127.545273,169.414803,139.549382,168.783322,134.056206,178.772567,11.4,235.170624,63.636167
A14,ARC,3BEAE,140.762155,168.589541,139.549382,168.783322,140.03124,167.907072,1,43.03686,75.769932
A14,ARC,3BEAD,140.762155,168.589541,144.32585,166.803887,144.951277,172.501002,5.731342,223.03686,40.698317
A14,ARC,3BEAC,146.961736,163.647428,144.32585,166.803887,144.027186,163.875667,2.943412,355.552683,88.623575
A14,ARC,3C921,80.65263,193.991794,100.035662,173.197125,95.269806,188.185743,15.728066,158.336656,129.302184
A14,LINE,3C920,80.65263,193.991794,80.65263,193.991794,,,,,
A14,ARC,3BEAA,113.68647,164.35864,126.218378,169.248794,115.310082,178.70056,14.43353,263.541189,55.550698
A14,ARC,3C91F,173.90989,209.295266,156.331777,201.566674,176.513746,179.51863,29.890268,94.997591,37.47225
A14,LINE,3C91E,173.90989,209.295266,173.90989,209.295266,,,,,
A14,ARC,3BEA8,167.172497,187.25001,165.466906,178.893831,187.524249,178.743832,22.057853,157.317118,22.293253
A14,ARC,3BEA7,157.718269,151.177793,164.757114,169.909737,157.568273,161.922611,10.745865,270.79979,137.211301
A14,LINE,3BEA6,188.29163,180.111909,197.248405,180.11191,,,,,
A14,CIRCLE,3BEA5,,,,,175.984821,184.113056,1,,
A14,ARC,3C91D,205.316272,187.706255,204.737219,191.488962,142.168097,179.975256,63.619654,6.979778,3.446905
A14,ARC,3C91C,204.737219,191.488962,203.672652,196.120082,153.138519,182.065759,52.452097,10.349577,5.192493
A14,ARC,3C91B,188.368123,142.11144,198.209429,149.878401,178.796505,164.357685,24.217995,293.280166,30.002125
A14,ARC,3C91A,198.209429,149.878401,201.289445,154.989767,174.379631,167.721468,29.769688,323.175186,11.504819
A14,ARC,3C919,201.289445,154.989767,203.273367,160.078045,166.331588,171.550758,38.682273,334.651138,8.096053
A14,ARC,3C918,203.590893,196.408726,203.400868,197.053581,160.446048,184.045284,44.881314,15.990006,0.858233
A14,ARC,3C917,203.400868,197.053581,201.298626,202.536524,166.364898,185.997926,38.65088,16.620958,8.713218
A14,ARC,3C916,201.298626,202.536524,198.435728,207.362868,174.278481,189.770958,29.883907,25.288216,10.774825
A14,ARC,3C915,198.435728,207.362868,192.799047,212.946816,178.555496,192.931822,24.565804,35.975871,18.586799
A14,ARC,3C914,174.85574,139.601055,177.214107,139.659911,174.938665,183.558126,43.957149,269.891912,3.07533
A14,ARC,3C913,177.214107,139.659911,182.819925,140.368771,175.452292,176.113152,36.495792,272.766998,8.8797
A14,ARC,3C912,182.819925,140.368771,188.046151,141.974203,177.014692,168.576056,28.798466,281.629445,10.893734
A14,ARC,3C911,96.045549,210.166961,86.152769,208.069499,96.048276,185.775487,24.391474,90.006405,23.928302
A14,LINE,3C910,86.152769,208.069499,86.152769,208.069499,,,,,
A14,ARC,3C90F,71.665695,172.428627,86.322049,149.401639,96.048276,171.770021,24.391474,178.452741,68.046876
A14,LINE,3C90E,86.322049,149.401639,86.322049,149.401639,,,,,
A14,ARC,3BE9E,205.871351,170.279032,206.135229,173.039045,131.597936,178.772754,74.757498,353.476139,2.125102
A14,ARC,3BE9D,205.316272,169.839253,205.871351,170.279032,205.374589,170.335841,0.5,263.302175,90.173964
A14,ARC,3C90D,160.215446,143.334178,160.649292,143.112156,179.951431,181.364722,42.846603,242.572904,0.651711
A14,ARC,3C90C,160.649292,143.112156,163.667168,141.745881,177.556161,176.44051,37.371398,243.102147,5.080584
A14,ARC,3C90B,163.667168,141.745881,167.133881,140.590719,175.134118,170.379425,30.8443,248.17525,6.791776
A14,ARC,3C90A,167.133881,140.590719,168.616978,140.245735,175.618066,173.704018,34.182919,255.629005,2.552475
A14,ARC,3C909,168.616978,140.245735,174.85574,139.601055,174.798906,169.560608,29.959607,258.091926,12.016766
A14,ARC,3C908,203.362118,160.364616,203.529019,160.922938,159.495578,173.781903,45.872616,342.992905,0.727852
A14,ARC,3C907,203.529019,160.922938,204.524958,164.965087,154.635729,175.113452,50.910947,343.815454,4.686435
A14,ARC,3C906,204.524958,164.965087,205.316272,169.839253,143.029779,177.450058,62.749753,348.52359,4.509956
A14,ARC,3C905,152.893511,143.787225,152.272261,143.152627,156.126447,140.000905,4.978765,130.492243,10.233514
A14,ARC,3C904,155.200194,144.762235,152.893511,143.787225,155.549336,140.720145,4.057141,94.936769,35.952958
A14,ARC,3C903,156.452838,144.72139,155.200194,144.762235,155.65447,139.465493,5.316187,81.362833,13.539158
A14,ARC,3C902,157.912213,144.353011,156.452838,144.72139,155.248079,136.873662,7.939664,70.394171,10.878101
A14,ARC,3C901,158.64205,144.071297,157.912213,144.353011,153.865279,132.782354,12.257969,67.064973,3.657315
A14,ARC,3C900,159.304578,143.774317,158.64205,144.071297,151.550618,127.363675,18.150291,64.709462,2.292086
A14,ARC,3C8FF,160.215446,143.334178,159.304578,143.774317,129.248654,80.410961,70.130403,63.796532,0.826501
A14,ARC,3BE98,151.583129,143.074048,152.272261,143.152627,151.88689,143.4712,0.5,232.589525,87.831144
A14,LINE,3BE97,151.583129,143.074048,150.67027,143.772246,,,,,
A14,LINE,3BE96,150.67027,143.772246,152.004458,145.269725,,,,,
A14,LINE,3BE95,152.004458,145.269725,150.415851,146.484767,,,,,
A14,LINE,3BE94,150.415851,146.484767,149.319954,144.805032,,,,,
A14,LINE,3BE93,149.319954,144.805032,148.358895,145.540096,,,,,
A14,ARC,3BE92,148.222889,146.175166,148.358895,145.540096,148.662656,145.937247,0.5,151.586162,81.003363
A14,ARC,3C8FE,118.430028,151.04275,118.877408,149.703692,123.359493,151.94542,5.011431,190.376884,16.195178
A14,ARC,3C8FD,118.342862,152.395617,118.430028,151.04275,124.497079,152.112895,6.160708,177.369705,12.633598
A14,ARC,3C8FC,119.069209,154.8292,118.342862,152.395617,123.356516,152.224389,5.016577,148.718664,29.325304
A14,ARC,3C8FB,120.998122,156.711761,119.069209,154.8292,123.985624,151.721217,5.816415,120.906111,26.794271
A14,ARC,3C8FA,122.329324,157.392741,120.998122,156.711761,125.751458,149.061419,9.006771,112.330664,9.522985
A14,ARC,3C8F9,123.861251,157.908831,122.329324,157.392741,127.024273,145.988252,12.333082,104.860499,7.515267
A14,ARC,3C8F8,126.008416,158.331942,123.861251,157.908831,128.260199,141.245124,17.234555,97.507452,7.280358
A14,ARC,3C8F7,128.841022,158.530786,126.008416,158.331942,129.07098,134.979705,23.552203,90.55943,6.912069
A14,ARC,3C8F6,133.895404,158.170088,128.841022,158.530786,129.114726,126.772822,31.759143,81.342405,9.151383
A14,ARC,3C8F5,138.217417,157.24053,134.191913,158.124457,128.818305,124.04417,34.501328,74.191229,6.848431
A14,ARC,3C8F4,141.593846,156.067718,138.217417,157.24053,130.269581,128.912729,29.421631,67.362723,6.964927
A14,ARC,3C8F3,144.539853,154.57636,141.593846,156.067718,133.404959,136.236086,21.455803,58.736888,8.826379
A14,ARC,3C8F2,146.412092,153.22018,144.539853,154.57636,137.25958,142.555337,14.05373,49.363982,9.43573
A14,ARC,3C8F1,147.819791,151.711613,146.412092,153.22018,140.59693,146.382767,8.975875,36.418978,13.20014
A14,ARC,3C8F0,148.588948,150.310637,147.819791,151.711613,142.977717,148.141614,6.01586,21.13402,15.266852
A14,ARC,3C8EF,148.755542,147.521915,148.588948,150.310637,144.312241,148.655816,4.585701,345.684037,35.469314
A14,ARC,3C8EE,148.222889,146.175166,148.755542,147.521915,143.113479,148.974699,5.826102,331.280914,14.279572
A14,LINE,3BE8F,118.877408,149.703692,118.895377,149.667643,,,,,
A14,ARC,3BE8E,118.667802,148.995537,118.895377,149.667643,118.447892,149.44458,0.5,296.09237,90.403014
A14,LINE,3BE8D,118.667802,148.995537,116.712263,148.037851,,,,,
A14,ARC,3BE8C,116.109432,148.16538,116.712263,148.037851,116.492353,148.486894,0.5,220.018056,76.074313
A14,ARC,3BE8B,116.109432,148.16538,112.948346,149.839989,112.46367,145.104264,4.760463,40.018056,44.138375
A14,ARC,3C8ED,106.101849,149.050093,103.567747,148.469392,122.248321,72.769407,77.970838,101.951491,1.910505
A14,LINE,3C8EC,106.101849,149.050093,106.101849,149.050093,,,,,
A14,ARC,3C8EB,108.998677,149.606237,106.101849,149.050093,123.168526,67.976274,82.850682,99.847638,2.040008
A14,LINE,3C8EA,108.998677,149.606237,108.998677,149.606237,,,,,
A14,ARC,3C8E9,112.948346,149.839989,108.998677,149.606237,112.059474,131.373804,18.487566,87.244186,12.285567
A14,LINE,3C8E8,112.948346,149.839989,112.948346,149.839989,,,,,
A14,ARC,3C8E7,86.644012,149.264381,96.045549,147.378547,96.048276,171.770021,24.391474,247.321777,22.671818
A14,LINE,3C8E6,96.045549,147.378547,96.045549,147.378547,,,,,
A14,ARC,3C8E5,96.045549,147.378547,100.900533,147.897091,95.79364,172.724318,25.347023,270.569438,11.054021
A14,LINE,3C8E4,100.900533,147.897091,100.900533,147.897091,,,,,
A14,ARC,3C8E3,100.900533,147.897091,103.567747,148.469392,87.559298,216.575484,69.962205,280.993172,2.234183
A14,LINE,3C8E2,103.567747,148.469392,103.567747,148.469392,,,,,
A14,LINE,3BE84,71.665695,172.428627,73.991846,172.334074,,,,,
A14,ARC,3BE83,74.183723,172.134235,73.991846,172.334074,73.983723,172.134239,0.2,359.998771,87.673572
A14,LINE,3BE82,74.183723,172.134235,74.183663,169.326893,,,,,
A14,LINE,3BE81,74.183663,169.326893,77.183629,169.340996,,,,,
A14,LINE,3BE80,77.183629,169.340996,77.183689,172.140377,,,,,
A14,ARC,3BE7F,77.383695,172.340372,77.183689,172.140377,77.383689,172.140372,0.2,89.998356,90.000415
A14,LINE,3BE7E,77.383695,172.340372,78.183694,172.340349,,,,,
A14,ARC,3BE7D,78.511852,178.922754,78.183694,185.205159,15.339499,178.772754,63.172531,0.136046,5.7081
A14,ARC,3BE7C,78.183694,172.340349,78.511852,178.922754,15.339499,178.772754,63.172531,354.155854,5.980192
A14,LINE,3BE7B,78.183694,185.205159,77.383695,185.205136,,,,,
A14,ARC,3BE7A,77.183689,185.405131,77.383695,185.205136,77.383689,185.405136,0.2,180.001229,90.000415
A14,LINE,3BE79,77.183689,185.405131,77.183629,188.204512,,,,,
A14,LINE,3BE78,77.183629,188.204512,74.183663,188.218615,,,,,
A14,LINE,3BE77,74.183663,188.218615,74.183723,185.411273,,,,,
A14,ARC,3BE76,73.991846,185.211434,74.183723,185.411273,73.983723,185.411269,0.2,272.327656,87.673572
A14,LINE,3BE75,73.991846,185.211434,71.665695,185.116881,,,,,
A14,LINE,3BE74,102.065778,209.411768,103.567747,209.076116,,,,,
A14,LINE,3BE73,100.900533,209.648417,102.065778,209.411768,,,,,
A14,ARC,3C8E1,100.900533,209.648417,96.045549,210.166961,95.79364,184.82119,25.347023,78.37654,11.054021
A14,LINE,3C8E0,96.045549,210.166961,96.045549,210.166961,,,,,
A14,ARC,3C8DF,85.833893,207.925214,71.665695,185.116881,96.048276,185.775487,24.391474,114.756867,66.790392
A14,LINE,3C8DE,71.665695,185.116881,71.665695,185.116881,,,,,
A14,ARC,3C8DD,108.998677,207.939271,112.948346,207.705519,112.059474,226.171704,18.487566,260.470247,12.285567
A14,LINE,3C8DC,108.998677,207.939271,108.998677,207.939271,,,,,
A14,ARC,3C8DB,103.567747,209.076116,108.998677,207.939271,122.248321,284.776101,77.970838,256.138005,4.078202
A14,LINE,3C8DA,103.567747,209.076116,103.567747,209.076116,,,,,
A14,ARC,3BE6E,112.948346,207.705519,116.109432,209.380128,112.46367,212.441244,4.760463,275.843569,44.138375
A14,ARC,3BE6D,116.712263,209.507657,116.109432,209.380128,116.492353,209.058614,0.5,63.90763,76.074313
A14,LINE,3BE6C,116.712263,209.507657,118.667802,208.549971,,,,,
A14,ARC,3BE6B,118.895377,207.877865,118.667802,208.549971,118.447892,208.100928,0.5,333.504617,90.403014
A14,LINE,3BE6A,118.895377,207.877865,118.877408,207.841816,,,,,
A14,ARC,3C8D9,148.681514,210.289397,148.222889,211.370342,143.235963,208.616719,5.696655,17.07508,11.831014
A14,ARC,3C8D8,148.588948,207.234871,148.681514,210.289397,144.292565,208.893735,4.605512,338.888066,38.752313
A14,ARC,3C8D7,147.819791,205.833895,148.588948,207.234871,142.977717,209.403894,6.01586,323.599127,15.266852
A14,ARC,3C8D6,146.643716,204.531919,147.819791,205.833895,140.747387,211.040236,8.782077,312.175582,11.465824
A14,ARC,3C8D5,144.539853,202.969148,146.643716,204.531919,137.421762,214.749342,13.763726,301.142144,10.926363
A14,ARC,3C8D4,141.23647,201.331061,144.539853,202.969148,133.11138,221.866057,22.084002,291.58724,9.577472
A14,ARC,3C8D3,134.191913,199.421051,141.23647,201.331061,129.182331,231.843521,32.807202,278.78329,12.773519
A14,ARC,3C8D2,128.353801,199.025306,133.895404,199.37542,129.182469,229.94044,30.926238,268.464578,10.30104
A14,ARC,3C8D1,125.561074,199.278995,128.353801,199.025306,128.975606,221.369137,22.352481,261.213179,7.192753
A14,ARC,3C8D0,123.461246,199.750595,125.561074,199.278995,127.952293,214.836624,15.740323,253.421954,7.840022
A14,ARC,3C8CF,121.976423,200.3073,123.461246,199.750595,126.716762,210.692074,11.415531,245.464719,7.965491
A14,ARC,3C8CE,120.998122,200.833747,121.976423,200.3073,125.528309,208.080017,8.545819,237.987404,7.453691
A14,ARC,3C8CD,120.151195,201.456591,120.998122,200.833747,124.59412,206.610726,6.804755,229.238278,8.860686
A14,ARC,3C8CC,118.586176,203.768733,120.151195,201.456591,123.417506,205.353186,5.084509,198.157105,31.871559
A14,ARC,3C8CB,118.363274,206.020101,118.586176,203.768733,124.031837,205.444614,5.6977,174.203047,22.902499
A14,ARC,3C8CA,118.877408,207.841816,118.363274,206.020101,123.425026,205.574956,5.081288,153.505028,21.469148
A14,ARC,3BE67,148.358895,212.005412,148.222889,211.370342,148.662656,211.608261,0.5,127.410475,81.003363
A14,LINE,3BE66,148.358895,212.005412,149.319954,212.740476,,,,,
A14,LINE,3BE65,149.319954,212.740476,150.415851,211.060741,,,,,
A14,LINE,3BE64,150.415851,211.060741,152.004458,212.275783,,,,,
A14,LINE,3BE63,152.004458,212.275783,150.67027,213.773262,,,,,
A14,LINE,3BE62,150.67027,213.773262,151.583129,214.47146,,,,,
A14,ARC,3BE61,152.272261,214.392881,151.583129,214.47146,151.88689,214.074308,0.5,39.579331,87.831144
A14,ARC,3C8C9,159.507677,213.867929,160.215446,214.21133,129.248654,277.134547,70.130403,295.560758,0.64271
A14,ARC,3C8C8,159.092209,213.672518,159.507677,213.867929,149.083586,235.491519,24.005027,294.641458,1.095877
A14,ARC,3C8C7,158.161976,213.282688,159.092209,213.672518,153.116157,226.628063,14.267422,290.711355,4.051279
A14,ARC,3C8C6,157.396218,213.029306,158.161976,213.282688,154.72933,222.372846,9.716688,285.930117,4.757535
A14,ARC,3C8C5,156.452838,212.824118,157.396218,213.029306,155.37877,220.033561,7.289011,278.473641,7.594447
A14,ARC,3C8C4,155.200194,212.783273,156.452838,212.824118,155.656608,218.014444,5.251044,265.013626,13.707922
A14,ARC,3C8C3,153.1519,213.554008,155.200194,212.783273,155.545093,216.806999,4.038481,233.658451,31.442337
A14,ARC,3C8C2,152.272261,214.392881,153.1519,213.554008,156.084688,217.509944,4.924498,219.269645,14.178453
A14,ARC,3C8C1,192.511968,213.147029,185.880636,216.369819,178.13984,192.008243,25.561814,55.788463,16.584085
A14,ARC,3C8C0,185.880636,216.369819,180.737453,217.544111,176.294879,186.236199,31.621541,72.353695,9.569986
A14,ARC,3C8BF,180.737453,217.544111,174.85574,217.944453,175.023982,177.009797,40.935001,81.976792,8.258694
A14,ARC,3C8BE,174.85574,217.944453,174.366332,217.94038,174.885015,185.022828,32.921638,90.050949,0.851788
A14,ARC,3C8BD,174.366332,217.94038,169.584239,217.486726,174.774209,188.209325,29.733852,90.785986,9.266341
A14,ARC,3C8BC,169.584239,217.486726,167.133886,216.95479,175.521492,184.227116,33.785391,100.121394,4.253256
A14,ARC,3C8BB,167.133886,216.95479,163.236805,215.624657,175.321548,186.592257,31.447118,105.091594,7.507937
A14,ARC,3C8BA,163.236805,215.624657,160.215446,214.21133,178.308972,179.467771,39.172574,112.629043,4.880264
A14,ARC,3BE5C,205.871351,187.266476,205.316272,187.706255,205.374589,187.209667,0.5,6.523861,90.173964
A14,ARC,3BE5B,206.135229,184.506463,205.871351,187.266476,131.597936,178.772754,74.757498,4.398759,2.125102
A14,ARC,3BE5A,206.135229,184.506463,214.073429,182.766915,210.969408,187.584365,5.730861,212.484744,90.310101
A14,ARC,3BE59,214.998408,182.261886,214.073429,182.766915,214.398409,182.262546,0.6,359.936982,122.857862
A14,LINE,3BE58,214.998408,182.261886,214.998408,180.272754,,,,,
A14,LINE,3BE57,214.998408,180.272754,211.998408,180.272754,,,,,
A14,LINE,3BE56,211.998408,177.272754,214.998408,177.272754,,,,,
A14,LINE,3BE55,214.998408,177.272754,214.998408,175.283622,,,,,
A14,ARC,3BE54,214.073429,174.778593,214.998408,175.283622,214.398409,175.282962,0.6,237.205155,122.857862
A14,ARC,3BE53,214.073429,174.778593,206.135229,173.039045,210.969408,169.961143,5.730861,57.205155,90.310101
A14,LINE,3BE51,195.374686,153.794665,196.040252,154.792648,,,,,
A14,LINE,3BE50,197.28823,155.042146,197.454492,154.931309,,,,,
A14,LINE,3BE4F,197.704036,153.683097,197.03847,152.685114,,,,,
A14,LINE,3BE4E,195.790492,152.435617,195.62423,152.546454,,,,,
A14,LINE,3BE4D,203.062204,179.872708,203.062204,177.672708,,,,,
A14,LINE,3BE4C,202.162204,176.772708,201.962204,176.772708,,,,,
A14,LINE,3BE4B,201.062204,177.672708,201.062204,179.872708,,,,,
A14,LINE,3BE4A,201.962204,180.772708,202.162204,180.772708,,,,,
A14,LINE,3BE49,197.454492,202.614107,197.28823,202.50327,,,,,
A14,LINE,3BE48,196.040252,202.752768,195.374686,203.750751,,,,,
A14,LINE,3BE47,195.62423,204.998962,195.790492,205.109799,,,,,
A14,LINE,3BE46,197.03847,204.860302,197.704036,203.862318,,,,,
A14,LINE,3BE45,176.151149,214.482934,176.151154,214.283552,,,,,
A14,LINE,3BE44,175.251179,213.383532,174.05118,213.383498,,,,,
A14,LINE,3BE43,173.151154,214.283479,173.15115,214.482861,,,,,
A14,LINE,3BE42,174.051124,215.38288,175.251124,215.382914,,,,,
A14,LINE,3BE41,92.804433,207.311784,93.992804,207.478439,,,,,
A14,LINE,3BE40,95.009073,206.712152,95.036849,206.51409,,,,,
A14,LINE,3BE3F,94.270562,205.49782,93.082191,205.331165,,,,,
A14,LINE,3BE3E,92.065921,206.097452,92.038145,206.295514,,,,,
A14,LINE,3BE3D,95.036849,151.031326,95.009073,150.833264,,,,,
A14,LINE,3BE3C,93.992804,150.066977,92.804433,150.233632,,,,,
A14,LINE,3BE3B,92.038145,151.249901,92.065921,151.447963,,,,,
A14,LINE,3BE3A,93.082191,152.21425,94.270562,152.047596,,,,,
A14,LINE,3BE39,174.05118,144.161918,175.251179,144.161883,,,,,
A14,LINE,3BE38,176.151154,143.261864,176.151149,143.062482,,,,,
A14,LINE,3BE37,175.251124,142.162501,174.051124,142.162536,,,,,
A14,LINE,3BE36,173.15115,143.062555,173.151154,143.261937,,,,,
A14,LINE,3BE35,170.735751,183.459269,171.935378,183.459269,,,,,
A14,LINE,3BE34,171.935378,185.459269,170.735751,185.459269,,,,,
A14,LINE,3BE33,172.835378,175.637305,169.835651,175.637305,,,,,
A14,LINE,3BE32,172.835378,177.637305,169.835651,177.637305,,,,,
A14,CIRCLE,3BE31,,,,,134.053852,164.416017,1,,
A14,CIRCLE,3BE30,,,,,134.053852,193.129485,1,,
A14,LINE,3BE2F,170.735701,172.020752,171.935378,172.020752,,,,,
A14,LINE,3BE2E,171.935378,174.020752,170.735701,174.020752,,,,,
A14,LINE,3BE2D,94.959001,154.75059,95.307541,154.047053,,,,,
A14,LINE,3BE2C,95.307541,154.047053,94.443886,152.821262,,,,,
A14,LINE,3BE2B,94.443886,152.821262,95.669677,153.684917,,,,,
A14,LINE,3BE2A,95.669677,153.684917,96.373214,153.336376,,,,,
A14,LINE,3BE29,96.373214,153.336376,96.024673,154.039913,,,,,
A14,LINE,3BE28,96.024673,154.039913,96.888328,155.265704,,,,,
A14,LINE,3BE27,96.888328,155.265704,95.662537,154.402049,,,,,
A14,LINE,3BE26,95.662537,154.402049,94.959001,154.75059,,,,,
A14,ARC,3C8B9,84.457754,157.56004,85.236236,157.705561,83.112601,166.91119,9.447404,278.185785,4.804455
A14,ARC,3C8B8,85.236236,157.705561,87.435883,158.571161,83.555768,165.203586,7.684032,282.632463,17.696118
A14,ARC,3C8B7,87.435883,158.571161,89.680573,160.401786,82.430049,167.000769,9.803911,300.703513,16.989941
A14,ARC,3C8B6,89.680573,160.401786,90.538844,161.402824,73.088809,175.495711,22.430185,317.70646,3.368724
A14,ARC,3C8B5,91.545224,162.617593,90.538844,161.402824,121.14596,137.070501,39.100607,139.203969,2.311715
A14,ARC,3C8B4,91.896789,163.005448,91.545224,162.617593,102.011592,153.483762,13.891427,136.730086,2.159236
A14,ARC,3C8B3,95.729867,165.40459,91.896789,163.005448,98.192568,157.208365,8.558212,106.723832,30.637646
A14,ARC,3C8B2,98.809117,165.854171,95.729867,165.40459,98.837297,154.891247,10.962961,90.147278,16.318827
A14,ARC,3C8B1,98.809117,165.854171,97.467091,163.785034,113.813201,154.652861,18.7241,143.256794,7.552178
A14,ARC,3C8B0,97.467091,163.785034,96.582389,162.008752,117.764347,152.567241,23.190892,151.071654,4.904208
A14,ARC,3C8AF,96.026798,160.760959,96.582389,162.008752,-312.012776,343.191561,446.96445,335.911037,0.175092
A14,ARC,3C8AE,95.319448,159.375012,96.026798,160.760959,82.016592,167.037921,15.352073,330.056558,5.809735
A14,ARC,3C8AD,94.14853,157.732627,95.319448,159.375012,86.6642,164.307074,9.961855,318.703011,11.62099
A14,ARC,3C8AC,91.14144,155.637073,94.14853,157.732627,88.46583,162.681877,7.535791,290.796734,28.149591
A14,ARC,3C8AB,89.747035,155.337816,91.14144,155.637073,89.392766,160.386838,5.061435,274.013626,16.198072
A14,ARC,3C8AA,88.316502,155.450035,89.747035,155.337816,89.442018,160.623675,5.294652,257.726652,15.575902
A14,ARC,3C8A9,86.9149,155.915085,88.316502,155.450035,89.820644,162.327975,7.04049,245.624248,12.039907
A14,ARC,3C8A8,84.457754,157.56004,86.9149,155.915085,90.748426,164.299054,9.218832,226.970728,18.457271
A14,ARC,3BE23,113.207417,161.95716,117.479933,162.339179,115.234176,163.372811,2.472209,214.933535,120.351729
A14,ARC,3BE22,113.207417,161.95716,117.479933,162.339179,114.821075,167.992959,6.24778,255.03215,40.154497
A14,ARC,3C8A7,102.946106,166.759014,102.610523,162.769715,111.029897,164.070236,8.519226,161.602175,27.178769
A14,ARC,3C8A6,103.473241,158.548557,102.610523,162.769715,71.87413,154.289086,31.884901,7.677035,7.74794
A14,ARC,3C8A5,102.865646,154.093295,103.473241,158.548557,95.041393,157.429404,8.505797,336.907542,30.653088
A14,ARC,3C8A4,101.045418,151.37714,102.865646,154.093295,94.261914,157.891088,9.40465,316.1613,20.021449
A14,ARC,3C8A3,101.045418,151.37714,101.045227,151.867399,85.708945,151.61629,15.338338,359.106629,1.831424
A14,ARC,3C8A2,101.045227,151.867399,100.99414,152.8469,88.084219,151.682485,12.962327,0.817384,4.336487
A14,ARC,3C8A1,100.99414,152.8469,100.691459,154.530337,91.768143,152.056998,9.25975,4.893558,10.598594
A14,ARC,3C8A0,100.691459,154.530337,100.295877,155.695539,88.36285,150.994571,12.825608,16.002552,5.499213
A14,ARC,3C89F,100.295877,155.695539,99.742665,157.085871,-28.960989,105.069549,138.817607,21.388771,0.617609
A14,ARC,3C89E,99.482066,157.792108,99.742665,157.085871,116.413372,163.638484,17.912265,199.049781,2.408097
A14,ARC,3C89D,99.14275,159.006769,99.482066,157.792108,108.492663,160.963948,9.552561,191.822781,7.56991
A14,ARC,3C89C,99.054562,161.106706,99.14275,159.006769,105.324657,160.318203,6.31948,172.832335,19.144864
A14,ARC,3C89B,100.800607,165.084598,99.054562,161.106706,106.749771,160.101139,7.760633,140.047977,32.507119
A14,ARC,3C89A,102.946106,166.759014,100.800607,165.084598,105.715986,160.998087,6.392223,115.678459,24.582338
A14,ARC,3C899,79.807994,165.100025,79.404588,165.047793,81.242095,152.440193,12.7408,96.462892,1.829351
A14,ARC,3C898,81.22805,165.168593,79.807994,165.100025,81.009611,154.953418,10.217511,88.774987,7.978834
A14,ARC,3C897,82.63578,165.037455,81.22805,165.168593,80.880061,153.811724,11.3622,81.110875,7.134058
A14,ARC,3C896,83.439508,164.901918,82.63578,165.037455,79.11535,141.710642,23.590964,79.438128,1.979687
A14,ARC,3C895,83.439508,164.901918,84.656471,164.669657,280.837252,1195.891545,1049.716857,259.161078,0.067623
A14,ARC,3C894,84.656471,164.669657,85.47462,164.53172,88.541224,185.215972,20.910341,259.293304,2.273573
A14,ARC,3C893,85.47462,164.53172,86.087692,164.458176,87.131784,175.754047,11.344021,261.600027,3.119056
A14,ARC,3C892,86.087692,164.458176,87.100657,164.430036,86.795839,171.703528,7.279876,264.417747,7.982004
A14,ARC,3C891,87.100657,164.430036,88.670962,164.752122,86.90847,169.356027,4.929738,272.234262,18.713867
A14,ARC,3C890,88.670962,164.752122,89.951098,165.418297,86.327797,170.81785,6.502574,291.12134,12.741742
A14,ARC,3C88F,89.951098,165.418297,91.662975,166.928411,85.00287,172.753007,8.847764,304.004851,14.823825
A14,ARC,3C88E,91.398434,166.248418,91.662975,166.928411,83.683842,169.641119,8.427654,336.261207,4.962031
A14,ARC,3C88D,87.572707,162.275663,91.398434,166.248418,84.189816,169.361804,7.852219,295.519592,41.120999
A14,ARC,3C88C,86.172473,161.80951,87.572707,162.275663,84.97023,167.756913,6.0677,281.428105,13.970086
A14,ARC,3C88B,84.966376,161.727112,86.172473,161.80951,85.255759,166.359545,4.641463,266.425438,14.965688
A14,ARC,3C88A,83.770396,161.950135,84.966376,161.727112,85.338731,167.042168,5.328083,252.881277,13.111312
A14,ARC,3C889,82.620009,162.420209,83.770396,161.950135,85.854877,168.694049,7.058713,242.723815,10.100288
A14,ARC,3C888,81.152057,163.364762,82.620009,162.420209,86.920359,170.71646,9.344559,231.881498,10.718599
A14,ARC,3C887,79.404588,165.047793,81.152057,163.364762,88.860772,173.117319,12.431278,220.476106,11.199987
A14,ARC,3BE1D,127.90552,167.327675,130.741152,166.36089,133.31063,178.539223,12.446446,244.261191,13.824842
A14,ARC,3BE1C,123.9691,164.121534,127.90552,167.327675,115.422641,178.634255,16.842239,300.49359,17.337166
A14,ARC,3BE1B,123.9691,164.121534,130.741152,166.36089,121.254741,183.689432,19.755262,277.897383,20.800866
A14,LINE,3BE1A,110.020637,157.429755,111.22242,156.994447,,,,,
A14,ARC,3C886,104.440253,165.255069,104.498515,165.190072,105.171954,165.852349,0.944527,219.224421,5.296797
A14,ARC,3C885,104.498515,165.190072,104.702929,165.026132,105.421748,166.131825,1.318808,225.568945,11.402868
A14,ARC,3C884,104.702929,165.026132,105.00738,164.855437,106.308265,167.532537,2.976436,237.360709,6.722758
A14,ARC,3C883,105.00738,164.855437,105.642135,164.564049,110.052989,175.009662,11.338715,243.577334,3.529858
A14,ARC,3C882,106.445855,164.223161,105.642135,164.564049,94.328768,136.772384,30.006148,66.182788,1.667071
A14,ARC,3C881,107.785738,163.408337,106.445855,164.223161,104.071585,158.809896,5.911057,51.072247,15.245384
A14,ARC,3C880,108.175649,163.055704,107.785738,163.408337,105.065583,160.008745,4.353903,44.412759,6.922491
A14,ARC,3C87F,108.588424,162.49622,108.175649,163.055704,106.46568,161.362114,2.406707,28.113972,16.610287
A14,ARC,3C87E,108.74268,162.181842,108.588424,162.49622,104.340163,160.216689,4.821202,24.054573,4.162533
A14,ARC,3C87D,108.954984,161.701054,108.74268,162.181842,48.034225,135.0872,66.480345,23.598601,0.452966
A14,ARC,3C87C,109.089931,161.37946,108.954984,161.701054,99.486365,157.538747,10.343093,21.797738,1.932057
A14,ARC,3C87B,109.089931,161.37946,109.46282,160.400341,153.474001,177.722163,47.297248,200.214263,1.269233
A14,ARC,3C87A,109.46282,160.400341,109.724284,159.752605,177.56186,187.512466,73.297657,201.70888,0.546023
A14,ARC,3C879,109.724284,159.752605,110.164374,158.802344,119.516981,163.710814,10.562403,202.008565,5.682989
A14,ARC,3C878,110.164374,158.802344,111.22242,156.994447,129.036936,168.633695,21.27978,207.516519,5.642376
A14,ARC,3BE18,104.478169,164.236542,110.020637,157.429755,112.817232,165.366788,8.415309,187.718628,62.871584
A14,ARC,3BE17,104.440253,165.255069,104.478169,164.236542,107.330293,164.852684,2.917918,172.073572,20.116662
A14,ARC,3BE16,206.533971,178.272786,207.533971,177.272786,207.533971,178.272786,1,180,90
A14,ARC,3BE15,208.53397,177.272786,209.53397,178.272786,208.53397,178.272786,1,270,90
A14,ARC,3BE14,209.53397,179.272721,208.53397,180.272721,208.53397,179.272721,1,0,90
A14,ARC,3BE13,207.533971,180.272721,206.533971,179.272721,207.533971,179.272721,1,90,90
A14,ARC,3C877,183.706559,156.805573,183.787766,156.648327,183.85285,156.781531,0.148254,170.66734,73.292286
A14,LINE,3C876,183.706559,156.805573,183.706559,156.805573,,,,,
A14,ARC,3C875,183.707644,156.811654,183.706559,156.805573,183.863971,156.780624,0.159377,168.773015,2.220737
A14,ARC,3C874,183.831492,156.930644,183.707644,156.811654,183.853428,156.783866,0.148408,98.499797,70.708444
A14,ARC,3C873,184.167026,156.976053,183.831492,156.930644,185.060462,149.111884,7.914757,96.481493,2.451297
A14,ARC,3C872,189.401176,156.097656,184.167026,156.976053,185.215002,147.186976,9.845013,64.836197,31.274366
A14,ARC,3C871,191.031544,155.00142,189.401176,156.097656,186.41629,149.897918,6.880865,47.875989,16.415354
A14,ARC,3C870,192.714398,152.030569,191.031544,155.00142,187.40699,150.986216,5.409183,11.132024,36.795175
A14,ARC,3C86F,192.827796,150.365346,192.714398,152.030569,186.13124,150.745796,6.707354,356.748357,14.294714
A14,ARC,3C86E,192.825356,150.343296,192.827796,150.365346,192.644296,150.374494,0.183728,350.223495,6.922537
A14,ARC,3C86D,192.76019,150.238362,192.825356,150.343296,192.666031,150.369538,0.161472,305.671144,44.975505
A14,ARC,3C86C,192.692032,150.207014,192.76019,150.238362,192.644337,150.400484,0.199262,283.848863,21.701094
A14,ARC,3C86B,191.772319,150.013444,192.692032,150.207014,190.204375,159.74495,9.857011,279.152855,5.465208
A14,ARC,3C86A,190.948443,149.923576,191.772319,150.013444,190.536601,157.52066,7.608238,273.103001,6.244299
A14,ARC,3C869,190.2132,149.928883,190.948443,149.923576,190.622792,155.741586,5.827116,265.969321,7.234349
A14,ARC,3C868,189.559387,150.020834,190.2132,149.928883,190.535017,154.58757,4.66979,257.940702,8.107646
A14,ARC,3C867,187.614332,151.084508,189.559387,150.020834,190.335642,153.750528,3.809618,224.411987,33.830974
A14,ARC,3C866,186.943062,151.914462,187.614332,151.084508,191.527032,154.935555,5.489971,213.387123,11.157889
A14,ARC,3C865,186.395784,152.852184,186.943062,151.914462,195.195337,157.359264,9.886653,207.121261,6.295331
A14,ARC,3C864,186.071353,153.503509,186.395784,152.852184,207.694421,163.867679,23.978596,205.608904,1.738761
A14,ARC,3C863,186.071353,153.503509,185.602648,154.469219,140.69496,132.076761,50.180898,25.276697,1.225665
A14,ARC,3C862,185.602648,154.469219,185.277233,155.076025,174.870347,149.104418,11.998473,26.55929,3.288479
A14,ARC,3C861,185.277233,155.076025,185.014235,155.497332,179.40223,151.701335,6.775263,29.87371,4.200965
A14,ARC,3C860,185.014235,155.497332,184.51849,156.10986,181.500411,153.160321,4.220021,33.627487,10.714478
A14,ARC,3C85F,184.51849,156.10986,183.787766,156.648327,182.535815,154.18433,2.763814,44.162295,18.902681
A14,LINE,3BE0D,209.53397,178.272786,209.53397,179.272721,,,,,
A14,LINE,3BE0C,208.53397,180.272721,207.533971,180.272721,,,,,
A14,LINE,3BE0B,206.533971,179.272721,206.533971,178.272786,,,,,
A14,LINE,3BE0A,207.533971,177.272786,208.53397,177.272786,,,,,
A14,ARC,3C85E,191.185315,174.838232,192.358128,173.754629,194.386272,177.126229,3.934598,215.556627,23.414875
A14,LINE,3C85D,191.185315,174.838232,191.185315,174.838232,,,,,
A14,ARC,3C85C,191.113308,174.943614,191.185315,174.838232,194.114856,176.917264,3.592295,213.32668,2.035818
A14,ARC,3C85B,190.591759,176.538558,191.113308,174.943614,193.693958,176.670236,3.104993,182.430565,31.354526
A14,ARC,3C85A,190.625194,177.006829,190.591759,176.538558,192.744735,176.620162,2.154522,169.661258,12.509397
A14,ARC,3C859,190.716598,177.320559,190.625194,177.006829,192.197503,176.718922,1.598451,157.889894,11.733574
A14,ARC,3C858,190.957589,177.703249,190.716598,177.320559,191.888524,176.849788,1.262947,137.486069,20.628212
A14,ARC,3C857,191.648484,178.100598,190.957589,177.703249,191.960639,176.758512,1.37791,103.093576,33.621245
A14,ARC,3C856,191.963626,178.122685,191.648484,178.100598,191.875152,177.125752,1.000851,84.928521,18.161121
A14,ARC,3C855,192.222369,178.054183,191.963626,178.122685,191.874916,177.264704,0.862555,66.245481,17.851438
A14,ARC,3C854,192.454585,177.912308,192.222369,178.054183,191.793256,177.090854,1.054581,51.163452,14.826057
A14,ARC,3C853,192.690532,177.673492,192.454585,177.912308,191.503746,176.736928,1.511824,38.279075,12.749326
A14,ARC,3C852,192.935908,177.286084,192.690532,177.673492,190.906125,176.271871,2.269063,26.549709,11.599309
A14,ARC,3C851,193.236146,176.326315,192.935908,177.286084,190.078735,175.865448,3.190869,8.304444,18.132902
A14,ARC,3C850,193.273216,176.043788,193.236146,176.326315,187.380797,175.41435,5.925942,6.097303,2.755331
A14,ARC,3C84F,193.316833,175.574189,193.273216,176.043788,174.633134,174.075624,18.743701,4.585712,1.441686
A14,ARC,3C84E,175.990846,157.398609,176.091761,157.428714,175.778157,158.295758,0.922016,283.337044,6.547661
A14,ARC,3C84D,175.834845,157.373853,175.990846,157.398609,175.742154,158.461851,1.09194,274.869518,8.295281
A14,ARC,3C84C,175.670066,157.368041,175.834845,157.373853,175.694227,159.021778,1.653913,269.162975,5.714304
A14,ARC,3C84B,175.645251,157.368419,175.670066,157.368041,175.685356,159.183762,1.815786,268.734412,0.783099
A14,ARC,3C84A,175.582767,157.371142,175.645251,157.368419,175.67055,158.667397,1.299224,266.12582,2.758447
A14,ARC,3C849,175.520961,157.377558,175.582767,157.371142,175.638329,158.207248,0.83795,261.94837,4.249742
A14,ARC,3C848,175.461482,157.389113,175.520961,157.377558,175.599957,157.943047,0.57098,255.964593,6.082936
A14,ARC,3C847,175.416682,157.403028,175.461482,157.389113,175.56314,157.795474,0.418883,249.534852,6.419954
A14,ARC,3C846,175.380233,157.419242,175.416682,157.403028,175.530711,157.708438,0.326002,242.510647,7.015601
A14,ARC,3C845,175.313495,157.469063,175.380233,157.419242,175.493131,157.640089,0.24803,223.593374,19.33033
A14,ARC,3C844,175.267476,157.538128,175.313495,157.469063,175.510677,157.650313,0.267829,204.76317,17.82605
A14,ARC,3C843,175.239342,157.727949,175.267476,157.538128,175.581441,157.681657,0.345217,172.29358,32.273877
A14,ARC,3C842,175.282425,157.854415,175.239342,157.727949,175.601189,157.675251,0.365664,150.661514,21.05237
A14,ARC,3C841,175.415846,158.003167,175.282425,157.854415,175.685778,157.626843,0.463123,125.651348,24.917029
A14,ARC,3C840,175.443565,158.021761,175.415846,158.003167,175.703588,157.604175,0.491925,121.909687,3.88839
A14,ARC,3C83F,175.532265,158.066325,175.443565,158.021761,175.743539,157.535248,0.571559,111.693782,9.963308
A14,ARC,3C83E,175.616342,158.094454,175.532265,158.066325,175.825057,157.330906,0.791561,105.288236,6.420754
A14,ARC,3C83D,175.703294,158.11489,175.616342,158.094454,175.941929,156.904307,1.233879,101.151393,4.14855
A14,ARC,3C83C,175.747232,158.123156,175.703294,158.11489,176.097875,156.138422,2.01547,100.019075,1.271001
A14,ARC,3C83B,175.867566,158.141666,175.747232,158.123156,176.229511,155.388308,2.777046,97.488907,2.512139
A14,ARC,3C83A,176.067928,158.161679,175.867566,158.141666,176.310699,154.718111,3.452115,94.032668,3.342481
A14,ARC,3C839,176.22818,158.170432,176.067928,158.161679,176.420853,153.171881,5.002264,92.207423,1.838336
A14,ARC,3C838,176.388533,158.175141,176.22818,158.170432,176.565448,149.417661,8.759266,91.157311,1.049363
A14,ARC,3C837,176.753016,158.179234,176.388533,158.175141,176.825974,135.449972,22.729379,90.183913,0.918849
A14,ARC,3C836,176.753016,158.179234,177.300737,158.181078,176.772555,233.708986,75.529755,269.985178,0.415497
A14,ARC,3C835,177.300737,158.181078,177.574554,158.18563,177.172732,174.120188,15.939624,270.460126,0.984398
A14,ARC,3C834,177.574554,158.18563,177.84804,158.196024,177.320645,168.469552,10.287056,271.414338,1.524376
A14,ARC,3C833,177.84804,158.196024,177.922985,158.200224,177.368359,167.425686,9.242119,272.975081,0.46535
A14,ARC,3C832,177.922985,158.200224,178.446508,158.245271,177.25369,169.043343,10.863756,273.532122,2.771549
A14,ARC,3C831,178.446508,158.245271,179.042781,158.322354,176.596287,174.902354,16.759527,276.338271,2.055551
A14,ARC,3C830,179.042781,158.322354,180.419365,158.567731,176.113018,178.74259,20.629338,278.16471,3.884323
A14,ARC,3C82F,180.419365,158.567731,186.453787,161.2293,177.28712,173.84082,15.590966,281.58967,24.421812
A14,ARC,3C82E,186.453787,161.2293,189.418543,164.178553,178.90851,171.779037,12.970279,305.57273,18.55415
A14,ARC,3C82D,189.418543,164.178553,191.561937,168.590661,177.087056,172.89585,15.101551,324.742989,18.693228
A14,ARC,3C82C,191.561937,168.590661,192.358128,173.754629,173.019215,174.092978,19.341872,343.472414,15.525255
A14,ARC,3C82B,192.681972,168.877687,193.316833,175.574189,172.551393,174.164509,20.813235,345.284919,18.598696
A14,ARC,3C82A,191.206333,165.113264,192.681972,168.877687,176.309846,173.124062,16.913847,331.730226,13.729582
A14,ARC,3C829,187.798694,161.064244,191.206333,165.113264,179.917425,171.155527,12.804234,307.989755,23.852821
A14,ARC,3C828,182.245089,158.193129,187.798694,161.064244,177.295507,174.573852,17.112173,286.812664,21.050992
A14,ARC,3C827,179.17944,157.692382,182.245089,158.193129,178.780938,169.766631,12.080823,271.890319,14.773041
A14,ARC,3C826,177.8459,157.674425,179.17944,157.692382,176.557432,302.881436,145.212728,270.50839,0.526217
A14,ARC,3C825,177.8459,157.674425,177.18268,157.630485,178.058309,149.441171,8.235993,91.47784,4.625231
A14,ARC,3C824,177.18268,157.630485,176.091761,157.428714,178.276451,148.666734,9.030236,96.956929,7.043585
A14,ARC,3BDFD,165.287587,152.661701,167.677163,155.225433,158.226377,161.638727,11.42137,308.18812,17.651099
A14,ARC,3C823,169.242051,154.150175,167.677163,155.225433,164.410212,148.794473,7.213197,47.943662,15.125601
A14,ARC,3C822,172.122027,147.959507,169.242051,154.150175,163.218756,147.582827,8.911236,2.422626,45.051633
A14,ARC,3C821,171.84478,145.815936,172.122027,147.959507,165.471907,147.729911,6.654083,343.283326,18.694033
A14,ARC,3C820,171.657782,145.716349,171.84478,145.815936,171.701375,145.859854,0.14998,253.102611,89.870128
A14,LINE,3C81F,171.657782,145.716349,171.657782,145.716349,,,,,
A14,ARC,3C81E,171.44324,145.785884,171.657782,145.716349,175.343424,157.453604,12.302322,251.516698,1.050373
A14,ARC,3C81D,169.752262,146.513246,171.44324,145.785884,174.674035,155.626161,10.357078,241.627062,10.196709
A14,ARC,3C81C,166.379867,150.05984,169.752262,146.513246,173.453393,153.40926,7.826455,205.338255,36.43903
A14,ARC,3C81B,166.039628,150.790635,166.379867,150.05984,179.081616,156.418041,14.204265,203.339414,3.252071
A14,ARC,3C81A,165.649316,151.748752,166.039628,150.790635,192.610362,162.173439,28.906264,201.139361,2.050751
A14,ARC,3C819,165.649316,151.748752,165.287587,152.661701,114.583215,132.043497,54.736127,21.100475,1.027935
A14,LINE,3BDF9,154.633607,150.160077,152.111413,151.784435,,,,,
A14,LINE,3BDF8,152.111413,151.784435,151.028508,150.102972,,,,,
A14,LINE,3BDF7,151.028508,150.102972,153.550702,148.478615,,,,,
A14,LINE,3BDF6,153.550702,148.478615,154.633607,150.160077,,,,,
A14,ARC,3C818,190.432117,157.298257,190.443368,157.294031,190.522418,157.521601,0.240909,247.985867,2.858511
A14,ARC,3C817,190.395803,157.317074,190.432117,157.298257,190.510168,157.493323,0.210102,237.021264,11.171321
A14,ARC,3C816,190.369397,157.338158,190.395803,157.317074,190.489219,157.461153,0.171712,225.748641,11.293281
A14,ARC,3C815,190.327545,157.422382,190.369397,157.338158,190.465514,157.43843,0.138899,186.63468,39.577543
A14,ARC,3C814,190.326742,157.431373,190.327545,157.422382,190.485864,157.441049,0.159416,183.479616,3.244829
A14,ARC,3C813,190.409673,157.57451,190.326742,157.431373,190.474282,157.441484,0.147886,115.904999,68.015194
A14,ARC,3C812,191.14058,157.88069,190.409673,157.57451,192.954894,152.5241,5.65551,108.711601,8.034819
A14,ARC,3C811,191.821102,158.056475,191.14058,157.88069,192.619933,153.558776,4.568088,100.071216,8.82441
A14,ARC,3C810,192.447589,158.112153,191.821102,158.056475,192.453136,154.497301,3.614856,90.087929,9.981628
A14,ARC,3C80F,193.149148,158.028523,192.447589,158.112153,192.457634,155.211947,2.900224,76.205831,13.992627
A14,ARC,3C80E,194.253337,157.426864,193.149148,158.028523,192.577646,155.665624,2.43103,46.425863,29.977431
A14,ARC,3C80D,194.950488,156.256973,194.253337,157.426864,192.412046,155.536955,2.638581,15.835753,29.910785
A14,ARC,3C80C,195.075102,155.189927,194.950488,156.256973,191.790028,155.34708,3.288831,357.261143,18.799902
A14,ARC,3C80B,194.78964,153.886638,195.075102,155.189927,191.061738,155.386075,4.018154,338.089027,19.112944
A14,ARC,3C80A,194.013438,152.587283,194.78964,153.886638,190.241878,155.721836,4.904089,320.269939,17.754079
A14,ARC,3C809,194.013438,152.587283,193.595948,153.966346,184.974984,150.603755,9.253542,12.377592,8.930582
A14,ARC,3C808,193.595948,153.966346,193.005984,155.156165,186.747758,151.311892,7.344646,21.187022,10.374354
A14,ARC,3C807,193.005984,155.156165,192.405827,155.96538,188.033982,152.095818,5.838367,31.612962,9.899381
A14,ARC,3C806,192.405827,155.96538,190.443368,157.294031,188.896698,152.895922,4.662141,41.176402,29.448512
A14,ARC,3BDF1,190.88816,160.476387,191.094614,160.190214,191.067767,160.388404,0.2,153.901499,123.81267
A14,ARC,3C805,199.41282,163.354395,199.666769,164.853569,191.604653,165.448137,8.084011,344.989388,10.79278
A14,ARC,3C804,199.057044,162.350865,199.41282,163.354395,193.019924,165.056004,6.615481,335.8636,9.231452
A14,ARC,3C803,198.614665,161.552662,199.057044,162.350865,194.153929,164.546572,5.372305,326.131689,9.744579
A14,ARC,3C802,197.678164,160.561287,198.614665,161.552662,195.268327,163.775756,4.017477,306.858325,19.54415
A14,ARC,3C801,197.347954,160.342021,197.678164,160.561287,195.37431,163.672565,3.871407,300.650512,5.868868
A14,ARC,3C800,196.033232,159.831801,197.347954,160.342021,195.116546,164.142874,4.407456,282.004316,18.412063
A14,ARC,3C7FF,195.135384,159.733157,196.033232,159.831801,195.113148,164.070971,4.33787,270.293707,11.95204
A14,LINE,3C7FE,195.135384,159.733157,195.135384,159.733157,,,,,
A14,ARC,3C7FD,194.912013,159.738148,195.135384,159.733157,195.124761,164.259505,4.52636,267.305981,2.828483
A14,ARC,3C7FC,194.355695,159.792764,194.912013,159.738148,195.214885,165.683754,5.953316,261.702018,5.381821
A14,ARC,3C7FB,194.024533,159.846112,194.355695,159.792764,195.754898,169.532942,9.840164,259.872037,1.953191
A14,ARC,3C7FA,193.695072,159.908495,194.024533,159.846112,197.134012,177.169341,17.600088,258.732297,1.091611
A14,ARC,3C7F9,193.366326,159.974962,193.695072,159.908495,205.256929,217.940236,59.172286,258.407549,0.324762
A14,ARC,3C7F8,193.366326,159.974962,193.248107,159.998916,183.459527,111.388229,49.586442,78.475411,0.139374
A14,ARC,3C7F7,193.248107,159.998916,193.011459,160.045791,187.115995,129.661292,30.951159,78.572826,0.446588
A14,ARC,3C7F6,193.011459,160.045791,192.774352,160.090119,189.647358,142.707679,17.661464,79.019381,0.782535
A14,ARC,3C7F5,192.774352,160.090119,192.417368,160.148775,190.733246,148.783593,11.489283,79.766915,1.804184
A14,ARC,3C7F4,192.417368,160.148775,192.251969,160.171508,191.220743,152.055338,8.18142,81.589676,1.16923
A14,ARC,3C7F3,192.251969,160.171508,191.886565,160.208089,191.426467,153.769056,6.45545,82.65309,3.259816
A14,ARC,3C7F2,191.886565,160.208089,191.749603,160.215894,191.528796,155.135422,5.085268,85.965676,1.545707
A14,ARC,3C7F1,191.749603,160.215894,191.447904,160.218551,191.562084,156.053163,4.166952,87.420741,4.149441
A14,ARC,3C7F0,191.447904,160.218551,191.094614,160.190214,191.536801,156.893784,3.325955,91.531599,6.10852
A14,LINE,3C7EF,191.094614,160.190214,191.094614,160.190214,,,,,
A14,ARC,3C7EE,191.023687,160.746743,190.88816,160.476387,206.572532,152.783113,17.469573,152.879902,0.991886
A14,ARC,3C7ED,191.258898,161.192579,191.023687,160.746743,210.926059,150.531732,22.37076,151.539503,1.291065
A14,ARC,3C7EC,191.52624,161.676261,191.258898,161.192579,224.100692,143.355905,37.372856,150.645952,0.847264
A14,ARC,3C7EB,191.799395,162.156724,191.52624,161.676261,252.670341,127.232256,70.178277,150.155119,0.451229
A14,ARC,3C7EA,191.854661,162.253065,191.799395,162.156724,234.715906,137.601401,49.444826,150.09462,0.128703
A14,ARC,3C7E9,191.965984,162.445284,191.854661,162.253065,217.581797,147.481718,29.666113,149.708516,0.429008
A14,ARC,3C7E8,192.079299,162.636298,191.965984,162.445284,206.190822,154.135804,16.474025,148.936098,0.772442
A14,ARC,3C7E7,192.255478,162.919016,192.079299,162.636298,201.152429,157.178533,10.588149,147.169118,1.80269
A14,ARC,3C7E6,192.321952,163.020143,192.255478,162.919016,198.925918,158.606677,7.942987,146.244977,0.872962
A14,ARC,3C7E5,192.495976,163.267553,192.321952,163.020143,197.286956,159.712763,5.965737,143.425485,2.905403
A14,ARC,3C7E4,192.684229,163.504226,192.495976,163.267553,196.028512,160.650918,4.396088,139.52953,3.942223
A14,ARC,3C7E3,192.847939,163.682349,192.684229,163.504226,195.187966,161.367385,3.291624,135.308472,4.212066
A14,ARC,3C7E2,192.925602,163.75766,192.847939,163.682349,194.774869,161.77294,2.71273,132.976623,2.285051
A14,ARC,3C7E1,193.107568,163.910807,192.925602,163.75766,194.470805,162.106349,2.261522,127.07043,6.028362
A14,ARC,3C7E0,193.299004,164.037728,193.107568,163.910807,194.229387,162.426598,1.86047,120.005231,7.078076
A14,ARC,3C7DF,193.504342,164.140685,193.299004,164.037728,194.305878,162.285859,2.020604,113.370882,6.516946
A14,ARC,3C7DE,193.770014,164.237572,193.504342,164.140685,194.478351,161.882557,2.459235,106.740153,6.592053
A14,LINE,3C7DD,193.770014,164.237572,193.770014,164.237572,,,,,
A14,ARC,3C7DC,194.120947,164.321424,193.770014,164.237572,194.713354,161.065825,3.309059,100.313032,6.250493
A14,ARC,3C7DB,194.418309,164.365792,194.120947,164.321424,194.940591,159.846753,4.54912,96.59263,3.78741
A14,ARC,3C7DA,194.717899,164.392921,194.418309,164.365792,195.128952,158.185737,6.220779,93.788713,2.770897
A14,ARC,3C7D9,194.85378,164.400891,194.717899,164.392921,195.264557,156.235413,8.175804,92.87992,0.953898
A14,ARC,3C7D8,195.261897,164.413101,194.85378,164.400891,195.382299,153.56222,10.851549,90.635731,2.15593
A14,ARC,3C7D7,195.443384,164.414506,195.261897,164.413101,195.494737,146.050748,18.363829,90.160224,0.566266
A14,ARC,3C7D6,195.546495,164.414615,195.443384,164.414506,195.52606,135.21231,29.202313,89.959906,0.202307
A14,ARC,3C7D5,195.855808,164.413141,195.546495,164.414615,195.487692,119.648237,44.766417,89.52885,0.39589
A14,ARC,3C7D4,195.855808,164.413141,196.268243,164.410508,196.675137,260.463253,96.053607,269.511266,0.246022
A14,ARC,3C7D3,196.268243,164.410508,196.466794,164.410592,196.356248,190.896862,26.486501,269.809628,0.429508
A14,ARC,3C7D2,196.466794,164.410592,196.764567,164.414446,196.410633,180.258957,15.848464,270.203038,1.076622
A14,ARC,3C7D1,196.764567,164.414446,197.062129,164.425016,196.526064,175.322218,10.91038,271.252596,1.563676
A14,ARC,3C7D0,197.062129,164.425016,197.555694,164.462614,196.608852,173.633639,9.219773,272.818001,3.076492
A14,LINE,3C7CF,197.555694,164.462614,197.555694,164.462614,,,,,
A14,ARC,3C7CE,197.555694,164.462614,197.691504,164.477682,196.603273,173.666969,9.2535,275.907657,0.846073
A14,ARC,3C7CD,197.691504,164.477682,198.097522,164.534001,196.438063,175.005713,10.602384,276.789533,2.21529
A14,ARC,3C7CC,198.097522,164.534001,198.661999,164.635363,195.81574,178.86343,14.509964,279.047675,2.264758
A14,ARC,3C7CB,198.661999,164.635363,198.999008,164.705152,194.186569,187.095646,22.901828,281.269144,0.861025
A14,ARC,3C7CA,198.999008,164.705152,199.166121,164.741489,192.070661,196.970921,33.00124,282.118954,0.296917
A14,ARC,3C7C9,199.166121,164.741489,199.666769,164.853569,179.285958,254.718336,92.146914,282.459191,0.319003
A14,ARC,3C7C8,194.146822,167.054393,195.370313,168.59409,191.235368,170.623884,4.606281,309.202393,24.651752
A14,ARC,3C7C7,195.370313,168.59409,195.864927,170.130844,190.226395,171.097667,5.720821,334.047521,16.222749
A14,ARC,3C7C6,195.864927,170.130844,195.976566,171.257284,188.439212,171.435547,7.539462,350.03481,8.610364
A14,ARC,3C7C5,195.976566,171.257284,195.899067,172.69607,186.626695,171.475142,9.35241,358.665212,8.835986
A14,ARC,3C7C4,196.964048,171.856091,195.899067,172.69607,193.448822,168.494372,4.863946,43.721261,16.029884
A14,ARC,3C7C3,197.727746,170.740968,196.964048,171.856091,194.028148,169.026354,4.077612,24.865814,19.07932
A14,ARC,3C7C2,198.019798,169.69516,197.727746,170.740968,194.67068,169.323569,3.369669,6.331189,18.543466
A14,ARC,3C7C1,197.976236,168.809573,198.019798,169.69516,195.24238,169.387917,2.79436,348.055254,18.257246
A14,ARC,3C7C0,197.342761,167.619903,197.976236,168.809573,195.612146,169.30491,2.415425,315.765012,32.401246
A14,ARC,3C7BF,196.447543,167.022082,197.342761,167.619903,195.436241,169.505665,2.681588,292.155881,23.157739
A14,ARC,3C7BE,195.701922,166.807137,196.447543,167.022082,195.0964,170.308344,3.553182,279.812056,12.537907
A14,ARC,3C7BD,195.002232,166.740471,195.701922,166.807137,194.920079,171.30782,4.568088,271.030463,8.82441
A14,ARC,3C7BC,194.210734,166.779222,195.002232,166.740471,194.894901,172.650822,5.911325,263.353789,7.686575
A14,ARC,3C7BB,194.207748,166.779591,194.210734,166.779222,194.228692,166.93698,0.158776,262.420018,1.085817
A14,ARC,3C7BA,194.081676,166.894253,194.207748,166.779591,194.226187,166.926504,0.148066,192.581,70.26529
A14,ARC,3C7B9,194.08688,166.974957,194.081676,166.894253,194.215562,166.92614,0.137631,159.225129,34.171372
A14,ARC,3C7B8,194.117154,167.025524,194.08688,166.974957,194.245765,166.914179,0.170113,139.115684,19.951137
A14,ARC,3C7B7,194.146822,167.054393,194.117154,167.025524,194.288461,166.879152,0.225324,128.946949,10.541013
A14,ARC,3C7B6,173.762575,166.53318,173.590841,165.840888,179.706979,164.69113,6.223269,162.78285,6.570506
A14,ARC,3C7B5,173.590841,165.840888,173.505999,165.334309,185.071967,163.65762,11.686868,169.233103,2.518336
A14,ARC,3C7B4,173.505999,165.334309,173.400745,164.526499,202.471197,161.149506,29.265941,171.778966,1.59492
A14,ARC,3C7B3,173.294949,163.684721,173.400745,164.526499,125.063098,170.174088,48.66645,352.337142,0.998848
A14,ARC,3C7B2,173.209144,163.117754,173.294949,163.684721,155.286781,166.120107,18.1721,350.490118,1.808052
A14,ARC,3C7B1,173.100638,162.555324,173.209144,163.117754,161.774743,165.032046,11.593535,347.664859,2.831095
A14,ARC,3C7B0,172.829104,161.605614,173.100638,162.555324,165.986698,164.075618,7.274574,340.151192,7.785795
A14,ARC,3C7AF,172.412382,160.735945,172.829104,161.605614,168.397388,163.194495,4.707934,328.519103,11.756867
A14,ARC,3C7AE,170.806605,159.337626,172.412382,160.735945,169.407397,162.565591,3.518173,293.435025,35.228985
A14,ARC,3C7AD,169.992175,159.06773,170.806605,159.337626,168.947463,163.583967,4.635496,283.024773,10.620102
A14,ARC,3BDD4,173.762575,166.53318,173.585069,166.59655,173.671533,166.558451,0.094485,344.486732,171.733622
A14,ARC,3C7AC,170.080932,162.962141,169.973448,162.245121,234.933846,152.873898,65.632865,171.158176,0.632937
A14,ARC,3C7AB,170.169905,163.48901,170.080932,162.962141,183.649908,160.941688,13.718576,169.298977,2.231772
A14,ARC,3C7AA,170.242824,163.831372,170.169905,163.48901,177.816582,162.039305,7.782887,166.687773,2.577139
A14,ARC,3C7A9,170.332614,164.164327,170.242824,163.831372,175.633641,162.556185,5.539586,163.124078,3.567345
A14,ARC,3C7A8,170.510158,164.64181,170.332614,164.164327,174.182762,163.00446,4.021062,155.971352,7.263587
A14,ARC,3C7A7,171.083053,165.493362,170.510158,164.64181,173.164074,163.474835,2.899155,135.873362,20.390696
A14,ARC,3C7A6,171.961384,166.115165,171.083053,165.493362,173.324523,163.258406,3.165315,115.508747,19.574628
A14,ARC,3C7A5,172.746733,166.412374,171.961384,166.115165,174.055908,161.766779,4.82654,105.738369,9.980755
A14,ARC,3C7A4,173.585069,166.59655,172.746733,166.412374,174.711353,159.469836,7.215162,98.980572,6.820032
A14,ARC,3BDD2,169.973448,162.245121,169.971262,162.204495,170.171031,162.214118,0.2,171.082342,11.675536
A14,ARC,3BDD1,169.750394,159.302164,169.971262,162.204495,158.226267,161.638724,11.758614,348.538443,14.219435
A14,ARC,3BDD0,169.750394,159.302164,169.992175,159.06773,169.946406,159.262422,0.2,168.538443,114.690708
A14,ARC,3BDCF,162.240223,150.063864,164.843762,148.593801,165.910589,153.523714,5.044022,223.308857,34.480677
A14,LINE,3BDCE,164.843762,148.593801,164.933324,148.696483,,,,,
A14,ARC,3BDCD,164.933324,148.696483,164.487729,151.218494,158.614607,148.880445,6.321395,358.332375,23.374783
A14,ARC,3BDCC,162.240223,150.063864,164.487729,151.218494,157.56827,161.922613,12.745865,291.502788,11.377031
A14,ARC,3C7A3,179.700731,155.982925,178.538394,156.070087,178.454562,147.158483,8.911999,81.961961,7.499068
A14,ARC,3C7A2,184.27678,153.644852,179.700731,155.982925,178.658639,148.296225,7.757017,43.592216,38.68722
A14,ARC,3C7A1,186.216336,150.687631,184.27678,153.644852,176.973614,146.740256,10.050357,23.126327,20.26678
A14,ARC,3C7A0,187.21124,147.074338,186.216336,150.687631,173.615668,145.274476,13.714193,7.541299,15.70671
A14,LINE,3BDCA,178.538394,156.070087,178.455904,156.071023,,,,,
A14,ARC,3BDC9,178.455904,156.071023,178.364173,155.801296,178.454501,155.921038,0.149991,89.464103,143.506988
A14,LINE,3BDC8,178.364173,155.801296,178.39423,155.778623,,,,,
A14,ARC,3C79F,180.855414,149.202391,181.117614,148.781348,185.940698,152.077035,5.841548,209.478905,4.866483
A14,ARC,3C79E,180.397919,150.15835,180.855414,149.202391,188.354215,153.378556,8.583261,202.034995,7.078928
A14,ARC,3C79D,180.104219,150.942443,180.397919,150.15835,193.860688,155.648191,14.539068,198.884552,3.300075
A14,ARC,3C79C,179.844196,151.753099,180.104219,150.942443,202.017484,158.418299,23.153393,196.730563,2.106855
A14,ARC,3C79B,179.536372,152.827124,179.844196,151.753099,226.658094,165.751441,48.861996,195.337633,1.310139
A14,ARC,3C79A,179.536372,152.827124,179.255992,153.832756,71.540863,123.258851,111.970142,15.311868,0.534216
A14,ARC,3C799,179.255992,153.832756,179.052571,154.502354,161.416307,148.778833,18.54175,15.817248,2.162624
A14,ARC,3C798,179.052571,154.502354,178.915883,154.892969,170.405713,151.695783,9.090929,17.982233,2.608467
A14,ARC,3C797,178.915883,154.892969,178.775634,155.229324,174.28413,153.159089,4.945653,20.523212,4.222831
A14,ARC,3C796,178.775634,155.229324,178.629507,155.503159,176.447755,154.163002,2.560481,24.6109,6.949732
A14,ARC,3C795,178.629507,155.503159,178.514661,155.662539,177.508271,154.816291,1.314898,31.491635,8.568034
A14,ARC,3C794,178.514661,155.662539,178.39423,155.778623,177.943444,155.19044,0.741058,39.573079,12.960263
A14,ARC,3BDC6,181.117614,148.781348,187.10344,146.890929,185.453788,152.089443,5.453981,217.340241,70.265618
A14,LINE,3BDC5,187.10344,146.890929,187.122576,146.898922,,,,,
A14,LINE,3BDC4,187.122576,146.898922,187.213628,147.056429,,,,,
A14,LINE,3BDC3,187.213628,147.056429,187.21124,147.074338,,,,,
A14,ARC,3BDC2,168.427128,156.501376,168.868629,157.492623,158.226377,161.638727,11.42137,333.26904,5.445621
A14,ARC,3C793,180.015687,145.688817,180.01737,145.705606,175.491467,146.150732,4.54774,354.1704,0.212577
A14,ARC,3C792,180.013922,145.672435,180.015687,145.688817,179.153398,145.773483,0.866437,353.302643,1.089585
A14,ARC,3C791,180.012891,145.664411,180.013922,145.672435,179.581787,145.723834,0.435181,352.151742,1.065234
A14,ARC,3C790,180.010304,145.64872,180.012891,145.664411,179.732919,145.702514,0.282554,349.02462,3.225142
A14,ARC,3C78F,180.006705,145.633543,180.010304,145.64872,179.824897,145.684671,0.188861,344.293179,4.733237
A14,ARC,3C78E,180.000218,145.615361,180.006705,145.633543,179.873965,145.670654,0.137831,336.348995,8.031549
A14,ARC,3C78D,179.98078,145.585093,180.000218,145.615361,179.896157,145.660814,0.113555,318.177961,18.226595
A14,ARC,3C78C,179.956265,145.562278,179.98078,145.585093,179.851848,145.699058,0.17208,307.358014,11.168266
A14,ARC,3C78B,179.924837,145.543974,179.956265,145.562278,179.869246,145.67555,0.142838,292.904274,14.628437
A14,ARC,3C78A,179.865084,145.534914,179.924837,145.543974,179.877228,145.656406,0.122097,264.291813,28.65847
A14,ARC,3C789,179.143553,145.626537,179.865084,145.534914,181.095678,158.112747,12.637889,261.114168,3.297893
A14,ARC,3C788,177.551254,146.003738,179.143553,145.626537,180.653958,155.551932,10.039661,251.998326,9.349022
A14,ARC,3C787,173.756815,148.713095,177.551254,146.003738,179.874765,153.269524,7.628261,216.677412,35.588933
A14,ARC,3C786,172.573104,150.559809,173.756815,148.713095,185.079789,157.273647,14.194816,208.227792,8.862722
A14,ARC,3C785,171.886313,151.858145,172.573104,150.559809,214.592344,173.617876,47.930064,206.999916,1.755872
A14,ARC,3C784,171.886313,151.858145,171.198973,153.151669,134.062245,132.588947,42.449524,26.996238,1.977197
A14,ARC,3C783,171.198973,153.151669,170.705551,153.986556,155.526334,144.452312,17.925134,29.033189,3.100223
A14,ARC,3C782,170.705551,153.986556,170.01238,154.973123,161.167564,148.021874,11.249472,32.020243,6.143996
A14,ARC,3C781,170.01238,154.973123,168.427128,156.501376,163.948805,150.269713,7.673916,37.800113,16.49735
A14,ARC,3C780,169.860585,157.648352,168.868629,157.492623,170.77663,148.576237,9.118247,95.765822,6.312634
A14,ARC,3C77F,175.00209,156.453886,169.860585,157.648352,170.720599,149.687355,8.007315,57.676608,38.489053
A14,ARC,3C77E,177.36033,154.345583,175.00209,156.453886,169.784219,148.244388,9.727386,38.845196,18.715194
A14,ARC,3C77D,179.765069,149.36199,177.36033,154.345583,167.700238,146.61231,12.374202,12.838911,25.839696
A14,ARC,3C77C,180.01737,145.705606,179.765069,149.36199,168.867634,146.773138,11.200725,354.530884,18.832877
A14,ARC,3C77B,188.371209,169.717735,188.285349,169.499968,197.01183,166.185159,9.33485,157.763606,1.436794
A14,ARC,3C77A,188.285349,169.499968,187.865653,167.9921,196.047234,166.527201,8.311691,159.043383,10.805463
A14,ARC,3C779,187.865653,167.9921,187.787448,167.498703,200.294242,165.76923,12.625806,169.85979,2.267129
A14,ARC,3C778,187.660283,166.54794,187.787448,167.498703,131.967161,174.480803,56.255259,351.893388,0.976983
A14,ARC,3C777,187.607326,166.225998,187.660283,166.54794,177.16764,168.10858,10.60807,349.777747,1.762297
A14,ARC,3C776,187.119695,164.59608,187.607326,166.225998,180.298364,167.524755,7.423455,336.764186,13.159879
A14,ARC,3C775,186.811409,163.941941,187.119695,164.59608,178.059812,168.466155,9.85185,332.662903,4.206566
A14,ARC,3C774,186.041453,162.690529,186.811409,163.941941,179.050287,167.854549,8.691577,323.5486,9.697395
A14,ARC,3C773,183.444656,160.609868,186.041453,162.690529,180.883065,166.46771,6.393439,293.619402,30.167499
A14,ARC,3C772,182.713852,160.316411,183.444656,160.609868,179.47294,169.444047,9.685931,289.548214,4.659766
A14,ARC,3C771,181.938776,160.067043,182.713852,160.316411,177.940292,173.824222,14.326474,286.206353,3.256675
A14,ARC,3C770,181.11815,159.84444,181.938776,160.067043,174.871666,184.495991,25.430642,284.218965,1.915793
A14,ARC,3C76F,179.335129,159.410222,181.11815,159.84444,145.021949,304.18771,148.788156,283.33344,0.706683
A14,ARC,3C76E,179.192089,159.660554,179.803552,160.476824,176.159471,162.569427,4.202179,316.193138,13.940384
A14,ARC,3C76D,179.803552,160.476824,180.238824,161.428481,174.540864,163.459262,6.049035,330.459171,9.924513
A14,ARC,3C76C,180.238824,161.428481,180.603885,162.695371,169.655192,165.16425,11.223602,340.558191,6.73442
A14,ARC,3C76B,180.603885,162.695371,180.794733,163.585088,151.860684,169.32624,29.498136,347.009504,1.767524
A14,ARC,3C76A,181.070676,164.938429,180.794733,163.585088,244.356665,151.329758,64.732622,167.86423,1.222532
A14,ARC,3C769,181.287687,165.824632,181.070676,164.938429,197.48928,161.387558,16.798191,164.684143,3.112377
A14,ARC,3C768,181.644266,166.879961,181.287687,165.824632,189.962376,163.481497,8.985572,157.776938,7.107521
A14,ARC,3C767,182.145559,167.841371,181.644266,166.879961,186.92296,164.738972,5.696354,147.000698,10.922294
A14,ARC,3C766,184.021362,169.437541,182.145559,167.841371,185.735925,165.522306,4.274201,113.64961,33.491437
A14,ARC,3C765,185.052556,169.779909,184.021362,169.437541,186.313572,164.25767,5.664388,102.86307,11.007403
A14,ARC,3C764,185.975086,169.934104,185.052556,169.779909,186.797836,162.174875,7.802727,96.052742,6.872275
A14,ARC,3C763,187.038283,169.991199,185.975086,169.934104,187.073652,159.404866,10.586392,90.191427,5.764968
A14,ARC,3C762,188.253699,169.94294,187.038283,169.991199,187.0673,155.392697,14.59853,85.338526,4.77536
A14,ARC,3C761,188.263514,169.941881,188.253699,169.94294,188.24125,169.781513,0.161906,82.096036,3.494333
A14,ARC,3C760,188.374649,169.862801,188.263514,169.941881,188.244552,169.7976,0.145522,26.618764,55.893776
A14,ARC,3C75F,188.389667,169.790984,188.374649,169.862801,188.256086,169.80053,0.133921,355.91252,31.796847
A14,ARC,3C75E,188.386763,169.768168,188.389667,169.790984,188.211761,169.802036,0.178249,349.046807,7.398181
A14,ARC,3C75D,188.381065,169.745264,188.386763,169.768168,188.162822,169.811717,0.228136,343.064838,5.930297
A14,ARC,3C75C,188.371209,169.717735,188.381065,169.745264,188.083982,169.836096,0.310658,337.604348,5.394826
A14,ARC,3BDB8,179.192089,159.660554,179.335129,159.410222,179.29931,159.555788,0.149908,135.663205,148.160819
A14,ARC,3C75B,174.450702,164.511761,174.171099,163.480958,192.104063,159.170017,18.443845,163.164668,3.318362
A14,ARC,3C75A,174.822308,165.582806,174.450702,164.511761,186.830593,160.816456,12.919636,158.350793,5.029235
A14,ARC,3C759,175.217728,166.439932,174.822308,165.582806,182.622869,162.503934,8.386191,152.008357,6.45255
A14,ARC,3C758,175.636158,167.11282,175.217728,166.439932,180.263588,163.768741,5.709288,144.145696,7.958332
A14,ARC,3C757,177.421941,168.512879,175.636158,167.11282,178.907261,164.779431,4.018061,111.694707,32.803734
A14,ARC,3C756,177.834637,168.676161,177.421941,168.512879,180.887752,160.356184,8.862478,110.151215,2.869609
A14,ARC,3C755,178.475785,168.904203,177.834637,168.676161,191.328516,131.752998,39.311636,109.083436,0.991819
A14,ARC,3C754,178.475785,168.904203,178.917355,169.06714,173.168569,183.966958,15.970383,289.409414,1.688659
A14,ARC,3C753,178.917355,169.06714,179.369758,169.256533,175.743369,177.283856,8.80844,291.120753,3.190593
A14,ARC,3C752,179.369758,169.256533,180.305419,169.775474,176.752272,175.078888,6.383655,294.206683,9.614366
A14,ARC,3C751,180.570321,169.647969,180.454618,169.279509,186.503342,167.5825,6.282269,160.805406,3.522783
A14,ARC,3C750,180.454618,169.279509,180.198694,168.061991,190.684773,166.493459,10.602743,164.765694,6.726945
A14,ARC,3C74F,180.198694,168.061991,180.077938,167.17798,204.763119,164.256247,24.857487,171.193235,2.056652
A14,ARC,3C74E,179.862036,165.312379,180.077938,167.17798,-120.224691,200.986046,302.199693,353.220616,0.356071
A14,ARC,3C74D,179.725087,164.364574,179.862036,165.312379,155.234445,168.387042,24.81878,350.672725,2.210929
A14,ARC,3C74C,179.592543,163.661014,179.725087,164.364574,164.387929,166.889684,15.543636,348.011432,2.639263
A14,ARC,3C74B,179.212533,162.303531,179.592543,163.661014,169.507917,165.752143,10.299151,340.436927,7.848345
A14,ARC,3C74A,178.736897,161.256725,179.212533,162.303531,172.784708,164.592676,6.823278,330.73121,9.666423
A14,ARC,3C749,177.379421,159.676756,178.736897,161.256725,174.246685,163.741479,5.131862,307.621919,23.419208
A14,ARC,3C748,175.749958,158.821833,177.379421,159.676756,173.952684,164.227714,5.696819,288.39023,18.588435
A14,ARC,3C747,174.545575,158.518924,175.749958,158.821833,173.228883,166.299968,7.891662,279.604488,9.025815
A14,ARC,3C746,173.495866,158.393267,174.545575,158.518924,172.754258,169.035822,10.668363,273.986113,5.68017
A14,ARC,3C745,172.310854,158.362549,173.495866,158.393267,172.541649,172.331886,13.971243,269.053472,4.8628
A14,ARC,3C744,172.164322,158.492042,172.310854,158.362549,172.312164,158.511685,0.149142,187.568243,81.928577
A14,LINE,3C743,172.164322,158.492042,172.164322,158.492042,,,,,
A14,ARC,3C742,172.163573,158.498931,172.164322,158.492042,172.275907,158.507647,0.112671,184.436409,3.524584
A14,ARC,3C741,172.165458,158.52726,172.163573,158.498931,172.25873,158.506827,0.095483,167.643472,17.099974
A14,ARC,3C740,172.177619,158.557134,172.165458,158.52726,172.263394,158.504806,0.100477,148.614241,18.472303
A14,ARC,3C73F,172.195721,158.581308,172.177619,158.557134,172.313011,158.474612,0.158559,137.707937,10.92961
A14,ARC,3C73E,172.208833,158.595086,172.195721,158.581308,172.430822,158.370711,0.315632,134.693776,3.453089
A14,ARC,3C73D,172.223038,158.608709,172.208833,158.595086,172.702259,158.094801,0.702677,132.999655,1.604894
A14,ARC,3C73C,172.223038,158.608709,172.242839,158.627184,168.786525,162.311952,5.052091,312.860511,0.307133
A14,ARC,3C73B,172.242839,158.627184,172.257707,158.641686,171.855583,159.039079,0.565354,313.234054,2.104958
A14,ARC,3C73A,172.257707,158.641686,172.272049,158.657096,172.019023,158.878204,0.336023,315.261064,3.590103
A14,ARC,3C739,172.272049,158.657096,172.354416,158.752981,166.293167,163.876322,7.936457,318.880879,0.912571
A14,ARC,3C738,172.354416,158.752981,172.571312,159.023691,168.005183,162.459894,5.714633,319.558577,3.478433
A14,ARC,3C737,172.571312,159.023691,172.95001,159.643988,169.716482,161.192341,3.585122,322.778154,11.634728
A14,ARC,3C736,172.95001,159.643988,173.125368,160.061308,168.448202,161.781154,4.983347,334.604661,5.206298
A14,ARC,3C735,173.125368,160.061308,173.25593,160.437713,163.663777,163.554059,10.085683,339.738353,2.263451
A14,ARC,3C734,173.25593,160.437713,173.448255,161.059141,148.444441,168.457065,26.075275,342.088584,1.429415
A14,ARC,3C733,173.448255,161.059141,173.825262,162.336115,-366.060291,321.034838,562.727016,343.483796,0.135567
A14,ARC,3C732,174.171099,163.480958,173.825262,162.336115,291.814799,127.318148,123.076354,162.912956,0.556748
A14,ARC,3BDB2,180.570321,169.647969,180.305419,169.775474,180.425129,169.685252,0.149902,345.598148,157.397568
A22-2,LINE,3BDB1,124.463954,171.812372,123.171308,171.812372,,,,,
A22-2,LINE,3BDB0,129.376831,171.812372,124.813954,171.812372,,,,,
A22-2,LINE,3BDAF,131.027512,171.812372,129.726831,171.812372,,,,,
A22-2,ARC,3BDAE,129.377935,181.301122,128.527512,180.312372,129.527512,180.312372,1,98.602445,81.397555
A22-2,ARC,3BDAA,130.527512,180.312372,129.67709,181.301122,129.527512,180.312372,1,0,81.397555
A22-2,ARC,3BDA9,124.521731,181.301122,123.671308,180.312372,124.671308,180.312372,1,98.602445,81.397555
A22-2,ARC,3BDA8,125.671308,180.312372,124.820886,181.301122,124.671308,180.312372,1,0,81.397555
A22-2,LINE,3BDA7,122.171308,172.812372,122.171308,173.312372,,,,,
A22-2,LINE,3BDA6,122.171308,173.312372,123.671308,173.312372,,,,,
A22-2,LINE,3BDA5,123.671308,173.312372,123.671308,180.312372,,,,,
A22-2,LINE,3BDA4,125.671308,180.312372,125.671308,173.312372,,,,,
A22-2,LINE,3BDA3,125.671308,173.312372,128.527512,173.312372,,,,,
A22-2,LINE,3BDA2,128.527512,173.312372,128.527512,180.312372,,,,,
A22-2,LINE,3BDA1,130.527512,180.312372,130.527512,173.312372,,,,,
A22-2,LINE,3BDA0,130.527512,173.312372,132.027512,173.312372,,,,,
A22-2,LINE,3BD9F,132.027512,173.312372,132.027512,172.812372,,,,,
A22-2,ARC,3BD9E,131.027512,171.812372,132.027512,172.812372,131.027512,172.812372,1,270,90
A22-2,ARC,3BD9D,122.171308,172.812372,123.171308,171.812372,123.171308,172.812372,1,180,90
A22-1,LINE,3BD9C,113.607547,171.812372,112.314901,171.812372,,,,,
A22-1,LINE,3BD9B,118.520424,171.812372,113.957547,171.812372,,,,,
A22-1,LINE,3BD9A,120.171105,171.812372,118.870424,171.812372,,,,,
A22-1,ARC,3BD99,118.521528,181.301122,117.671105,180.312372,118.671105,180.312372,1,98.602445,81.397555
A22-1,ARC,3BD95,119.671105,180.312372,118.820683,181.301122,118.671105,180.312372,1,0,81.397555
A22-1,ARC,3BD94,113.665324,181.301122,112.814901,180.312372,113.814901,180.312372,1,98.602445,81.397555
A22-1,ARC,3BD93,114.814901,180.312372,113.964479,181.301122,113.814901,180.312372,1,0,81.397555
A22-1,LINE,3BD92,111.314901,172.812372,111.314901,173.312372,,,,,
A22-1,LINE,3BD91,111.314901,173.312372,112.814901,173.312372,,,,,
A22-1,LINE,3BD90,112.814901,173.312372,112.814901,180.312372,,,,,
A22-1,LINE,3BD8F,114.814901,180.312372,114.814901,173.312372,,,,,
A22-1,LINE,3BD8E,114.814901,173.312372,117.671105,173.312372,,,,,
A22-1,LINE,3BD8D,117.671105,173.312372,117.671105,180.312372,,,,,
A22-1,LINE,3BD8C,119.671105,180.312372,119.671105,173.312372,,,,,
A22-1,LINE,3BD8B,119.671105,173.312372,121.171105,173.312372,,,,,
A22-1,LINE,3BD8A,121.171105,173.312372,121.171105,172.812372,,,,,
A22-1,ARC,3BD89,120.171105,171.812372,121.171105,172.812372,120.171105,172.812372,1,270,90
A22-1,ARC,3BD88,111.314901,172.812372,112.314901,171.812372,112.314901,172.812372,1,180,90
A24-1,ARC,3BD87,84.70393,194.014147,84.508849,193.420763,85.508849,193.420763,1,143.602445,36.397555
A24-1,ARC,3BD85,87.383787,178.337928,88.108849,179.220763,87.208849,179.220763,0.9,281.208234,78.791766
A24-1,LINE,3BD84,88.108849,179.220763,88.108849,194.420763,,,,,
A24-1,LINE,3BD83,86.008849,192.920763,86.008849,183.620763,,,,,
A24-1,ARC,3BD82,86.308849,179.220763,87.033911,178.337928,87.208849,179.220763,0.9,180,78.791766
A24-1,LINE,3BD81,86.308849,183.620763,86.308849,179.220763,,,,,
A24-1,LINE,3BD80,86.008849,183.620763,86.308849,183.620763,,,,,
A24-1,LINE,3BD7F,86.808849,194.420763,85.508849,194.420763,,,,,
A24-1,ARC,3BD7E,85.508849,194.420763,84.915465,194.225682,85.508849,193.420763,1,90,36.397555
A24-1,LINE,3BD7D,88.108849,194.420763,87.108849,194.420763,,,,,
A24-1,LINE,3BD7C,84.508849,192.920763,86.008849,192.920763,,,,,
A24-1,LINE,3BD7B,84.508849,193.420763,84.508849,192.920763,,,,,
A24-2,ARC,3BD7A,93.513768,179.127378,93.708849,179.720763,92.708849,179.720763,1,323.602445,36.397555
A24-2,ARC,3BD78,90.833911,194.803597,90.108849,193.920763,91.008849,193.920763,0.9,101.208234,78.791766
A24-2,LINE,3BD77,90.108849,193.920763,90.108849,178.720763,,,,,
A24-2,LINE,3BD76,92.208849,180.220763,92.208849,189.520763,,,,,
A24-2,ARC,3BD75,91.908849,193.920763,91.183787,194.803597,91.008849,193.920763,0.9,0,78.791766
A24-2,LINE,3BD74,91.908849,189.520763,91.908849,193.920763,,,,,
A24-2,LINE,3BD73,92.208849,189.520763,91.908849,189.520763,,,,,
A24-2,LINE,3BD72,91.408849,178.720763,92.708849,178.720763,,,,,
A24-2,ARC,3BD71,92.708849,178.720763,93.302234,178.915844,92.708849,179.720763,1,270,36.397555
A24-2,LINE,3BD70,90.108849,178.720763,91.108849,178.720763,,,,,
A24-2,LINE,3BD6F,93.708849,180.220763,92.208849,180.220763,,,,,
A24-2,LINE,3BD6E,93.708849,179.720763,93.708849,180.220763,,,,,
A16,ARC,3BD6D,166.175176,71.043513,153.916581,83.302109,153.766583,70.893516,12.4095,0.692568,88.614864
A16,ARC,3BD6C,141.35799,70.743519,153.616586,58.484923,153.766583,70.893516,12.4095,180.692568,88.614864
A16,ARC,3BD6B,153.616586,83.302109,141.35799,71.043513,153.766583,70.893516,12.4095,90.692568,88.614864
A16,ARC,3BD6A,153.916581,58.484923,166.175176,70.743519,153.766583,70.893516,12.4095,270.692568,88.614864
A16,CIRCLE,3BD67,,,,,153.766583,70.893516,1,,
A16,ARC,3BD66,151.921511,68.527992,156.720375,70.369003,153.766583,70.893516,3,232.046316,117.884471
A16,ARC,3BD65,151.921511,68.527992,143.325426,68.747083,147.472879,62.729154,7.308683,52.506054,72.067882
A16,ARC,3BD64,143.325426,68.747083,164.42593,70.836398,153.766583,70.893516,10.6595,191.616695,168.076288
A16,ARC,3BD63,156.720375,70.369003,164.42593,70.836398,160.060288,79.057878,9.308683,248.973764,48.994734
A16,ARC,3BD62,164.20774,73.039949,143.107237,70.950634,153.766583,70.893516,10.6595,11.616695,168.076288
A16,ARC,3BD61,150.812792,71.418029,143.107237,70.950634,147.472879,62.729154,9.308683,68.973764,48.994734
A16,ARC,3BD60,155.611656,73.259041,150.812792,71.418029,153.766583,70.893516,3,52.046316,117.884471
A16,ARC,3BD5F,155.611656,73.259041,164.20774,73.039949,160.060288,79.057878,7.308683,232.506054,72.067882
A5-1,ARC,3BD5C,4.85628,156.418882,6.868722,157.194065,4.856173,159.418989,3.000107,270.002043,42.128792
A5-1,ARC,3BD5B,7.856281,177.418549,7.080974,179.431162,4.856305,177.418526,2.999976,0.000449,42.13489
A5-1,ARC,3BD5A,3.356281,172.418629,2.934511,168.568691,22.085833,168.418691,19.15191,167.944844,11.606404
A5-1,ARC,3BD59,2.35628,164.418755,1.35628,163.418771,2.356272,163.418763,0.999992,89.999543,90
A5-1,LINE,3BD58,2.35628,164.418755,3.35628,164.418755,,,,,
A5-1,ARC,3BD57,2.934511,168.268693,3.35628,164.418755,22.085833,168.418691,19.15191,180.448745,11.606404
A5-1,LINE,3BD56,3.356281,172.418629,2.356281,172.418629,,,,,
A5-1,ARC,3BD55,1.356281,173.418613,2.356281,172.418629,2.356273,173.418621,0.999992,180.000449,90
A5-1,LINE,3BD54,1.356281,173.418613,1.356281,174.568597,,,,,
A5-1,LINE,3BD53,1.356281,174.568597,4.856281,174.418597,,,,,
A5-1,LINE,3BD52,4.856281,174.418597,4.856281,178.418534,,,,,
A5-1,LINE,3BD51,4.856281,178.418534,0.856281,178.268534,,,,,
A5-1,LINE,3BD50,0.856281,178.268534,0.856281,179.418518,,,,,
A5-1,ARC,3BD4F,1.856281,180.418502,0.856281,179.418518,1.856273,179.41851,0.999992,89.999543,90
A5-1,ARC,3BD4E,1.856281,180.418502,4.856281,180.418502,3.356281,182.048954,2.215485,227.386241,85.227511
A5-1,ARC,3BD4D,6.868907,179.643226,4.856281,180.418502,4.856305,177.418526,2.999976,47.86556,42.13489
A5-1,LINE,3BD4C,7.856281,177.418549,6.98276,174.472837,,,,,
A5-1,ARC,3BD4B,6.992165,162.42071,6.98276,174.472837,-7.481858,168.435481,15.674018,337.434364,45.2207
A5-1,LINE,3BD4A,6.992165,162.42071,7.85628,159.418444,,,,,
A5-1,ARC,3BD49,7.080804,157.406115,7.85628,159.418444,4.856173,159.418989,3.000107,317.860805,42.128792
A5-1,ARC,3BD48,4.85628,156.418882,1.85628,156.418882,3.35628,154.78843,2.215485,47.386241,85.227511
A5-1,ARC,3BD47,0.85628,157.418866,1.85628,156.418882,1.856272,157.418874,0.999992,180.000449,90
A5-1,LINE,3BD46,0.85628,157.418866,0.85628,158.56885,,,,,
A5-1,LINE,3BD45,0.85628,158.56885,4.85628,158.41885,,,,,
A5-1,LINE,3BD44,4.85628,158.41885,4.85628,162.418787,,,,,
A5-1,LINE,3BD43,4.85628,162.418787,1.35628,162.268787,,,,,
A5-1,LINE,3BD42,1.35628,162.268787,1.35628,163.418771,,,,,
A5-1,ARC,3BD41,6.392319,164.116297,6.383497,172.728554,-5.784655,168.409957,12.911785,340.5771,38.963174
A5-1,LINE,3BD40,6.383497,172.728554,6.16149,172.728013,,,,,
A5-1,ARC,3BD3F,6.16149,172.728013,6.178169,164.115775,52.315661,168.511265,46.346396,174.779822,10.662286
A5-1,LINE,3BD3E,6.178169,164.115775,6.392319,164.116297,,,,,
A5-2,ARC,3BD3B,2.985319,218.064199,4.997761,217.289016,4.997868,220.289124,3.000107,227.869165,42.128792
A5-2,ARC,3BD3A,2.773067,240.301297,1.99776,238.288684,4.997736,238.288661,2.999976,137.864661,42.13489
A5-2,ARC,3BD39,6.91953,229.438826,6.49776,233.288763,-12.231792,229.288826,19.15191,0.448752,11.606404
A5-2,ARC,3BD38,8.497761,224.288906,7.497761,225.28889,7.497769,224.288898,0.999992,0.000457,90
A5-2,LINE,3BD37,7.497761,225.28889,6.497761,225.28889,,,,,
A5-2,ARC,3BD36,6.497761,225.28889,6.91953,229.138828,-12.231792,229.288826,19.15191,347.944851,11.606404
A5-2,LINE,3BD35,6.49776,233.288763,7.49776,233.288763,,,,,
A5-2,ARC,3BD34,7.49776,233.288763,8.49776,234.288748,7.497768,234.288756,0.999992,269.999551,90
A5-2,LINE,3BD33,8.49776,234.288748,8.49776,235.438732,,,,,
A5-2,LINE,3BD32,8.49776,235.438732,4.99776,235.288732,,,,,
A5-2,LINE,3BD31,4.99776,235.288732,4.99776,239.288668,,,,,
A5-2,LINE,3BD30,4.99776,239.288668,8.99776,239.138669,,,,,
A5-2,LINE,3BD2F,8.99776,239.138669,8.99776,240.288653,,,,,
A5-2,ARC,3BD2E,8.99776,240.288653,7.99776,241.288637,7.997768,240.288645,0.999992,0.000457,90
A5-2,ARC,3BD2D,4.99776,241.288637,7.99776,241.288637,6.49776,242.919089,2.215485,227.386248,85.227511
A5-2,ARC,3BD2C,4.99776,241.288637,2.985135,240.513361,4.997736,238.288661,2.999976,89.999551,42.13489
A5-2,LINE,3BD2B,1.99776,238.288684,2.871282,235.342972,,,,,
A5-2,ARC,3BD2A,2.871282,235.342972,2.861876,223.290844,17.335899,229.305616,15.674018,157.344936,45.2207
A5-2,LINE,3BD29,2.861876,223.290844,1.997761,220.288579,,,,,
A5-2,ARC,3BD28,1.997761,220.288579,2.773238,218.27625,4.997868,220.289124,3.000107,180.010403,42.128792
A5-2,ARC,3BD27,7.997761,217.289017,4.997761,217.289016,6.497761,215.658565,2.215485,47.386248,85.227511
A5-2,ARC,3BD26,7.997761,217.289017,8.997761,218.289001,7.997769,218.289009,0.999992,269.999551,90
A5-2,LINE,3BD25,8.997761,218.289001,8.997761,219.438985,,,,,
A5-2,LINE,3BD24,8.997761,219.438985,4.997761,219.288985,,,,,
A5-2,LINE,3BD23,4.997761,219.288985,4.997761,223.288921,,,,,
A5-2,LINE,3BD22,4.997761,223.288921,8.497761,223.138922,,,,,
A5-2,LINE,3BD21,8.497761,223.138922,8.497761,224.288906,,,,,
A5-2,ARC,3BD20,3.470544,233.598689,3.461723,224.986432,15.638696,229.280092,12.911785,160.459726,38.963174
A5-2,LINE,3BD1F,3.470544,233.598689,3.692551,233.598148,,,,,
A5-2,ARC,3BD1E,3.675872,224.98591,3.692551,233.598148,-42.46162,229.3814,46.346396,354.557892,10.662286
A5-2,LINE,3BD1D,3.675872,224.98591,3.461723,224.986432,,,,,
A1,LINE,3BD1C,27.998409,7.885996,30.998409,7.885996,,,,,
A1,LINE,3BD1B,30.998409,7.885996,30.998409,12.883783,,,,,
A1,LINE,3BD1A,30.998409,12.883783,27.998409,12.883783,,,,,
A1,LINE,3BD19,27.998409,12.883783,27.998409,7.885996,,,,,
A1,LINE,3BD18,6.998409,7.885996,9.998409,7.885996,,,,,
A1,LINE,3BD17,9.998409,7.885996,9.998409,12.883783,,,,,
A1,LINE,3BD16,9.998409,12.883783,6.998409,12.883783,,,,,
A1,LINE,3BD15,6.998409,12.883783,6.998409,7.885996,,,,,
A1,LINE,3BD14,27.998409,35.883807,30.998409,35.883807,,,,,
A1,LINE,3BD13,30.998409,35.883807,30.998409,38.881594,,,,,
A1,LINE,3BD12,30.998409,38.881594,27.998409,38.881594,,,,,
A1,LINE,3BD11,27.998409,38.881594,27.998409,35.883807,,,,,
A1,LINE,3BD10,6.998409,35.883807,9.998409,35.883807,,,,,
A1,LINE,3BD0F,9.998409,35.883807,9.998409,38.881594,,,,,
A1,LINE,3BD0E,9.998409,38.881594,6.998409,38.881594,,,,,
A1,LINE,3BD0D,6.998409,38.881594,6.998409,35.883807,,,,,
A1,ARC,3BD0C,5.498409,43.767665,1.498409,39.767665,5.498409,39.767665,4,89.999999,90
A1,LINE,3BD0B,19.148409,43.767665,32.498409,43.767665,,,,,
A1,LINE,3BD0A,5.498409,43.767665,18.848409,43.767665,,,,,
A1,ARC,3BD09,36.498409,39.767665,32.498409,43.767665,32.498409,39.767665,4,0.000001,90
A1,LINE,3BD08,36.498409,23.208833,36.498409,7,,,,,
A1,LINE,3BD07,36.498409,39.767665,36.498409,23.558833,,,,,
A1,ARC,3BD06,32.498409,3,36.498409,7,32.498409,7,4,269.999999,90
A1,LINE,3BD05,18.848409,3,5.498409,3,,,,,
A1,LINE,3BD04,32.498409,3,19.148409,3,,,,,
A1,ARC,3BD03,1.498409,7,5.498409,3,5.498409,7,4,180.000001,90
A1,LINE,3BD02,1.498409,23.558833,1.498409,39.767665,,,,,
A1,LINE,3BD01,1.498409,7,1.498409,23.208833,,,,,
A18-3,ARC,3BD00,205.861591,56.46056,205.261591,55.86056,205.861591,55.86056,0.6,90,90
A18-3,ARC,3BCFF,208.13,55.86056,207.53,56.46056,207.53,55.86056,0.6,360,90
A18-3,ARC,3BCFE,207.53,36.46056,208.13,37.06056,207.53,37.06056,0.6,270,90
A18-3,ARC,3BCFD,205.261591,37.06056,205.861591,36.46056,205.861591,37.06056,0.6,180,90
A18-3,ARC,3BCFC,179.64224,53.86056,179.04224,54.46056,179.04224,53.86056,0.6,360,90
A18-3,ARC,3BCFB,177.340058,54.46056,176.740079,53.855535,177.340058,53.86056,0.6,90,90.479912
A18-3,ARC,3BCFA,176.740079,39.065586,177.340058,38.46056,177.340058,39.06056,0.6,179.520088,90.479912
A18-3,ARC,3BCF9,179.04224,38.46056,179.64224,39.06056,179.04224,39.06056,0.6,270,90
A18-3,ARC,3BCF8,154.883823,39.06056,155.483823,38.46056,155.483823,39.06056,0.6,180,90
A18-3,ARC,3BCF7,157.120408,38.46056,157.720407,39.061194,157.120408,39.06056,0.6,270,90.06049
A18-3,ARC,3BCF6,157.720407,53.859927,157.120408,54.46056,157.120408,53.86056,0.6,359.93951,90.06049
A18-3,ARC,3BCF5,155.483823,54.46056,154.883823,53.86056,155.483823,53.86056,0.6,90,90
A18-3,ARC,3BCF4,138.23482,54.46056,137.63495,53.873051,138.23482,53.86056,0.6,90,88.807135
A18-3,ARC,3BCF3,140.642069,53.855489,140.042091,54.46056,140.042091,53.86056,0.6,359.515747,90.484253
A18-3,ARC,3BCF2,140.042091,38.46056,140.642069,39.065631,140.042091,39.06056,0.6,270,90.484253
A18-3,ARC,3BCF1,137.63495,39.04807,138.23482,38.46056,138.23482,39.06056,0.6,181.192865,88.807135
A18-3,ARC,3BCF0,124.7053,39.06056,125.3053,38.46056,125.3053,39.06056,0.6,180,90
A18-3,ARC,3BCEF,127.111829,38.46056,127.711792,39.053909,127.111829,39.06056,0.6,270,89.364802
A18-3,ARC,3BCEE,127.711792,53.867212,127.111829,54.46056,127.111829,53.86056,0.6,0.635198,89.364802
A18-3,ARC,3BCED,125.3053,54.46056,124.7053,53.86056,125.3053,53.86056,0.6,90,90
A18-3,ARC,3BCEC,111.332587,54.46056,110.732593,53.86307,111.332587,53.86056,0.6,90,89.760375
A18-3,ARC,3BCEB,113.595908,53.86056,112.995908,54.46056,112.995908,53.86056,0.6,360,90
A18-3,ARC,3BCEA,110.732593,39.058051,111.332587,38.46056,111.332587,39.06056,0.6,180.239625,89.760375
A18-3,ARC,3BCE9,112.995908,38.46056,113.595908,39.06056,112.995908,39.06056,0.6,270,90
A18-3,ARC,3BCE8,87.758101,39.073408,88.357963,38.46056,88.357963,39.06056,0.6,178.773083,91.226917
A18-3,ARC,3BCE7,90.135864,38.46056,90.735796,39.069603,90.135864,39.06056,0.6,270,90.863518
A18-3,ARC,3BCE6,90.735796,53.851518,90.135864,54.46056,90.135864,53.86056,0.6,359.136482,90.863518
A18-3,ARC,3BCE5,88.357963,54.46056,87.758101,53.847713,88.357963,53.86056,0.6,90,91.226917
A18-3,ARC,3BCE4,63.739881,54.46056,63.139881,53.86056,63.739881,53.86056,0.6,90,90
A18-3,ARC,3BCE3,65.915283,53.86056,65.315283,54.46056,65.315283,53.86056,0.6,360,90
A18-3,ARC,3BCE2,65.315283,38.46056,65.915283,39.06056,65.315283,39.06056,0.6,270,90
A18-3,ARC,3BCE1,63.139881,39.06056,63.739881,38.46056,63.739881,39.06056,0.6,180,90
A18-3,ARC,3BCE0,40.25461,36.46056,40.854609,37.059422,40.25461,37.06056,0.6,270,89.891302
A18-3,ARC,3BCDF,38.853473,37.06056,39.453473,36.46056,39.453473,37.06056,0.6,180,90
A18-3,ARC,3BCDE,39.453473,56.46056,38.853473,55.86056,39.453473,55.86056,0.6,90,90
A18-3,ARC,3BCDD,40.854609,55.861699,40.25461,56.46056,40.25461,55.86056,0.6,0.108698,89.891302
A18-3,LINE,3BCDC,64.677582,54.46056,65.315283,54.46056,,,,,
A18-3,LINE,3BCDB,64.377582,38.46056,63.739881,38.46056,,,,,
A18-3,LINE,3BCDA,178.038626,54.46056,177.340058,54.46056,,,,,
A18-3,LINE,3BCD9,178.338626,38.46056,179.04224,38.46056,,,,,
A18-3,LINE,3BCD8,139.297184,54.46056,140.042091,54.46056,,,,,
A18-3,LINE,3BCD7,138.997184,38.46056,138.23482,38.46056,,,,,
A18-3,LINE,3BCD6,89.394975,54.46056,90.135864,54.46056,,,,,
A18-3,LINE,3BCD5,89.094975,38.46056,88.357963,38.46056,,,,,
A18-3,LINE,3BC2D,38.853473,46.61056,38.853473,55.86056,,,,,
A18-3,LINE,3BC2C,208.13,46.31056,208.13,37.06056,,,,,
A18-3,LINE,3BC2B,207.53,36.46056,205.861591,36.46056,,,,,
A18-3,LINE,3BC2A,205.261591,37.06056,205.261591,40.46056,,,,,
A18-3,LINE,3BC29,205.261591,52.46056,205.261591,55.86056,,,,,
A18-3,LINE,3BC28,205.861591,56.46056,207.53,56.46056,,,,,
A18-3,LINE,3BC27,208.13,55.86056,208.13,46.61056,,,,,
A18-3,LINE,3BC26,179.64224,40.46056,205.261591,40.46056,,,,,
A18-3,LINE,3BC25,205.261591,52.46056,179.64224,52.46056,,,,,
A18-3,LINE,3BC24,176.740079,53.855535,176.751764,52.46056,,,,,
A18-3,LINE,3BC23,176.751764,40.46056,176.740079,39.065586,,,,,
A18-3,LINE,3BC22,177.340058,38.46056,178.038626,38.46056,,,,,
A18-3,LINE,3BC21,179.64224,39.06056,179.64224,40.46056,,,,,
A18-3,LINE,3BC20,179.64224,52.46056,179.64224,53.86056,,,,,
A18-3,LINE,3BC1F,179.04224,54.46056,178.338626,54.46056,,,,,
A18-3,LINE,3BC1E,157.71893,40.46056,176.751764,40.46056,,,,,
A18-3,LINE,3BC1D,176.751764,52.46056,157.71893,52.46056,,,,,
A18-3,LINE,3BC1C,157.120408,38.46056,155.483823,38.46056,,,,,
A18-3,LINE,3BC1B,154.883823,39.06056,154.883823,40.46056,,,,,
A18-3,LINE,3BC1A,154.883823,52.46056,154.883823,53.86056,,,,,
A18-3,LINE,3BC19,155.483823,54.46056,157.120408,54.46056,,,,,
A18-3,LINE,3BC18,157.720407,53.859927,157.71893,52.46056,,,,,
A18-3,LINE,3BC17,157.71893,40.46056,157.720407,39.061194,,,,,
A18-3,LINE,3BC16,140.630279,40.46056,154.883823,40.46056,,,,,
A18-3,LINE,3BC15,154.883823,52.46056,140.630279,52.46056,,,,,
A18-3,LINE,3BC14,137.605539,52.46056,137.63495,53.873051,,,,,
A18-3,LINE,3BC13,138.23482,54.46056,138.997184,54.46056,,,,,
A18-3,LINE,3BC12,140.642069,53.855489,140.630279,52.46056,,,,,
A18-3,LINE,3BC11,140.630279,40.46056,140.642069,39.065631,,,,,
A18-3,LINE,3BC10,140.042091,38.46056,139.297184,38.46056,,,,,
A18-3,LINE,3BC0F,137.63495,39.04807,137.605539,40.46056,,,,,
A18-3,LINE,3BC0E,127.727388,40.46056,137.605539,40.46056,,,,,
A18-3,LINE,3BC0D,137.605539,52.46056,127.727388,52.46056,,,,,
A18-3,LINE,3BC0C,124.7053,39.06056,124.7053,40.46056,,,,,
A18-3,LINE,3BC0B,124.7053,52.46056,124.7053,53.86056,,,,,
A18-3,LINE,3BC0A,125.3053,54.46056,127.111829,54.46056,,,,,
A18-3,LINE,3BC09,127.711792,53.867212,127.727388,52.46056,,,,,
A18-3,LINE,3BC08,127.727388,40.46056,127.711792,39.053909,,,,,
A18-3,LINE,3BC07,127.111829,38.46056,125.3053,38.46056,,,,,
A18-3,LINE,3BC06,124.7053,40.46056,124.460868,40.46056,,,,,
A18-3,LINE,3BC05,120.080088,40.46056,124.460868,40.46056,,,,,
A18-3,LINE,3BC04,124.7053,52.46056,113.595908,52.46056,,,,,
A18-3,LINE,3BC03,113.595908,40.46056,120.080088,40.46056,,,,,
A18-3,LINE,3BC02,110.732593,53.86307,110.726727,52.46056,,,,,
A18-3,LINE,3BC01,110.726727,40.46056,110.732593,39.058051,,,,,
A18-3,LINE,3BC00,111.332587,38.46056,112.995908,38.46056,,,,,
A18-3,LINE,3BBFF,113.595908,39.06056,113.595908,40.46056,,,,,
A18-3,LINE,3BBFE,113.595908,52.46056,113.595908,53.86056,,,,,
A18-3,LINE,3BBFD,112.995908,54.46056,111.332587,54.46056,,,,,
A18-3,LINE,3BBFC,90.714831,40.46056,110.726727,40.46056,,,,,
A18-3,LINE,3BBFB,110.726727,52.46056,90.714831,52.46056,,,,,
A18-3,LINE,3BBFA,87.78781,52.46056,87.758101,53.847713,,,,,
A18-3,LINE,3BBF9,88.357963,54.46056,89.094975,54.46056,,,,,
A18-3,LINE,3BBF8,90.735796,53.851518,90.714831,52.46056,,,,,
A18-3,LINE,3BBF7,90.714831,40.46056,90.735796,39.069603,,,,,
A18-3,LINE,3BBF6,90.135864,38.46056,89.394975,38.46056,,,,,
A18-3,LINE,3BBF5,87.758101,39.073408,87.78781,40.46056,,,,,
A18-3,LINE,3BBF4,87.78781,52.46056,65.915283,52.46056,,,,,
A18-3,LINE,3BBF3,65.915283,40.46056,87.78781,40.46056,,,,,
A18-3,LINE,3BBF2,63.739881,54.46056,64.377582,54.46056,,,,,
A18-3,LINE,3BBF1,65.915283,53.86056,65.915283,52.46056,,,,,
A18-3,LINE,3BBF0,65.915283,40.46056,65.915283,39.06056,,,,,
A18-3,LINE,3BBEF,65.315283,38.46056,64.677582,38.46056,,,,,
A18-3,LINE,3BBEE,63.139881,39.06056,63.139881,40.46056,,,,,
A18-3,LINE,3BBED,63.139881,52.46056,63.139881,53.86056,,,,,
A18-3,LINE,3BBEC,38.853473,37.06056,38.853473,46.31056,,,,,
A18-3,LINE,3BBEB,39.453473,56.46056,40.25461,56.46056,,,,,
A18-3,LINE,3BBEA,40.854609,55.861699,40.861061,52.46056,,,,,
A18-3,LINE,3BBE9,40.861061,40.46056,40.854609,37.059422,,,,,
A18-3,LINE,3BBE8,40.25461,36.46056,39.453473,36.46056,,,,,
A18-3,LINE,3BBE7,40.861061,40.46056,63.139881,40.46056,,,,,
A18-3,LINE,3BBE6,63.139881,52.46056,40.861061,52.46056,,,,,
A18-2,ARC,3BBE5,212.73,39,212.13,38.4,212.73,38.4,0.6,90,90
A18-2,ARC,3BBE4,214.998409,38.4,214.398409,39,214.398409,38.4,0.6,360,90
A18-2,ARC,3BBE3,214.398409,19,214.998409,19.6,214.398409,19.6,0.6,270,90
A18-2,ARC,3BBE2,212.13,19.6,212.73,19,212.73,19.6,0.6,180,90
A18-2,ARC,3BBE1,186.510649,36.4,185.910649,37,185.910649,36.4,0.6,360,90
A18-2,ARC,3BBE0,184.208467,37,183.608488,36.394974,184.208467,36.4,0.6,90,90.479912
A18-2,ARC,3BBDF,183.608488,21.605026,184.208467,21,184.208467,21.6,0.6,179.520088,90.479912
A18-2,ARC,3BBDE,185.910649,21,186.510649,21.6,185.910649,21.6,0.6,270,90
A18-2,ARC,3BBDD,161.752232,21.6,162.352232,21,162.352232,21.6,0.6,180,90
A18-2,ARC,3BBDC,163.988816,21,164.588816,21.600633,163.988816,21.6,0.6,270,90.06049
A18-2,ARC,3BBDB,164.588816,36.399367,163.988816,37,163.988816,36.4,0.6,359.93951,90.06049
A18-2,ARC,3BBDA,162.352232,37,161.752232,36.4,162.352232,36.4,0.6,90,90
A18-2,ARC,3BBD9,145.103229,37,144.503359,36.412491,145.103229,36.4,0.6,90,88.807135
A18-2,ARC,3BBD8,147.510478,36.394929,146.910499,37,146.910499,36.4,0.6,359.515747,90.484253
A18-2,ARC,3BBD7,146.910499,21,147.510478,21.605071,146.910499,21.6,0.6,270,90.484253
A18-2,ARC,3BBD6,144.503359,21.587509,145.103229,21,145.103229,21.6,0.6,181.192865,88.807135
A18-2,ARC,3BBD5,131.573708,21.6,132.173708,21,132.173708,21.6,0.6,180,90
A18-2,ARC,3BBD4,133.980238,21,134.580201,21.593348,133.980238,21.6,0.6,270,89.364802
A18-2,ARC,3BBD3,134.580201,36.406652,133.980238,37,133.980238,36.4,0.6,0.635198,89.364802
A18-2,ARC,3BBD2,132.173708,37,131.573708,36.4,132.173708,36.4,0.6,90,90
A18-2,ARC,3BBD1,118.200996,37,117.601001,36.402509,118.200996,36.4,0.6,90,89.760375
A18-2,ARC,3BBD0,120.464317,36.4,119.864317,37,119.864317,36.4,0.6,360,90
A18-2,ARC,3BBCF,117.601001,21.597491,118.200996,21,118.200996,21.6,0.6,180.239625,89.760375
A18-2,ARC,3BBCE,119.864317,21,120.464317,21.6,119.864317,21.6,0.6,270,90
A18-2,ARC,3BBCD,94.62651,21.612847,95.226372,21,95.226372,21.6,0.6,178.773083,91.226917
A18-2,ARC,3BBCC,97.004272,21,97.604204,21.609042,97.004272,21.6,0.6,270,90.863518
A18-2,ARC,3BBCB,97.604204,36.390958,97.004272,37,97.004272,36.4,0.6,359.136482,90.863518
A18-2,ARC,3BBCA,95.226372,37,94.62651,36.387153,95.226372,36.4,0.6,90,91.226917
A18-2,ARC,3BBC9,70.60829,37,70.00829,36.4,70.60829,36.4,0.6,90,90
A18-2,ARC,3BBC8,72.783692,36.4,72.183692,37,72.183692,36.4,0.6,360,90
A18-2,ARC,3BBC7,72.183692,21,72.783692,21.6,72.183692,21.6,0.6,270,90
A18-2,ARC,3BBC6,70.00829,21.6,70.60829,21,70.60829,21.6,0.6,180,90
A18-2,ARC,3BBC5,47.123019,19,47.723017,19.598862,47.123019,19.6,0.6,270,89.891302
A18-2,ARC,3BBC4,45.721881,19.6,46.321881,19,46.321881,19.6,0.6,180,90
A18-2,ARC,3BBC3,46.321881,39,45.721881,38.4,46.321881,38.4,0.6,90,90
A18-2,ARC,3BBC2,47.723017,38.401138,47.123019,39,47.123019,38.4,0.6,0.108698,89.891302
A18-2,LINE,3BBC1,71.545991,37,72.183692,37,,,,,
A18-2,LINE,3BBC0,71.245991,21,70.60829,21,,,,,
A18-2,LINE,3BBBF,184.907035,37,184.208467,37,,,,,
A18-2,LINE,3BBBE,185.207035,21,185.910649,21,,,,,
A18-2,LINE,3BBBD,146.165592,37,146.910499,37,,,,,
A18-2,LINE,3BBBC,145.865592,21,145.103229,21,,,,,
A18-2,LINE,3BBBB,96.263384,37,97.004272,37,,,,,
A18-2,LINE,3BBBA,95.963384,21,95.226372,21,,,,,
A18-2,LINE,3BB12,45.721881,29.15,45.721881,38.4,,,,,
A18-2,LINE,3BB11,214.998409,28.85,214.998409,19.6,,,,,
A18-2,LINE,3BB10,214.398409,19,212.73,19,,,,,
A18-2,LINE,3BB0F,212.13,19.6,212.13,23,,,,,
A18-2,LINE,3BB0E,212.13,35,212.13,38.4,,,,,
A18-2,LINE,3BB0D,212.73,39,214.398409,39,,,,,
A18-2,LINE,3BB0C,214.998409,38.4,214.998409,29.15,,,,,
A18-2,LINE,3BB0B,186.510649,23,212.13,23,,,,,
A18-2,LINE,3BB0A,212.13,35,186.510649,35,,,,,
A18-2,LINE,3BB09,183.608488,36.394974,183.620173,35,,,,,
A18-2,LINE,3BB08,183.620173,23,183.608488,21.605026,,,,,
A18-2,LINE,3BB07,184.208467,21,184.907035,21,,,,,
A18-2,LINE,3BB06,186.510649,21.6,186.510649,23,,,,,
A18-2,LINE,3BB05,186.510649,35,186.510649,36.4,,,,,
A18-2,LINE,3BB04,185.910649,37,185.207035,37,,,,,
A18-2,LINE,3BB03,164.587339,23,183.620173,23,,,,,
A18-2,LINE,3BB02,183.620173,35,164.587339,35,,,,,
A18-2,LINE,3BB01,163.988816,21,162.352232,21,,,,,
A18-2,LINE,3BB00,161.752232,21.6,161.752232,23,,,,,
A18-2,LINE,3BAFF,161.752232,35,161.752232,36.4,,,,,
A18-2,LINE,3BAFE,162.352232,37,163.988816,37,,,,,
A18-2,LINE,3BAFD,164.588816,36.399367,164.587339,35,,,,,
A18-2,LINE,3BAFC,164.587339,23,164.588816,21.600633,,,,,
A18-2,LINE,3BAFB,147.498688,23,161.752232,23,,,,,
A18-2,LINE,3BAFA,161.752232,35,147.498688,35,,,,,
A18-2,LINE,3BAF9,144.473947,35,144.503359,36.412491,,,,,
A18-2,LINE,3BAF8,145.103229,37,145.865592,37,,,,,
A18-2,LINE,3BAF7,147.510478,36.394929,147.498688,35,,,,,
A18-2,LINE,3BAF6,147.498688,23,147.510478,21.605071,,,,,
A18-2,LINE,3BAF5,146.910499,21,146.165592,21,,,,,
A18-2,LINE,3BAF4,144.503359,21.587509,144.473947,23,,,,,
A18-2,LINE,3BAF3,134.595796,23,144.473947,23,,,,,
A18-2,LINE,3BAF2,144.473947,35,134.595796,35,,,,,
A18-2,LINE,3BAF1,131.573708,21.6,131.573708,23,,,,,
A18-2,LINE,3BAF0,131.573708,35,131.573708,36.4,,,,,
A18-2,LINE,3BAEF,132.173708,37,133.980238,37,,,,,
A18-2,LINE,3BAEE,134.580201,36.406652,134.595796,35,,,,,
A18-2,LINE,3BAED,134.595796,23,134.580201,21.593348,,,,,
A18-2,LINE,3BAEC,133.980238,21,132.173708,21,,,,,
A18-2,LINE,3BAEB,131.573708,23,131.329277,23,,,,,
A18-2,LINE,3BAEA,126.948497,23,131.329277,23,,,,,
A18-2,LINE,3BAE9,131.573708,35,120.464317,35,,,,,
A18-2,LINE,3BAE8,120.464317,23,126.948497,23,,,,,
A18-2,LINE,3BAE7,117.601001,36.402509,117.595136,35,,,,,
A18-2,LINE,3BAE6,117.595136,23,117.601001,21.597491,,,,,
A18-2,LINE,3BAE5,118.200996,21,119.864317,21,,,,,
A18-2,LINE,3BAE4,120.464317,21.6,120.464317,23,,,,,
A18-2,LINE,3BAE3,120.464317,35,120.464317,36.4,,,,,
A18-2,LINE,3BAE2,119.864317,37,118.200996,37,,,,,
A18-2,LINE,3BAE1,97.583239,23,117.595136,23,,,,,
A18-2,LINE,3BAE0,117.595136,35,97.583239,35,,,,,
A18-2,LINE,3BADF,94.656218,35,94.62651,36.387153,,,,,
A18-2,LINE,3BADE,95.226372,37,95.963384,37,,,,,
A18-2,LINE,3BADD,97.604204,36.390958,97.583239,35,,,,,
A18-2,LINE,3BADC,97.583239,23,97.604204,21.609042,,,,,
A18-2,LINE,3BADB,97.004272,21,96.263384,21,,,,,
A18-2,LINE,3BADA,94.62651,21.612847,94.656218,23,,,,,
A18-2,LINE,3BAD9,94.656218,35,72.783692,35,,,,,
A18-2,LINE,3BAD8,72.783692,23,94.656218,23,,,,,
A18-2,LINE,3BAD7,70.60829,37,71.245991,37,,,,,
A18-2,LINE,3BAD6,72.783692,36.4,72.783692,35,,,,,
A18-2,LINE,3BAD5,72.783692,23,72.783692,21.6,,,,,
A18-2,LINE,3BAD4,72.183692,21,71.545991,21,,,,,
A18-2,LINE,3BAD3,70.00829,21.6,70.00829,23,,,,,
A18-2,LINE,3BAD2,70.00829,35,70.00829,36.4,,,,,
A18-2,LINE,3BAD1,45.721881,19.6,45.721881,28.85,,,,,
A18-2,LINE,3BAD0,46.321881,39,47.123019,39,,,,,
A18-2,LINE,3BACF,47.723017,38.401138,47.72947,35,,,,,
A18-2,LINE,3BACE,47.72947,23,47.723017,19.598862,,,,,
A18-2,LINE,3BACD,47.123019,19,46.321881,19,,,,,
A18-2,LINE,3BACC,47.72947,23,70.00829,23,,,,,
A18-2,LINE,3BACB,70.00829,35,47.72947,35,,,,,
A18-1,ARC,3BACA,205.861591,21,205.261591,20.4,205.861591,20.4,0.6,90,90
A18-1,ARC,3BAC9,208.13,20.4,207.53,21,207.53,20.4,0.6,360,90
A18-1,ARC,3BAC8,207.53,1,208.13,1.6,207.53,1.6,0.6,270,90
A18-1,ARC,3BAC7,205.261591,1.6,205.861591,1,205.861591,1.6,0.6,180,90
A18-1,ARC,3BAC6,179.64224,18.4,179.04224,19,179.04224,18.4,0.6,360,90
A18-1,ARC,3BAC5,177.340058,19,176.740079,18.394974,177.340058,18.4,0.6,90,90.479912
A18-1,ARC,3BAC4,176.740079,3.605026,177.340058,3,177.340058,3.6,0.6,179.520088,90.479912
A18-1,ARC,3BAC3,179.04224,3,179.64224,3.6,179.04224,3.6,0.6,270,90
A18-1,ARC,3BAC2,154.883823,3.6,155.483823,3,155.483823,3.6,0.6,180,90
A18-1,ARC,3BAC1,157.120408,3,157.720407,3.600633,157.120408,3.6,0.6,270,90.06049
A18-1,ARC,3BAC0,157.720407,18.399367,157.120408,19,157.120408,18.4,0.6,359.93951,90.06049
A18-1,ARC,3BABF,155.483823,19,154.883823,18.4,155.483823,18.4,0.6,90,90
A18-1,ARC,3BABE,138.23482,19,137.63495,18.412491,138.23482,18.4,0.6,90,88.807135
A18-1,ARC,3BABD,140.642069,18.394929,140.042091,19,140.042091,18.4,0.6,359.515747,90.484253
A18-1,ARC,3BABC,140.042091,3,140.642069,3.605071,140.042091,3.6,0.6,270,90.484253
A18-1,ARC,3BABB,137.63495,3.587509,138.23482,3,138.23482,3.6,0.6,181.192865,88.807135
A18-1,ARC,3BABA,124.7053,3.6,125.3053,3,125.3053,3.6,0.6,180,90
A18-1,ARC,3BAB9,127.111829,3,127.711792,3.593348,127.111829,3.6,0.6,270,89.364802
A18-1,ARC,3BAB8,127.711792,18.406652,127.111829,19,127.111829,18.4,0.6,0.635198,89.364802
A18-1,ARC,3BAB7,125.3053,19,124.7053,18.4,125.3053,18.4,0.6,90,90
A18-1,ARC,3BAB6,111.332587,19,110.732593,18.402509,111.332587,18.4,0.6,90,89.760375
A18-1,ARC,3BAB5,113.595908,18.4,112.995908,19,112.995908,18.4,0.6,360,90
A18-1,ARC,3BAB4,110.732593,3.597491,111.332587,3,111.332587,3.6,0.6,180.239625,89.760375
A18-1,ARC,3BAB3,112.995908,3,113.595908,3.6,112.995908,3.6,0.6,270,90
A18-1,ARC,3BAB2,87.758101,3.612847,88.357963,3,88.357963,3.6,0.6,178.773083,91.226917
A18-1,ARC,3BAB1,90.135864,3,90.735796,3.609042,90.135864,3.6,0.6,270,90.863518
A18-1,ARC,3BAB0,90.735796,18.390958,90.135864,19,90.135864,18.4,0.6,359.136482,90.863518
A18-1,ARC,3BAAF,88.357963,19,87.758101,18.387153,88.357963,18.4,0.6,90,91.226917
A18-1,ARC,3BAAE,63.739881,19,63.139881,18.4,63.739881,18.4,0.6,90,90
A18-1,ARC,3BAAD,65.915283,18.4,65.315283,19,65.315283,18.4,0.6,360,90
A18-1,ARC,3BAAC,65.315283,3,65.915283,3.6,65.315283,3.6,0.6,270,90
A18-1,ARC,3BAAB,63.139881,3.6,63.739881,3,63.739881,3.6,0.6,180,90
A18-1,ARC,3BAAA,40.25461,1,40.854609,1.598862,40.25461,1.6,0.6,270,89.891302
A18-1,ARC,3BAA9,38.853473,1.6,39.453473,1,39.453473,1.6,0.6,180,90
A18-1,ARC,3BAA8,39.453473,21,38.853473,20.4,39.453473,20.4,0.6,90,90
A18-1,ARC,3BAA7,40.854609,20.401138,40.25461,21,40.25461,20.4,0.6,0.108698,89.891302
A18-1,LINE,3BAA6,64.677582,19,65.315283,19,,,,,
A18-1,LINE,3BAA5,64.377582,3,63.739881,3,,,,,
A18-1,LINE,3BAA4,178.038626,19,177.340058,19,,,,,
A18-1,LINE,3BAA3,178.338626,3,179.04224,3,,,,,
A18-1,LINE,3BAA2,139.297184,19,140.042091,19,,,,,
A18-1,LINE,3BAA1,138.997184,3,138.23482,3,,,,,
A18-1,LINE,3BAA0,89.394975,19,90.135864,19,,,,,
A18-1,LINE,3BA9F,89.094975,3,88.357963,3,,,,,
A18-1,LINE,3B9F7,38.853473,11.15,38.853473,20.4,,,,,
A18-1,LINE,3B9F6,208.13,10.85,208.13,1.6,,,,,
A18-1,LINE,3B9F5,207.53,1,205.861591,1,,,,,
A18-1,LINE,3B9F4,205.261591,1.6,205.261591,5,,,,,
A18-1,LINE,3B9F3,205.261591,17,205.261591,20.4,,,,,
A18-1,LINE,3B9F2,205.861591,21,207.53,21,,,,,
A18-1,LINE,3B9F1,208.13,20.4,208.13,11.15,,,,,
A18-1,LINE,3B9F0,179.64224,5,205.261591,5,,,,,
A18-1,LINE,3B9EF,205.261591,17,179.64224,17,,,,,
A18-1,LINE,3B9EE,176.740079,18.394974,176.751764,17,,,,,
A18-1,LINE,3B9ED,176.751764,5,176.740079,3.605026,,,,,
A18-1,LINE,3B9EC,177.340058,3,178.038626,3,,,,,
A18-1,LINE,3B9EB,179.64224,3.6,179.64224,5,,,,,
A18-1,LINE,3B9EA,179.64224,17,179.64224,18.4,,,,,
A18-1,LINE,3B9E9,179.04224,19,178.338626,19,,,,,
A18-1,LINE,3B9E8,157.71893,5,176.751764,5,,,,,
A18-1,LINE,3B9E7,176.751764,17,157.71893,17,,,,,
A18-1,LINE,3B9E6,157.120408,3,155.483823,3,,,,,
A18-1,LINE,3B9E5,154.883823,3.6,154.883823,5,,,,,
A18-1,LINE,3B9E4,154.883823,17,154.883823,18.4,,,,,
A18-1,LINE,3B9E3,155.483823,19,157.120408,19,,,,,
A18-1,LINE,3B9E2,157.720407,18.399367,157.71893,17,,,,,
A18-1,LINE,3B9E1,157.71893,5,157.720407,3.600633,,,,,
A18-1,LINE,3B9E0,140.630279,5,154.883823,5,,,,,
A18-1,LINE,3B9DF,154.883823,17,140.630279,17,,,,,
A18-1,LINE,3B9DE,137.605539,17,137.63495,18.412491,,,,,
A18-1,LINE,3B9DD,138.23482,19,138.997184,19,,,,,
A18-1,LINE,3B9DC,140.642069,18.394929,140.630279,17,,,,,
A18-1,LINE,3B9DB,140.630279,5,140.642069,3.605071,,,,,
A18-1,LINE,3B9DA,140.042091,3,139.297184,3,,,,,
A18-1,LINE,3B9D9,137.63495,3.587509,137.605539,5,,,,,
A18-1,LINE,3B9D8,127.727388,5,137.605539,5,,,,,
A18-1,LINE,3B9D7,137.605539,17,127.727388,17,,,,,
A18-1,LINE,3B9D6,124.7053,3.6,124.7053,5,,,,,
A18-1,LINE,3B9D5,124.7053,17,124.7053,18.4,,,,,
A18-1,LINE,3B9D4,125.3053,19,127.111829,19,,,,,
A18-1,LINE,3B9D3,127.711792,18.406652,127.727388,17,,,,,
A18-1,LINE,3B9D2,127.727388,5,127.711792,3.593348,,,,,
A18-1,LINE,3B9D1,127.111829,3,125.3053,3,,,,,
A18-1,LINE,3B9D0,124.7053,5,124.460868,5,,,,,
A18-1,LINE,3B9CF,120.080088,5,124.460868,5,,,,,
A18-1,LINE,3B9CE,124.7053,17,113.595908,17,,,,,
A18-1,LINE,3B9CD,113.595908,5,120.080088,5,,,,,
A18-1,LINE,3B9CC,110.732593,18.402509,110.726727,17,,,,,
A18-1,LINE,3B9CB,110.726727,5,110.732593,3.597491,,,,,
A18-1,LINE,3B9CA,111.332587,3,112.995908,3,,,,,
A18-1,LINE,3B9C9,113.595908,3.6,113.595908,5,,,,,
A18-1,LINE,3B9C8,113.595908,17,113.595908,18.4,,,,,
A18-1,LINE,3B9C7,112.995908,19,111.332587,19,,,,,
A18-1,LINE,3B9C6,90.714831,5,110.726727,5,,,,,
A18-1,LINE,3B9C5,110.726727,17,90.714831,17,,,,,
A18-1,LINE,3B9C4,87.78781,17,87.758101,18.387153,,,,,
A18-1,LINE,3B9C3,88.357963,19,89.094975,19,,,,,
A18-1,LINE,3B9C2,90.735796,18.390958,90.714831,17,,,,,
A18-1,LINE,3B9C1,90.714831,5,90.735796,3.609042,,,,,
A18-1,LINE,3B9C0,90.135864,3,89.394975,3,,,,,
A18-1,LINE,3B9BF,87.758101,3.612847,87.78781,5,,,,,
A18-1,LINE,3B9BE,87.78781,17,65.915283,17,,,,,
A18-1,LINE,3B9BD,65.915283,5,87.78781,5,,,,,
A18-1,LINE,3B9BC,63.739881,19,64.377582,19,,,,,
A18-1,LINE,3B9BB,65.915283,18.4,65.915283,17,,,,,
A18-1,LINE,3B9BA,65.915283,5,65.915283,3.6,,,,,
A18-1,LINE,3B9B9,65.315283,3,64.677582,3,,,,,
A18-1,LINE,3B9B8,63.139881,3.6,63.139881,5,,,,,
A18-1,LINE,3B9B7,63.139881,17,63.139881,18.4,,,,,
A18-1,LINE,3B9B6,38.853473,1.6,38.853473,10.85,,,,,
A18-1,LINE,3B9B5,39.453473,21,40.25461,21,,,,,
A18-1,LINE,3B9B4,40.854609,20.401138,40.861061,17,,,,,
A18-1,LINE,3B9B3,40.861061,5,40.854609,1.598862,,,,,
A18-1,LINE,3B9B2,40.25461,1,39.453473,1,,,,,
A18-1,LINE,3B9B1,40.861061,5,63.139881,5,,,,,
A18-1,LINE,3B9B0,63.139881,17,40.861061,17,,,,,
